id,beh,beh_name,switches_beh,beh_seq,macro,sub
1,4,Общепит и услуги,1,444444444444443333333333,0,4
2,0,Базовая корзина малых городов,6,344000000000000333103333,0,1
3,0,Базовая корзина малых городов,0,000000000000000000000000,3,1
4,3,Транспортная корзина,1,133333333333333333333333,3,0
5,3,Транспортная корзина,2,111111113333333333333311,3,0
6,3,Транспортная корзина,3,000333300000333333333333,3,1
7,4,Общепит и услуги,0,444444444444444444444444,2,5
8,3,Транспортная корзина,2,333444444444443333333333,2,5
9,3,Транспортная корзина,4,333333333333333331133313,3,0
10,4,Общепит и услуги,2,334444444444444433333333,0,4
11,3,Транспортная корзина,0,333333333333333333333333,3,2
12,3,Транспортная корзина,2,333333344444433333333333,3,2
13,3,Транспортная корзина,0,333333333333333333333333,3,2
14,3,Транспортная корзина,0,333333333333333333333333,3,2
15,3,Транспортная корзина,0,333333333333333333333333,3,2
16,3,Транспортная корзина,0,333333333333333333333333,3,2
17,3,Транспортная корзина,0,333333333333333333333333,3,2
18,3,Транспортная корзина,0,333333333333333333333333,3,2
19,3,Транспортная корзина,10,133133333330100133111110,3,0
20,3,Транспортная корзина,0,333333333333333333333333,3,2
21,4,Общепит и услуги,0,444444444444444444444444,0,4
22,0,Базовая корзина малых городов,2,000003330000000000000000,0,1
23,3,Транспортная корзина,3,000003444444443333333333,0,4
25,4,Общепит и услуги,0,444444444444444444444444,0,4
26,4,Общепит и услуги,1,444444444444444443333333,0,4
27,4,Общепит и услуги,1,444444444444444444333333,0,4
28,4,Общепит и услуги,1,444444444444444443333333,0,4
29,4,Общепит и услуги,0,444444444444444444444444,0,4
30,3,Транспортная корзина,0,333333333333333333333333,3,2
31,3,Транспортная корзина,0,333333333333333333333333,3,1
32,3,Транспортная корзина,3,333333333333301000000000,3,0
33,3,Транспортная корзина,1,333333333333333333333111,3,0
34,3,Транспортная корзина,1,333333333333333111111111,3,0
35,3,Транспортная корзина,4,333333334434443333333333,3,2
36,3,Транспортная корзина,1,333333333333333311111111,3,0
37,3,Транспортная корзина,2,333333333333333333311333,3,0
38,3,Транспортная корзина,3,400000444444443333333333,0,4
39,3,Транспортная корзина,3,333333333333333330300000,3,0
40,3,Транспортная корзина,0,333333333333333333333333,0,1
41,3,Транспортная корзина,2,333333333333333333311333,3,0
42,3,Транспортная корзина,2,333333344444443333333333,0,1
43,3,Транспортная корзина,2,333333333333333333000003,3,0
44,0,Базовая корзина малых городов,4,400000000004440033333333,0,4
45,3,Транспортная корзина,0,333333333333333333333333,3,0
46,3,Транспортная корзина,0,333333333333333333333333,3,1
47,3,Транспортная корзина,0,333333333333333333333333,3,2
48,3,Транспортная корзина,1,333333333333333331111111,3,0
49,3,Транспортная корзина,4,330333000000033333333333,0,1
50,3,Транспортная корзина,0,333333333333333333333333,3,2
51,3,Транспортная корзина,0,333333333333333333333333,0,1
52,3,Транспортная корзина,8,333333113333330030100011,3,0
53,3,Транспортная корзина,0,333333333333333333333333,3,2
54,3,Транспортная корзина,0,333333333333333333333333,3,0
55,3,Транспортная корзина,0,333333333333333333333333,3,1
56,3,Транспортная корзина,0,333333333333333333333333,3,1
57,4,Общепит и услуги,1,444444444444444443333333,0,4
58,0,Базовая корзина малых городов,1,333333333333000000000000,3,1
59,3,Транспортная корзина,0,333333333333333333333333,3,0
60,3,Транспортная корзина,0,333333333333333333333333,3,1
61,3,Транспортная корзина,0,333333333333333333333333,3,0
62,3,Транспортная корзина,2,333333333333333333333303,1,3
63,3,Транспортная корзина,1,333333333333331111111111,3,0
65,3,Транспортная корзина,3,333333333333000033000000,3,0
66,4,Общепит и услуги,2,333344444444444443333333,0,4
67,3,Транспортная корзина,0,333333333333333333333333,3,2
68,3,Транспортная корзина,4,333333333333333333331301,3,0
69,3,Транспортная корзина,1,333333333333333333333111,3,0
70,0,Базовая корзина малых городов,1,333330000000000000000000,3,0
71,3,Транспортная корзина,0,333333333333333333333333,3,0
72,3,Транспортная корзина,3,333333313333331111111111,3,0
73,4,Общепит и услуги,0,444444444444444444444444,0,1
74,3,Транспортная корзина,0,333333333333333333333333,3,1
75,3,Транспортная корзина,2,333333344444444333333333,0,1
76,4,Общепит и услуги,2,444444444444444444344444,2,5
77,3,Транспортная корзина,2,333333344444444433333333,0,3
78,3,Транспортная корзина,6,333333333333311011113100,3,0
79,3,Транспортная корзина,0,333333333333333333333333,1,3
80,3,Транспортная корзина,1,333333333333333333111111,3,0
81,3,Транспортная корзина,2,333333333344333333333333,0,1
82,3,Транспортная корзина,2,333333333333333333333011,3,0
83,3,Транспортная корзина,0,333333333333333333333333,0,1
167,4,Общепит и услуги,2,444444444444443334444444,0,4
168,3,Транспортная корзина,2,333333344444333333333333,3,0
169,0,Базовая корзина малых городов,2,000000000000003333333330,0,4
173,1,Продукты и маркетплейсы,0,111111111111111111111111,3,0
181,1,Продукты и маркетплейсы,0,111111111111111111111111,3,0
184,1,Продукты и маркетплейсы,1,111111111111111110000000,3,0
185,1,Продукты и маркетплейсы,6,331313333111111111111110,3,0
188,1,Продукты и маркетплейсы,0,111111111111111111111111,3,0
191,3,Транспортная корзина,7,333333311111333313131111,3,0
194,4,Общепит и услуги,1,444444444444443333333333,0,4
195,0,Базовая корзина малых городов,2,300000000000003333333333,0,1
196,3,Транспортная корзина,2,333334444444433333333333,3,1
198,1,Продукты и маркетплейсы,2,111111111111133331111111,3,0
201,3,Транспортная корзина,2,333333344444433333333333,3,0
203,0,Базовая корзина малых городов,4,000000000000000001100010,3,1
204,0,Базовая корзина малых городов,6,111100100000003333300033,0,1
205,3,Транспортная корзина,2,333333334433333333333333,3,0
206,4,Общепит и услуги,0,444444444444444444444444,0,4
207,4,Общепит и услуги,1,444444444444444444333333,0,4
208,0,Базовая корзина малых городов,0,000000000000000000000000,1,1
209,3,Транспортная корзина,1,113333333333333333333333,3,2
210,0,Базовая корзина малых городов,0,000000000000000000000000,0,1
211,0,Базовая корзина малых городов,2,000000000000000000033000,0,1
212,0,Базовая корзина малых городов,2,000000000000000003333330,3,1
213,0,Базовая корзина малых городов,0,000000000000000000000000,3,1
214,0,Базовая корзина малых городов,0,000000000000000000000000,3,1
215,0,Базовая корзина малых городов,3,111000000000000000333000,3,0
216,0,Базовая корзина малых городов,0,000000000000000000000000,3,1
217,0,Базовая корзина малых городов,2,000000000000000000333000,3,1
218,4,Общепит и услуги,1,444444444444444443333333,1,1
219,0,Базовая корзина малых городов,0,000000000000000000000000,3,1
220,0,Базовая корзина малых городов,4,000000333333000000333000,3,1
221,0,Базовая корзина малых городов,3,000000000000000002333000,0,1
222,0,Базовая корзина малых городов,2,000000000000000002333333,0,1
223,0,Базовая корзина малых городов,0,000000000000000000000000,3,1
224,4,Общепит и услуги,1,444444444444444444444333,0,4
225,2,Дорогая корзина без онлайна,2,400000222222222222222222,1,3
226,0,Базовая корзина малых городов,5,000200000020000000000022,1,3
227,0,Базовая корзина малых городов,1,000000000000000002222222,1,3
228,0,Базовая корзина малых городов,4,440000444000000002222222,1,3
229,4,Общепит и услуги,3,444044444444444442222222,0,4
230,0,Базовая корзина малых городов,3,333300003333333300000000,3,2
231,0,Базовая корзина малых городов,0,000000000000000000000000,0,1
232,3,Транспортная корзина,3,333333333333331100000001,3,0
233,0,Базовая корзина малых городов,2,000010000000000000000000,3,0
234,0,Базовая корзина малых городов,1,000000000000000002222222,1,3
235,0,Базовая корзина малых городов,3,333333300000000000033000,3,0
236,0,Базовая корзина малых городов,1,000000000000000000222222,0,1
237,0,Базовая корзина малых городов,1,000000000000333333333333,3,1
238,3,Транспортная корзина,3,333333333333311111000001,3,0
239,0,Базовая корзина малых городов,0,000000000000000000000000,3,1
240,0,Базовая корзина малых городов,0,000000000000000000000000,3,1
241,0,Базовая корзина малых городов,0,000000000000000000000000,0,1
242,3,Транспортная корзина,1,333333333333333300000000,3,0
243,3,Транспортная корзина,6,333333333333333320330023,3,2
269,4,Общепит и услуги,1,444444444444444443333333,0,4
270,0,Базовая корзина малых городов,0,000000000000000000000000,0,4
271,0,Базовая корзина малых городов,0,000000000000000000000000,0,4
272,3,Транспортная корзина,0,333333333333333333333333,3,1
273,3,Транспортная корзина,1,333333333333333333333111,3,0
274,0,Базовая корзина малых городов,6,000033000000300033333300,0,1
275,3,Транспортная корзина,3,111333333333333333100000,3,0
276,0,Базовая корзина малых городов,4,000033033333000000000000,3,1
277,3,Транспортная корзина,1,333333333333330000000000,3,0
278,4,Общепит и услуги,1,444444444444444443333333,0,1
279,0,Базовая корзина малых городов,1,333333333300000000000000,3,1
280,0,Базовая корзина малых городов,2,000000003333300000000000,3,0
281,0,Базовая корзина малых городов,5,333333300033000300000000,3,0
282,3,Транспортная корзина,3,333333333333130000000000,3,0
283,3,Транспортная корзина,3,333333300000003333333330,3,1
284,0,Базовая корзина малых городов,2,000000000000000000033300,3,1
285,1,Продукты и маркетплейсы,0,111111111111111111111111,3,0
287,1,Продукты и маркетплейсы,0,111111111111111111111111,3,0
288,1,Продукты и маркетплейсы,0,111111111111111111111111,3,0
289,1,Продукты и маркетплейсы,0,111111111111111111111111,3,0
290,1,Продукты и маркетплейсы,0,111111111111111111111111,3,0
292,1,Продукты и маркетплейсы,0,111111111111111111111111,3,0
293,1,Продукты и маркетплейсы,0,111111111111111111111111,3,0
294,1,Продукты и маркетплейсы,0,111111111111111111111111,3,1
295,1,Продукты и маркетплейсы,0,111111111111111111111111,3,0
296,1,Продукты и маркетплейсы,0,111111111111111111111111,3,0
297,1,Продукты и маркетплейсы,0,111111111111111111111111,3,0
298,1,Продукты и маркетплейсы,3,000000001111111131111111,3,1
300,1,Продукты и маркетплейсы,0,111111111111111111111111,3,0
301,3,Транспортная корзина,0,333333333333333333333333,3,0
302,1,Продукты и маркетплейсы,2,111111111111111111100111,3,0
303,0,Базовая корзина малых городов,0,000000000000000000000000,0,1
304,1,Продукты и маркетплейсы,0,111111111111111111111111,3,0
305,1,Продукты и маркетплейсы,0,111111111111111111111111,3,0
306,1,Продукты и маркетплейсы,0,111111111111111111111111,3,0
307,1,Продукты и маркетплейсы,0,111111111111111111111111,3,0
308,0,Базовая корзина малых городов,0,000000000000000000000000,3,1
309,2,Дорогая корзина без онлайна,2,442222222222222222222244,1,4
312,2,Дорогая корзина без онлайна,2,222222222222244442222222,1,3
314,2,Дорогая корзина без онлайна,0,222222222222222222222222,1,2
316,2,Дорогая корзина без онлайна,0,222222222222222222222222,1,3
317,2,Дорогая корзина без онлайна,0,222222222222222222222222,1,2
318,2,Дорогая корзина без онлайна,0,222222222222222222222222,1,2
319,2,Дорогая корзина без онлайна,0,222222222222222222222222,1,2
320,2,Дорогая корзина без онлайна,0,222222222222222222222222,1,2
321,2,Дорогая корзина без онлайна,5,332222322232222222222222,1,2
323,2,Дорогая корзина без онлайна,0,222222222222222222222222,1,2
324,2,Дорогая корзина без онлайна,0,222222222222222222222222,1,2
325,2,Дорогая корзина без онлайна,0,222222222222222222222222,1,3
326,2,Дорогая корзина без онлайна,0,222222222222222222222222,1,2
327,2,Дорогая корзина без онлайна,5,004000222224444222222222,1,3
329,2,Дорогая корзина без онлайна,0,222222222222222222222222,1,2
330,2,Дорогая корзина без онлайна,0,222222222222222222222222,1,3
331,2,Дорогая корзина без онлайна,0,222222222222222222222222,1,2
332,2,Дорогая корзина без онлайна,0,222222222222222222222222,1,3
333,4,Общепит и услуги,4,004000444444444222222222,1,3
334,2,Дорогая корзина без онлайна,0,222222222222222222222222,1,3
335,2,Дорогая корзина без онлайна,0,222222222222222222222222,1,2
336,2,Дорогая корзина без онлайна,0,222222222222222222222222,1,2
337,2,Дорогая корзина без онлайна,0,222222222222222222222222,1,2
338,2,Дорогая корзина без онлайна,0,222222222222222222222222,1,2
339,2,Дорогая корзина без онлайна,0,222222222222222222222222,1,2
340,2,Дорогая корзина без онлайна,0,222222222222222222222222,1,3
341,2,Дорогая корзина без онлайна,0,222222222222222222222222,1,3
342,2,Дорогая корзина без онлайна,0,222222222222222222222222,1,2
343,2,Дорогая корзина без онлайна,0,222222222222222222222222,1,2
345,4,Общепит и услуги,0,444444444444444444444444,0,4
346,4,Общепит и услуги,0,444444444444444444444444,3,1
347,3,Транспортная корзина,8,311313344444433333333313,3,0
348,1,Продукты и маркетплейсы,7,111011144111333331111333,3,0
349,1,Продукты и маркетплейсы,6,111131111131111311111111,3,0
351,3,Транспортная корзина,3,000333344444333333333333,3,1
352,3,Транспортная корзина,2,333334444444443333333333,3,1
354,4,Общепит и услуги,0,444444444444444444444444,0,4
355,4,Общепит и услуги,0,444444444444444444444444,0,4
356,0,Базовая корзина малых городов,1,333333333300000000000000,0,1
357,3,Транспортная корзина,0,333333333333333333333333,0,1
358,3,Транспортная корзина,2,133333333333333111111111,3,0
359,3,Транспортная корзина,0,333333333333333333333333,3,1
360,0,Базовая корзина малых городов,2,000333300000000000000000,3,1
361,3,Транспортная корзина,1,333333333333333331111111,3,0
362,4,Общепит и услуги,0,444444444444444444444444,2,5
363,3,Транспортная корзина,3,333333331111333331111111,3,0
364,3,Транспортная корзина,0,333333333333333333333333,3,1
365,3,Транспортная корзина,7,333333301333333111110013,3,0
366,3,Транспортная корзина,1,333333333333333333333000,3,1
367,3,Транспортная корзина,2,333333333333333331111133,3,0
368,3,Транспортная корзина,3,400000444444443333333333,0,4
369,3,Транспортная корзина,0,333333333333333333333333,3,1
370,0,Базовая корзина малых городов,4,444000000000000033333033,2,5
371,3,Транспортная корзина,2,333333344444443333333333,0,1
372,1,Продукты и маркетплейсы,5,333331113333311331111111,3,0
373,4,Общепит и услуги,1,444444444444444443333333,0,4
374,3,Транспортная корзина,2,333333300000033333333333,0,1
375,4,Общепит и услуги,1,444444444444444443333333,2,5
376,3,Транспортная корзина,4,333333313333333111111110,3,0
377,1,Продукты и маркетплейсы,2,111111111111111111011111,3,0
378,3,Транспортная корзина,0,333333333333333333333333,3,1
379,4,Общепит и услуги,1,444444444444444443333333,2,5
380,3,Транспортная корзина,4,300003444444444333333333,0,3
381,3,Транспортная корзина,0,333333333333333333333333,3,1
382,0,Базовая корзина малых городов,0,000000000000000000000000,0,1
383,3,Транспортная корзина,2,333333300000033333333333,3,1
384,3,Транспортная корзина,3,333333331113333333333331,3,0
385,4,Общепит и услуги,1,444444444444444444444333,0,4
386,3,Транспортная корзина,3,333333333333333333313111,3,0
387,3,Транспортная корзина,0,333333333333333333333333,0,1
388,3,Транспортная корзина,2,333444444444443333333333,0,1
390,3,Транспортная корзина,0,333333333333333333333333,3,1
391,3,Транспортная корзина,5,333333311100000331111100,3,1
392,0,Базовая корзина малых городов,3,111100000000000000111000,3,0
393,0,Базовая корзина малых городов,7,311333303333300000001000,3,0
395,3,Транспортная корзина,3,333333331333331111111111,3,0
396,3,Транспортная корзина,2,333333311133333333333333,3,0
397,3,Транспортная корзина,2,333333300003333333333333,0,1
398,0,Базовая корзина малых городов,3,303333333000000000000000,3,1
401,3,Транспортная корзина,2,333333333333333333233333,3,2
402,3,Транспортная корзина,0,333333333333333333333333,3,2
403,3,Транспортная корзина,0,333333333333333333333333,3,2
404,3,Транспортная корзина,1,000000033333333333333333,3,2
405,4,Общепит и услуги,8,333344344444433344344443,3,2
408,3,Транспортная корзина,3,333300000133333333333333,3,0
410,3,Транспортная корзина,0,333333333333333333333333,3,2
413,3,Транспортная корзина,4,333000330003333333333333,3,2
414,3,Транспортная корзина,2,333333344444333333333333,3,2
416,3,Транспортная корзина,1,033333333333333333333333,3,2
418,4,Общепит и услуги,0,444444444444444444444444,0,4
419,4,Общепит и услуги,3,440444444444444443333333,0,4
420,4,Общепит и услуги,2,000004444444444333333333,0,4
421,3,Транспортная корзина,0,333333333333333333333333,0,4
422,4,Общепит и услуги,2,000044444444444443333333,0,4
423,3,Транспортная корзина,4,333333333033333333333133,3,0
424,0,Базовая корзина малых городов,1,333333333330000000000000,3,1
425,3,Транспортная корзина,2,333333333333333333301111,3,0
428,1,Продукты и маркетплейсы,4,113111111111011111111111,3,0
429,3,Транспортная корзина,4,333333333011133331111111,3,0
430,4,Общепит и услуги,3,333344444444444444444344,0,1
431,3,Транспортная корзина,0,333333333333333333333333,3,1
432,0,Базовая корзина малых городов,0,000000000000000000000000,3,1
433,1,Продукты и маркетплейсы,6,133131111111111111101111,3,0
434,3,Транспортная корзина,4,133333333111333331111111,3,0
435,3,Транспортная корзина,3,333333333333311333333000,3,0
436,3,Транспортная корзина,8,333333303100033333111101,3,0
437,1,Продукты и маркетплейсы,3,111133011111111111111111,3,0
438,3,Транспортная корзина,2,333333333333333331111133,3,0
440,3,Транспортная корзина,2,333333000000003333333333,3,1
441,1,Продукты и маркетплейсы,4,131333333333111111111111,3,0
442,3,Транспортная корзина,1,333333333333311111111111,3,0
443,3,Транспортная корзина,0,333333333333333333333333,3,1
444,3,Транспортная корзина,3,333333333001333333333333,3,0
445,1,Продукты и маркетплейсы,10,133330111010000011300111,3,0
446,3,Транспортная корзина,3,333333333333331111110011,3,0
447,1,Продукты и маркетплейсы,2,111331111111111111111111,3,0
448,4,Общепит и услуги,1,444444444444444443333333,0,4
449,0,Базовая корзина малых городов,9,100110333303300000033000,3,1
450,0,Базовая корзина малых городов,1,000000000000000333333333,0,4
451,0,Базовая корзина малых городов,0,000000000000000000000000,1,3
452,3,Транспортная корзина,4,333300330003333333333333,0,4
453,3,Транспортная корзина,0,333333333333333333333333,1,3
455,3,Транспортная корзина,0,333333333333333333333333,3,2
456,1,Продукты и маркетплейсы,4,113331333333111111111111,3,0
457,1,Продукты и маркетплейсы,4,113111113331111111111111,3,0
458,3,Транспортная корзина,0,333333333333333333333333,3,2
459,3,Транспортная корзина,0,333333333333333333333333,3,2
460,3,Транспортная корзина,1,333333333333333333333331,3,2
478,4,Общепит и услуги,0,444444444444444444444444,0,4
479,1,Продукты и маркетплейсы,0,111111111111111111111111,0,4
480,3,Транспортная корзина,2,333333330333333333333333,0,4
481,4,Общепит и услуги,1,444444444444444443333333,0,4
482,0,Базовая корзина малых городов,0,000000000000000000000000,0,4
484,3,Транспортная корзина,7,333333313333311111011011,3,0
485,3,Транспортная корзина,0,333333333333333333333333,3,0
486,3,Транспортная корзина,0,333333333333333333333333,3,1
487,3,Транспортная корзина,1,333333333333333331111111,3,0
489,0,Базовая корзина малых городов,3,003333111111000000000000,3,1
490,3,Транспортная корзина,1,333333333333333311111111,3,0
491,3,Транспортная корзина,2,333333333333331000000000,3,0
492,3,Транспортная корзина,10,333333111313033333110113,3,0
493,1,Продукты и маркетплейсы,7,101101111111000000111100,3,0
494,0,Базовая корзина малых городов,1,333333333000000000000000,3,1
495,1,Продукты и маркетплейсы,0,111111111111111111111111,3,0
496,1,Продукты и маркетплейсы,5,333331111331131111111111,3,0
497,0,Базовая корзина малых городов,1,333300000000000000000000,3,1
498,3,Транспортная корзина,2,333333330000333333333333,3,1
499,3,Транспортная корзина,1,333333333333333333111111,3,0
501,3,Транспортная корзина,3,333333333333330033000000,3,1
502,1,Продукты и маркетплейсы,7,333331311131131111111111,3,0
503,3,Транспортная корзина,6,333333333333313300310000,3,0
504,4,Общепит и услуги,0,444444444444444444444444,0,4
505,3,Транспортная корзина,4,330003330000033333333333,0,4
506,3,Транспортная корзина,2,000000044444433333333333,0,4
507,3,Транспортная корзина,2,333333344444443333333333,0,4
508,0,Базовая корзина малых городов,1,000000000000000033333333,0,4
509,3,Транспортная корзина,4,330333444444444333333333,0,4
510,3,Транспортная корзина,4,300333344444433333333333,0,4
511,3,Транспортная корзина,2,300000000000333333333333,3,1
512,0,Базовая корзина малых городов,1,110000000000000000000000,0,1
515,3,Транспортная корзина,0,333333333333333333333333,3,2
516,1,Продукты и маркетплейсы,0,111111111111111111111111,3,0
517,3,Транспортная корзина,0,333333333333333333333333,3,0
518,0,Базовая корзина малых городов,2,000000000000000330000000,3,1
519,1,Продукты и маркетплейсы,6,111313333333311110001111,3,0
520,1,Продукты и маркетплейсы,0,111111111111111111111111,3,0
521,1,Продукты и маркетплейсы,5,111111130111111111100111,3,0
522,0,Базовая корзина малых городов,8,111113030330110000000000,3,0
523,1,Продукты и маркетплейсы,5,111111111101100333333331,3,0
524,3,Транспортная корзина,3,333333333333311111100111,3,0
525,1,Продукты и маркетплейсы,4,111111133111111111000011,3,0
527,0,Базовая корзина малых городов,4,000000000000000003003000,3,1
528,0,Базовая корзина малых городов,3,333133300000000000000000,3,0
529,3,Транспортная корзина,1,133333333333333333333333,3,1
530,0,Базовая корзина малых городов,5,113330000000003333300111,3,0
531,0,Базовая корзина малых городов,3,333330033330000000000000,3,0
532,1,Продукты и маркетплейсы,6,111111333303110111111111,3,0
533,1,Продукты и маркетплейсы,0,111111111111111111111111,3,0
534,1,Продукты и маркетплейсы,4,111111333333311111000011,3,0
535,3,Транспортная корзина,0,333333333333333333333333,3,1
536,1,Продукты и маркетплейсы,2,111133333331111111111111,3,0
537,3,Транспортная корзина,4,333133333333311110000000,3,0
538,0,Базовая корзина малых городов,3,111110000000011110000000,3,0
539,1,Продукты и маркетплейсы,2,111333333333311111111111,3,0
540,1,Продукты и маркетплейсы,2,111333333333311111111111,3,0
541,1,Продукты и маркетплейсы,0,111111111111111111111111,3,0
542,0,Базовая корзина малых городов,3,133333111110000000000000,3,0
543,0,Базовая корзина малых городов,1,333333000000000000000000,3,1
544,1,Продукты и маркетплейсы,2,111113333333111111111111,3,0
545,3,Транспортная корзина,3,333333330000333330000000,3,1
546,1,Продукты и маркетплейсы,3,111111133333111111111100,3,0
547,1,Продукты и маркетплейсы,0,111111111111111111111111,3,0
548,1,Продукты и маркетплейсы,2,111111111111111100000011,3,0
549,1,Продукты и маркетплейсы,0,111111111111111111111111,3,0
550,1,Продукты и маркетплейсы,3,331133333333111111111111,3,0
552,1,Продукты и маркетплейсы,3,111111333333111111000000,3,0
553,1,Продукты и маркетплейсы,0,111111111111111111111111,3,0
554,3,Транспортная корзина,1,111133333333333333333333,3,0
555,1,Продукты и маркетплейсы,2,111111133331111111111111,3,0
556,1,Продукты и маркетплейсы,4,111131333331111111111111,3,0
557,1,Продукты и маркетплейсы,0,111111111111111111111111,3,0
558,1,Продукты и маркетплейсы,3,331111333333111111111111,3,0
559,0,Базовая корзина малых городов,1,333330000000000000000000,3,1
560,1,Продукты и маркетплейсы,3,331113333111111111111111,3,0
561,3,Транспортная корзина,4,111333333330000000333000,3,1
562,1,Продукты и маркетплейсы,0,111111111111111111111111,3,0
563,1,Продукты и маркетплейсы,0,111111111111111111111111,3,0
564,1,Продукты и маркетплейсы,2,111113333333311111111111,3,0
565,1,Продукты и маркетплейсы,4,111111110011111110000111,3,0
566,1,Продукты и маркетплейсы,0,111111111111111111111111,3,0
567,1,Продукты и маркетплейсы,1,311111111111111111111111,3,0
568,3,Транспортная корзина,3,333333333333333333003331,3,0
569,1,Продукты и маркетплейсы,0,111111111111111111111111,3,0
570,1,Продукты и маркетплейсы,0,111111111111111111111111,3,0
571,1,Продукты и маркетплейсы,4,111111133333111133111111,3,0
572,1,Продукты и маркетплейсы,3,111111101111111110000000,3,0
574,3,Транспортная корзина,4,111330000033333333333300,0,1
578,3,Транспортная корзина,2,004444444444433333333333,1,3
579,3,Транспортная корзина,0,333333333333333333333333,1,2
580,2,Дорогая корзина без онлайна,3,322222222222222444444443,1,3
581,3,Транспортная корзина,2,344444444444333333333333,1,2
582,2,Дорогая корзина без онлайна,0,222222222222222222222222,1,3
583,3,Транспортная корзина,2,333333333333333311111113,1,2
584,3,Транспортная корзина,4,333333000000333300000333,1,1
585,0,Базовая корзина малых городов,1,000000000000000000222222,0,4
586,3,Транспортная корзина,0,333333333333333333333333,3,2
587,2,Дорогая корзина без онлайна,5,333222223333332223222222,3,2
588,2,Дорогая корзина без онлайна,2,222222222222222022222222,1,3
589,3,Транспортная корзина,0,333333333333333333333333,1,2
591,3,Транспортная корзина,1,333333333333333333333000,3,2
592,3,Транспортная корзина,0,333333333333333333333333,3,2
593,3,Транспортная корзина,0,333333333333333333333333,3,2
594,3,Транспортная корзина,0,333333333333333333333333,3,2
595,3,Транспортная корзина,4,113333333333333111133311,3,2
598,3,Транспортная корзина,1,333333333333333333333311,3,2
599,3,Транспортная корзина,2,333333300000333333333333,0,1
600,3,Транспортная корзина,1,222233333333333333333333,1,2
601,3,Транспортная корзина,0,333333333333333333333333,3,2
602,3,Транспортная корзина,1,333333333333333111111111,3,2
603,3,Транспортная корзина,1,003333333333333333333333,3,2
604,3,Транспортная корзина,0,333333333333333333333333,0,2
605,3,Транспортная корзина,0,333333333333333333333333,3,2
606,3,Транспортная корзина,0,333333333333333333333333,3,2
607,3,Транспортная корзина,0,333333333333333333333333,3,2
608,4,Общепит и услуги,2,444444444444222244444444,1,4
612,4,Общепит и услуги,2,444444444444422244444444,1,2
613,2,Дорогая корзина без онлайна,0,222222222222222222222222,1,2
614,2,Дорогая корзина без онлайна,0,222222222222222222222222,1,3
615,2,Дорогая корзина без онлайна,0,222222222222222222222222,1,2
616,2,Дорогая корзина без онлайна,0,222222222222222222222222,1,2
618,2,Дорогая корзина без онлайна,0,222222222222222222222222,1,3
619,2,Дорогая корзина без онлайна,0,222222222222222222222222,1,3
621,2,Дорогая корзина без онлайна,0,222222222222222222222222,1,3
666,4,Общепит и услуги,0,444444444444444444444444,0,4
667,3,Транспортная корзина,2,000000044444444333333333,0,4
668,0,Базовая корзина малых городов,0,000000000000000000000000,0,1
669,0,Базовая корзина малых городов,0,000000000000000000000000,0,1
670,0,Базовая корзина малых городов,1,000000000000000000333333,0,4
671,0,Базовая корзина малых городов,2,000000000000000000333330,0,1
674,0,Базовая корзина малых городов,2,000000000044444333333333,0,4
675,0,Базовая корзина малых городов,1,000000000000000003333333,0,4
676,3,Транспортная корзина,4,300334444444444333333333,0,4
677,0,Базовая корзина малых городов,1,000000000000000033333333,0,4
678,2,Дорогая корзина без онлайна,1,442222222222222222222222,1,3
679,4,Общепит и услуги,2,000000044444444443333333,0,4
680,0,Базовая корзина малых городов,1,000000000000000003333333,0,4
683,1,Продукты и маркетплейсы,0,111111111111111111111111,3,0
685,3,Транспортная корзина,5,113311300000333333333333,3,1
686,3,Транспортная корзина,2,333333344444443333333333,0,1
687,1,Продукты и маркетплейсы,2,111111111111111110011111,3,0
689,0,Базовая корзина малых городов,0,000000000000000000000000,1,1
690,0,Базовая корзина малых городов,5,133111333333111100000000,3,0
691,1,Продукты и маркетплейсы,9,111111111311110100001010,3,0
692,1,Продукты и маркетплейсы,4,111131133333111111111111,3,0
693,4,Общепит и услуги,2,334444444444444443333333,0,5
694,0,Базовая корзина малых городов,0,000000000000000000000000,3,1
695,3,Транспортная корзина,5,111111333333311330000333,3,0
696,1,Продукты и маркетплейсы,2,111111333333311111111111,3,0
697,0,Базовая корзина малых городов,0,000000000000000000000000,0,1
698,1,Продукты и маркетплейсы,2,111111333333111111111111,3,0
699,1,Продукты и маркетплейсы,0,111111111111111111111111,3,0
701,1,Продукты и маркетплейсы,2,111111113333111111111111,3,0
702,0,Базовая корзина малых городов,2,000000000000000000222200,1,1
703,1,Продукты и маркетплейсы,4,111111113111111111000111,3,0
704,3,Транспортная корзина,1,333333333333300000000000,3,0
705,0,Базовая корзина малых городов,2,111111333333330000000000,3,1
706,1,Продукты и маркетплейсы,0,111111111111111111111111,3,0
708,2,Дорогая корзина без онлайна,3,222222222222200000333000,1,3
710,1,Продукты и маркетплейсы,4,111111113311111111000111,3,0
711,3,Транспортная корзина,3,133333333333331111100000,3,0
712,1,Продукты и маркетплейсы,2,111111113333111111111111,3,0
713,1,Продукты и маркетплейсы,2,111111131111111111111111,3,0
714,0,Базовая корзина малых городов,3,300333333333300000000000,3,1
715,1,Продукты и маркетплейсы,3,111111003311111111111111,3,0
716,2,Дорогая корзина без онлайна,0,222222222222222222222222,1,3
717,3,Транспортная корзина,6,133111333333301110000000,3,0
718,2,Дорогая корзина без онлайна,0,222222222222222222222222,1,3
719,1,Продукты и маркетплейсы,0,111111111111111111111111,3,0
720,2,Дорогая корзина без онлайна,0,222222222222222222222222,1,3
721,1,Продукты и маркетплейсы,2,111111333111111111111111,3,0
722,3,Транспортная корзина,0,333333333333333333333333,3,1
723,0,Базовая корзина малых городов,4,110000003333110000000000,3,1
725,3,Транспортная корзина,0,333333333333333333333333,3,2
726,2,Дорогая корзина без онлайна,0,222222222222222222222222,1,3
727,4,Общепит и услуги,0,444444444444444444444444,0,4
731,0,Базовая корзина малых городов,1,000000000000003333333333,0,4
734,0,Базовая корзина малых городов,0,000000000000000000000000,0,1
735,3,Транспортная корзина,0,333333333333333333333333,3,1
736,3,Транспортная корзина,1,333333333333300000000000,3,0
737,1,Продукты и маркетплейсы,3,333333300033111111111111,3,0
738,3,Транспортная корзина,0,333333333333333333333333,0,1
739,0,Базовая корзина малых городов,0,000000000000000000000000,0,1
741,0,Базовая корзина малых городов,1,000000000000000000333333,0,4
742,3,Транспортная корзина,1,333333333333300000000000,3,0
743,0,Базовая корзина малых городов,1,333330000000000000000000,3,1
744,3,Транспортная корзина,1,333333333333333333333000,3,0
745,0,Базовая корзина малых городов,0,000000000000000000000000,0,1
746,1,Продукты и маркетплейсы,7,331111133330111110000100,3,0
747,0,Базовая корзина малых городов,3,000000003100000000000000,3,1
748,0,Базовая корзина малых городов,3,300000000444444443333333,0,4
749,1,Продукты и маркетплейсы,2,113333333333331111111111,3,0
751,0,Базовая корзина малых городов,0,000000000000000000000000,0,1
752,3,Транспортная корзина,2,333333333333331000000000,3,1
753,3,Транспортная корзина,4,333333333333300010000001,3,0
754,0,Базовая корзина малых городов,3,000033300000000033333333,0,4
755,0,Базовая корзина малых городов,3,300030000000000000000000,3,1
756,3,Транспортная корзина,2,333333303333333333333333,0,1
757,4,Общепит и услуги,2,333344444444444443333333,2,5
758,3,Транспортная корзина,2,133333333333333111111111,3,0
760,1,Продукты и маркетплейсы,0,111111111111111111111111,3,0
761,1,Продукты и маркетплейсы,2,133331111111111111111111,3,0
763,4,Общепит и услуги,2,000004444444444433333333,0,4
764,0,Базовая корзина малых городов,6,111333331000331111000000,3,0
765,1,Продукты и маркетплейсы,0,111111111111111111111111,3,0
766,0,Базовая корзина малых городов,1,000000000000333333333333,0,3
767,0,Базовая корзина малых городов,1,000000000000003333333333,0,4
769,1,Продукты и маркетплейсы,4,111111100000111000000111,3,0
770,3,Транспортная корзина,4,333333333333311110333111,3,0
771,3,Транспортная корзина,4,333333333333311001100000,3,0
773,3,Транспортная корзина,6,133333333333133333001000,3,0
774,0,Базовая корзина малых городов,4,333333333303100000000000,3,0
775,4,Общепит и услуги,0,444444444444444444444444,0,4
776,2,Дорогая корзина без онлайна,7,322223222222222224422232,0,4
777,4,Общепит и услуги,4,422244444444442244444444,0,4
778,2,Дорогая корзина без онлайна,1,422222222222222222222222,0,4
779,3,Транспортная корзина,4,222233333333322220333333,0,4
780,3,Транспортная корзина,4,322233333333332223333333,1,2
781,2,Дорогая корзина без онлайна,3,322233333332222222222222,1,4
782,4,Общепит и услуги,4,422244444444442244444444,0,4
783,0,Базовая корзина малых городов,5,322233333333022000000000,1,2
784,2,Дорогая корзина без онлайна,4,322233332222222223333333,1,2
785,4,Общепит и услуги,4,422444444444442444444444,0,4
787,3,Транспортная корзина,7,323333333333001110000300,3,2
788,2,Дорогая корзина без онлайна,5,332232244444422222222222,1,2
789,3,Транспортная корзина,0,333333333333333333333333,1,2
790,3,Транспортная корзина,0,333333333333333333333333,3,2
791,0,Базовая корзина малых городов,3,222222223333331100000000,1,2
792,2,Дорогая корзина без онлайна,5,222222222233320020000000,1,2
793,0,Базовая корзина малых городов,3,322233333333000000000000,1,2
794,2,Дорогая корзина без онлайна,5,322223222222222243333333,1,2
795,0,Базовая корзина малых городов,3,222333333222220000000000,1,2
796,3,Транспортная корзина,2,333333333333333331133333,3,2
797,3,Транспортная корзина,7,322223333333322333032222,1,2
798,0,Базовая корзина малых городов,3,333000000002222000000000,1,2
799,2,Дорогая корзина без онлайна,4,222222222222222020002222,1,3
800,3,Транспортная корзина,2,333333333333332233333333,1,2
801,3,Транспортная корзина,3,222222222333333333300001,1,2
802,3,Транспортная корзина,1,333333333333300000000000,3,2
803,2,Дорогая корзина без онлайна,5,222223333222222220032222,1,2
804,0,Базовая корзина малых городов,2,222233333333300000000000,3,2
805,3,Транспортная корзина,4,332333333332222233333333,1,2
806,3,Транспортная корзина,0,333333333333333333333333,3,2
807,2,Дорогая корзина без онлайна,7,322220000032222200022233,1,2
808,0,Базовая корзина малых городов,5,133313333311100000000000,3,2
809,4,Общепит и услуги,0,444444444444444444444444,0,4
810,1,Продукты и маркетплейсы,3,111111111111033331111111,3,1
811,3,Транспортная корзина,2,333333344444433333333333,0,1
812,4,Общепит и услуги,0,444444444444444444444444,0,4
813,4,Общепит и услуги,2,000000044444444443333333,0,4
814,1,Продукты и маркетплейсы,2,111111111111003333333333,3,1
815,0,Базовая корзина малых городов,1,111111111000000000000000,3,1
817,0,Базовая корзина малых городов,2,000000000000000003333330,3,1
818,0,Базовая корзина малых городов,2,000000000004444333333333,0,4
819,4,Общепит и услуги,1,444444444444444433333333,0,1
820,3,Транспортная корзина,3,000344444444443333333333,0,4
821,1,Продукты и маркетплейсы,2,111111111111000000333333,3,1
822,1,Продукты и маркетплейсы,0,111111111111111111111111,3,1
823,1,Продукты и маркетплейсы,3,333111111111333331111111,3,1
824,4,Общепит и услуги,0,444444444444444444444444,0,4
825,1,Продукты и маркетплейсы,4,111111111110000001110111,3,1
826,1,Продукты и маркетплейсы,0,111111111111111111111111,3,0
827,1,Продукты и маркетплейсы,0,111111111111111111111111,3,0
828,1,Продукты и маркетплейсы,0,111111111111111111111111,3,0
829,1,Продукты и маркетплейсы,0,111111111111111111111111,3,0
830,3,Транспортная корзина,2,333333330033333333333333,0,1
831,1,Продукты и маркетплейсы,3,111111111111111111110110,3,0
832,1,Продукты и маркетплейсы,2,111111111111113331111111,3,0
833,1,Продукты и маркетплейсы,5,111111111111101001110000,3,0
834,3,Транспортная корзина,3,111133333333333311113333,3,0
835,1,Продукты и маркетплейсы,0,111111111111111111111111,3,0
836,1,Продукты и маркетплейсы,0,111111111111111111111111,3,0
838,1,Продукты и маркетплейсы,2,111111111111111111110111,3,0
839,1,Продукты и маркетплейсы,0,111111111111111111111111,3,0
840,1,Продукты и маркетплейсы,0,111111111111111111111111,3,0
841,4,Общепит и услуги,1,444444444444444443333333,0,1
842,4,Общепит и услуги,2,442444444444444444444444,0,4
843,2,Дорогая корзина без онлайна,1,444444422222222222222222,0,4
844,2,Дорогая корзина без онлайна,4,222220022222222022222222,1,3
846,2,Дорогая корзина без онлайна,2,400000000000222222222222,1,2
847,2,Дорогая корзина без онлайна,0,222222222222222222222222,1,3
848,2,Дорогая корзина без онлайна,0,222222222222222222222222,1,3
849,0,Базовая корзина малых городов,3,332223333333300000000000,3,2
851,0,Базовая корзина малых городов,4,322223333222220000000000,1,2
852,0,Базовая корзина малых городов,2,222222222223300000000000,1,2
853,2,Дорогая корзина без онлайна,0,222222222222222222222222,1,3
854,2,Дорогая корзина без онлайна,2,222222222222222022222222,1,3
855,2,Дорогая корзина без онлайна,2,222222222222322222222222,1,2
856,2,Дорогая корзина без онлайна,0,222222222222222222222222,1,2
857,2,Дорогая корзина без онлайна,2,222222222222220222222222,1,3
859,2,Дорогая корзина без онлайна,1,222222222222222000000000,1,2
860,4,Общепит и услуги,3,222222244444442244444444,0,2
870,2,Дорогая корзина без онлайна,2,222222222222222220333333,1,2
871,2,Дорогая корзина без онлайна,5,233222222222222223332233,1,2
872,4,Общепит и услуги,0,444444444444444444444444,1,2
873,2,Дорогая корзина без онлайна,2,222222222222200000222222,1,3
874,0,Базовая корзина малых городов,4,223233333300000000000000,1,2
875,2,Дорогая корзина без онлайна,0,222222222222222222222222,1,3
876,2,Дорогая корзина без онлайна,5,222222222223332233322233,1,2
877,2,Дорогая корзина без онлайна,4,222222222223320000000022,3,2
878,2,Дорогая корзина без онлайна,2,222222222222222002222222,1,3
879,2,Дорогая корзина без онлайна,0,222222222222222222222222,1,2
880,2,Дорогая корзина без онлайна,1,222222222222222200000000,3,2
881,3,Транспортная корзина,0,333333333333333333333333,1,2
882,2,Дорогая корзина без онлайна,2,222222222223333330000000,3,2
883,2,Дорогая корзина без онлайна,4,440000002222220022222222,1,3
884,2,Дорогая корзина без онлайна,0,222222222222222222222222,1,3
885,3,Транспортная корзина,4,322233333333330000000002,1,2
886,2,Дорогая корзина без онлайна,2,222222222222220000222222,1,3
888,2,Дорогая корзина без онлайна,0,222222222222222222222222,1,3
889,2,Дорогая корзина без онлайна,2,222222222232222222222222,1,2
890,4,Общепит и услуги,0,444444444444444444444444,0,4
891,0,Базовая корзина малых городов,0,000000000000000000000000,0,4
892,4,Общепит и услуги,2,000000444444444443333333,0,4
895,0,Базовая корзина малых городов,0,000000000000000000000000,0,4
896,4,Общепит и услуги,0,444444444444444444444444,0,4
897,0,Базовая корзина малых городов,1,000000000000000333333333,0,1
898,0,Базовая корзина малых городов,5,113111333111000000000000,3,0
899,0,Базовая корзина малых городов,2,000000000000000000033330,3,0
900,1,Продукты и маркетплейсы,4,111111000011111110001111,3,0
901,0,Базовая корзина малых городов,2,000000000000003333333000,3,1
902,0,Базовая корзина малых городов,1,000000000000000003333333,3,1
903,0,Базовая корзина малых городов,1,000000000000000000000002,3,1
904,3,Транспортная корзина,4,333333333300111100000111,3,0
905,0,Базовая корзина малых городов,2,000000000000000000033000,3,1
907,0,Базовая корзина малых городов,6,222222222203300100000001,1,1
908,0,Базовая корзина малых городов,2,000000000000000003333000,0,1
909,0,Базовая корзина малых городов,0,000000000000000000000000,0,1
911,0,Базовая корзина малых городов,1,000000000000000003333333,0,1
912,4,Общепит и услуги,4,000000444444444442333222,1,1
913,0,Базовая корзина малых городов,1,000000000000000003333333,3,1
914,0,Базовая корзина малых городов,0,000000000000000000000000,3,0
915,0,Базовая корзина малых городов,5,001110003311000000000000,3,0
916,2,Дорогая корзина без онлайна,1,422222222222222222222222,1,3
917,2,Дорогая корзина без онлайна,1,422222222222222222222222,1,3
918,4,Общепит и услуги,1,444444444444444444444333,0,4
920,0,Базовая корзина малых городов,2,000000000000003333330000,3,1
922,1,Продукты и маркетплейсы,0,111111111111111111111111,3,0
923,1,Продукты и маркетплейсы,1,111111111111111111100000,3,0
924,1,Продукты и маркетплейсы,0,111111111111111111111111,3,0
925,1,Продукты и маркетплейсы,3,011111111111111111101111,0,1
926,1,Продукты и маркетплейсы,0,111111111111111111111111,3,0
927,3,Транспортная корзина,4,300333344444433333333333,0,1
928,3,Транспортная корзина,2,333334444444443333333333,3,1
929,1,Продукты и маркетплейсы,0,111111111111111111111111,3,0
930,1,Продукты и маркетплейсы,2,111111111111111110000111,3,0
986,4,Общепит и услуги,1,444444444444444444443333,0,4
987,0,Базовая корзина малых городов,1,000000000000000000333333,0,4
988,4,Общепит и услуги,3,440044444444444443333333,0,4
989,0,Базовая корзина малых городов,2,000000000000433333333333,0,4
991,0,Базовая корзина малых городов,2,000000000000444333333333,0,1
992,0,Базовая корзина малых городов,1,000000000000033333333333,0,1
993,0,Базовая корзина малых городов,0,000000000000000000000000,3,1
994,0,Базовая корзина малых городов,0,000000000000000000000000,0,1
995,0,Базовая корзина малых городов,0,000000000000000000000000,0,1
996,0,Базовая корзина малых городов,1,000000000000000333333333,0,1
998,0,Базовая корзина малых городов,2,000000000000000000033330,0,1
999,0,Базовая корзина малых городов,2,001000000000000000000000,3,1
1001,0,Базовая корзина малых городов,1,000000000000000333333333,0,1
1002,0,Базовая корзина малых городов,6,001011110010000000000000,3,0
1003,0,Базовая корзина малых городов,0,000000000000000000000000,0,1
1004,0,Базовая корзина малых городов,2,000001100000000000000000,3,1
1005,0,Базовая корзина малых городов,1,000000000000003333333333,0,1
1006,0,Базовая корзина малых городов,0,000000000000000000000000,3,1
1007,4,Общепит и услуги,1,444444444444444444444333,0,4
1008,4,Общепит и услуги,1,444444444444444443333333,0,4
1009,0,Базовая корзина малых городов,1,000000000000003333333333,0,4
1010,3,Транспортная корзина,2,333333300000333333333333,0,4
1011,1,Продукты и маркетплейсы,6,111333111111333333133111,0,4
1012,1,Продукты и маркетплейсы,1,111111111111111111110000,0,1
1013,1,Продукты и маркетплейсы,0,111111111111111111111111,3,0
1014,1,Продукты и маркетплейсы,0,111111111111111111111111,3,0
1015,0,Базовая корзина малых городов,0,000000000000000000000000,0,1
1016,1,Продукты и маркетплейсы,0,111111111111111111111111,3,0
1017,1,Продукты и маркетплейсы,1,011111111111111111111111,3,1
1018,1,Продукты и маркетплейсы,0,111111111111111111111111,3,0
1019,0,Базовая корзина малых городов,3,000000011111111110000011,3,1
1020,0,Базовая корзина малых городов,0,000000000000000000000000,3,1
1021,0,Базовая корзина малых городов,1,000000000000003333333333,3,1
1023,1,Продукты и маркетплейсы,0,111111111111111111111111,3,0
1024,1,Продукты и маркетплейсы,0,111111111111111111111111,3,0
1025,1,Продукты и маркетплейсы,1,000011111111111111111111,0,1
1026,0,Базовая корзина малых городов,2,000000000000000000011110,3,1
1027,1,Продукты и маркетплейсы,0,111111111111111111111111,3,0
1028,1,Продукты и маркетплейсы,0,111111111111111111111111,3,0
1029,1,Продукты и маркетплейсы,0,111111111111111111111111,3,0
1030,1,Продукты и маркетплейсы,0,111111111111111111111111,3,0
1031,1,Продукты и маркетплейсы,5,111111311111333331111113,3,0
1032,1,Продукты и маркетплейсы,0,111111111111111111111111,3,0
1033,1,Продукты и маркетплейсы,0,111111111111111111111111,3,0
1034,1,Продукты и маркетплейсы,2,111111111111111111110111,3,0
1035,1,Продукты и маркетплейсы,3,111111111111111111110110,3,0
1036,1,Продукты и маркетплейсы,0,111111111111111111111111,3,0
1037,0,Базовая корзина малых городов,3,000000000000003311111333,3,1
1038,1,Продукты и маркетплейсы,0,111111111111111111111111,3,0
1039,0,Базовая корзина малых городов,1,000000000000033333333333,0,1
1040,3,Транспортная корзина,4,111333333333331331111111,3,0
1041,1,Продукты и маркетплейсы,0,111111111111111111111111,3,0
1044,1,Продукты и маркетплейсы,0,111111111111111111111111,3,0
1047,0,Базовая корзина малых городов,3,000000000000300033333333,3,1
1048,3,Транспортная корзина,0,333333333333333333333333,3,0
1049,4,Общепит и услуги,4,000404444444444443333333,0,1
1051,3,Транспортная корзина,1,000003333333333333333333,0,1
1052,3,Транспортная корзина,2,133333333333330000000000,3,0
1053,0,Базовая корзина малых городов,5,000033100000000000110000,3,1
1054,3,Транспортная корзина,2,000004444444443333333333,3,1
1055,3,Транспортная корзина,0,333333333333333333333333,3,1
1056,0,Базовая корзина малых городов,0,000000000000000000000000,3,1
1057,0,Базовая корзина малых городов,0,000000000000000000000000,0,1
1058,0,Базовая корзина малых городов,2,003333333333300000000000,3,1
1059,3,Транспортная корзина,0,333333333333333333333333,3,0
1060,1,Продукты и маркетплейсы,2,111111111111111000000001,3,0
1061,3,Транспортная корзина,0,333333333333333333333333,3,0
1062,3,Транспортная корзина,3,133333333333333333333113,3,0
1063,0,Базовая корзина малых городов,2,000000000000000000003300,0,1
1064,1,Продукты и маркетплейсы,5,111111113311101111111100,3,0
1065,3,Транспортная корзина,2,111113333333333333311111,3,0
1066,0,Базовая корзина малых городов,2,000000000000000003300000,3,1
1067,1,Продукты и маркетплейсы,6,111111131133311133111111,3,0
1068,0,Базовая корзина малых городов,2,000000000000000333333000,3,1
1069,0,Базовая корзина малых городов,5,220000033333000000011100,3,1
1070,0,Базовая корзина малых городов,0,000000000000000000000000,0,1
1071,3,Транспортная корзина,0,333333333333333333333333,3,1
1072,0,Базовая корзина малых городов,2,000000000000000000033000,0,1
1107,4,Общепит и услуги,1,444444444444444444333333,0,4
1108,0,Базовая корзина малых городов,2,010000000000000000000000,3,1
1109,0,Базовая корзина малых городов,1,000000000000333333333333,0,4
1110,0,Базовая корзина малых городов,2,000000000000000003333322,0,4
1111,0,Базовая корзина малых городов,0,000000000000000000000000,0,4
1112,0,Базовая корзина малых городов,2,000000000000000000033000,0,4
1113,0,Базовая корзина малых городов,3,111111110110000000000000,3,0
1115,1,Продукты и маркетплейсы,3,111111111110111110000000,3,0
1116,1,Продукты и маркетплейсы,3,111111111111111111011100,3,0
1117,4,Общепит и услуги,3,404444444444444443333333,0,1
1118,1,Продукты и маркетплейсы,4,111111111111111110111011,3,0
1119,0,Базовая корзина малых городов,0,000000000000000000000000,3,1
1120,0,Базовая корзина малых городов,2,000001100000000000000000,3,1
1121,0,Базовая корзина малых городов,2,000000000000000010000000,3,1
1122,0,Базовая корзина малых городов,7,111101133333310100000000,3,0
1123,0,Базовая корзина малых городов,3,110000000000111100000000,3,0
1124,0,Базовая корзина малых городов,6,011113133331110000000000,3,0
1125,0,Базовая корзина малых городов,0,000000000000000000000000,3,1
1126,1,Продукты и маркетплейсы,0,111111111111111111111111,3,0
1127,0,Базовая корзина малых городов,0,000000000000000000000000,0,1
1128,0,Базовая корзина малых городов,3,111111101111000000000000,3,0
1129,0,Базовая корзина малых городов,3,101000000000000000000000,3,1
1130,0,Базовая корзина малых городов,0,000000000000000000000000,0,1
1131,3,Транспортная корзина,2,333330000000000333333333,3,1
1132,0,Базовая корзина малых городов,0,000000000000000000000000,3,0
1133,1,Продукты и маркетплейсы,2,111111000111111111111111,3,0
1134,4,Общепит и услуги,0,444444444444444444444444,0,4
1135,4,Общепит и услуги,1,444444444444444444333333,0,4
1136,4,Общепит и услуги,1,444444444444444443333333,0,4
1137,3,Транспортная корзина,0,333333333333333333333333,0,4
1138,0,Базовая корзина малых городов,1,000000000000000033333333,0,4
1139,3,Транспортная корзина,0,333333333333333333333333,0,4
1140,4,Общепит и услуги,2,000044444444444433333333,0,4
1141,4,Общепит и услуги,2,000000444444444443333333,0,4
1142,3,Транспортная корзина,0,333333333333333333333333,0,4
1143,0,Базовая корзина малых городов,0,000000000000000000000000,0,1
1144,1,Продукты и маркетплейсы,2,111111333333111111111111,3,0
1146,0,Базовая корзина малых городов,0,000000000000000000000000,3,1
1147,3,Транспортная корзина,0,333333333333333333333333,0,3
1148,3,Транспортная корзина,0,333333333333333333333333,3,2
1149,3,Транспортная корзина,0,333333333333333333333333,3,2
1150,4,Общепит и услуги,0,444444444444444444444444,0,5
1151,0,Базовая корзина малых городов,1,222200000000000000000000,1,3
1152,2,Дорогая корзина без онлайна,0,222222222222222222222222,1,3
1153,3,Транспортная корзина,4,444000000030333333333333,3,2
1154,0,Базовая корзина малых городов,1,220000000000000000000000,1,3
1155,3,Транспортная корзина,0,333333333333333333333333,3,2
1157,0,Базовая корзина малых городов,2,000000000000000000030000,0,1
1158,0,Базовая корзина малых городов,1,000000000000000033333333,0,1
1159,3,Транспортная корзина,2,333133333333333333333333,3,2
1160,0,Базовая корзина малых городов,1,000000000000000033333333,0,1
1161,3,Транспортная корзина,2,300000000000333333333333,0,1
1163,0,Базовая корзина малых городов,2,300000000000000003333333,3,1
1164,0,Базовая корзина малых городов,10,300000003233000022020022,1,1
1165,0,Базовая корзина малых городов,3,000000000000444022222222,1,3
1166,3,Транспортная корзина,3,111111333333333330000011,3,0
1167,3,Транспортная корзина,5,103333333333330030000000,3,1
1168,0,Базовая корзина малых городов,2,000000000000333330000000,3,1
1169,4,Общепит и услуги,3,400044444444444443333333,0,4
1170,3,Транспортная корзина,0,333333333333333333333333,3,2
1171,3,Транспортная корзина,0,333333333333333333333333,3,2
1172,3,Транспортная корзина,0,333333333333333333333333,3,2
1173,3,Транспортная корзина,1,133333333333333333333333,3,0
1174,3,Транспортная корзина,0,333333333333333333333333,3,2
1175,3,Транспортная корзина,0,333333333333333333333333,3,2
1176,4,Общепит и услуги,0,444444444444444444444444,0,4
1178,3,Транспортная корзина,6,333333333313300333311110,0,1
1179,0,Базовая корзина малых городов,2,000000000000000000023333,0,4
1180,0,Базовая корзина малых городов,0,000000000000000000000000,0,4
1181,0,Базовая корзина малых городов,1,000000000000003333333333,0,4
1184,0,Базовая корзина малых городов,2,400000000000000002222222,0,4
1185,0,Базовая корзина малых городов,0,000000000000000000000000,3,1
1186,4,Общепит и услуги,0,444444444444444444444444,2,5
1187,0,Базовая корзина малых городов,2,000000000000000023333333,0,4
1188,4,Общепит и услуги,0,444444444444444444444444,0,4
1189,3,Транспортная корзина,4,133333333333303333333330,3,0
1190,4,Общепит и услуги,0,444444444444444444444444,0,4
1191,3,Транспортная корзина,1,003333333333333333333333,3,1
1192,3,Транспортная корзина,0,333333333333333333333333,3,0
1193,3,Транспортная корзина,8,003333303000300333333330,3,1
1194,3,Транспортная корзина,3,333333111110033333333333,3,0
1195,1,Продукты и маркетплейсы,9,001331111111301000110000,3,0
1196,3,Транспортная корзина,2,333333333333333331111133,3,0
1197,0,Базовая корзина малых городов,3,000003000000003333333333,0,1
1198,4,Общепит и услуги,1,444444444444444444444333,0,4
1200,0,Базовая корзина малых городов,0,000000000000000000000000,0,1
1201,1,Продукты и маркетплейсы,2,111111111311111111111111,3,0
1203,0,Базовая корзина малых городов,0,000000000000000000000000,0,1
1204,1,Продукты и маркетплейсы,2,111111111111001111111111,3,0
1205,1,Продукты и маркетплейсы,2,111111111111110111111111,3,0
1206,0,Базовая корзина малых городов,0,000000000000000000000000,0,1
1207,0,Базовая корзина малых городов,1,000000000000000333333333,0,1
1208,1,Продукты и маркетплейсы,2,111311111111111111111111,3,0
1209,0,Базовая корзина малых городов,2,000000000000000000000100,0,1
1210,1,Продукты и маркетплейсы,0,111111111111111111111111,3,0
1211,0,Базовая корзина малых городов,2,000000000000000000033000,0,1
1212,0,Базовая корзина малых городов,1,000000000000000333333333,0,1
1213,0,Базовая корзина малых городов,6,000111110000011011110000,3,1
1214,1,Продукты и маркетплейсы,4,111111110001111111000111,3,0
1215,1,Продукты и маркетплейсы,1,011111111111111111111111,3,0
1217,1,Продукты и маркетплейсы,0,111111111111111111111111,3,0
1218,1,Продукты и маркетплейсы,3,111111111111100001111110,3,1
1219,0,Базовая корзина малых городов,0,000000000000000000000000,3,1
1220,1,Продукты и маркетплейсы,4,111110111111111110111111,3,0
1221,0,Базовая корзина малых городов,1,000000000000003333333333,3,1
1222,1,Продукты и маркетплейсы,0,111111111111111111111111,3,0
1223,1,Продукты и маркетплейсы,0,111111111111111111111111,3,0
1224,4,Общепит и услуги,0,444444444444444444444444,0,4
1225,3,Транспортная корзина,0,333333333333333333333333,0,4
1226,0,Базовая корзина малых городов,2,000000000004433333333333,0,4
1227,0,Базовая корзина малых городов,1,000000000000000000333333,0,3
1228,0,Базовая корзина малых городов,1,000000000000003333333333,0,3
1229,0,Базовая корзина малых городов,2,000000000044443333333333,0,4
1230,3,Транспортная корзина,2,333333344444433333333333,0,4
1231,4,Общепит и услуги,3,400004444444444443333333,1,3
1232,0,Базовая корзина малых городов,1,000000000000000003333333,0,4
1233,4,Общепит и услуги,0,444444444444444444444444,0,4
1234,0,Базовая корзина малых городов,1,000000000000000333333333,0,4
1235,0,Базовая корзина малых городов,3,000003300000003333333333,1,3
1236,4,Общепит и услуги,1,444444444444444443333333,0,4
1237,0,Базовая корзина малых городов,1,000000000000000003333333,0,4
1238,3,Транспортная корзина,2,000000444444444333333333,0,4
1240,3,Транспортная корзина,2,303333333333333333333333,1,3
1241,0,Базовая корзина малых городов,1,000000000000003333333333,1,3
1242,1,Продукты и маркетплейсы,0,111111111111111111111111,3,0
1243,4,Общепит и услуги,2,344444444444444444444333,1,3
1244,0,Базовая корзина малых городов,1,110000000000000000000000,3,1
1246,3,Транспортная корзина,0,333333333333333333333333,3,1
1249,3,Транспортная корзина,0,333333333333333333333333,3,1
1250,0,Базовая корзина малых городов,1,000000000000333333333333,1,3
1251,1,Продукты и маркетплейсы,2,111113333333311111111111,3,0
1252,3,Транспортная корзина,4,330033000000000333333333,0,1
1253,1,Продукты и маркетплейсы,0,111111111111111111111111,3,0
1254,3,Транспортная корзина,0,333333333333333333333333,3,0
1256,3,Транспортная корзина,1,111333333333333333333333,3,1
1257,0,Базовая корзина малых городов,4,111113333333011000000000,3,1
1258,4,Общепит и услуги,0,444444444444444444444444,0,4
1259,0,Базовая корзина малых городов,0,000000000000000000000000,0,1
1260,0,Базовая корзина малых городов,1,000000000000000003333333,0,4
1261,0,Базовая корзина малых городов,3,300033333300000000000000,0,1
1262,0,Базовая корзина малых городов,2,000000000000000003333000,0,4
1264,3,Транспортная корзина,3,333333333311333311111111,3,0
1265,0,Базовая корзина малых городов,1,333000000000000000000000,3,1
1266,1,Продукты и маркетплейсы,0,111111111111111111111111,3,0
1267,1,Продукты и маркетплейсы,5,133333133332111111111111,3,0
1268,0,Базовая корзина малых городов,7,003000033311110000111000,3,1
1269,1,Продукты и маркетплейсы,0,111111111111111111111111,3,0
1270,0,Базовая корзина малых городов,0,000000000000000000000000,3,1
1271,1,Продукты и маркетплейсы,2,111111131111111111111111,3,0
1272,1,Продукты и маркетплейсы,1,111111111111111000000000,3,0
1273,1,Продукты и маркетплейсы,0,111111111111111111111111,3,0
1274,1,Продукты и маркетплейсы,4,131333333311111111111111,3,0
1275,3,Транспортная корзина,0,333333333333333333333333,3,1
1276,0,Базовая корзина малых городов,2,233333333333000000000000,3,0
1277,0,Базовая корзина малых городов,1,111111111111000000000000,3,0
1278,1,Продукты и маркетплейсы,4,133333333311111100000111,3,0
1279,1,Продукты и маркетплейсы,4,111111133333311111001111,3,0
1280,1,Продукты и маркетплейсы,2,111111111111111110000111,3,0
1281,0,Базовая корзина малых городов,1,111000000000000000000000,3,1
1282,3,Транспортная корзина,1,333333333333331111111111,3,0
1284,0,Базовая корзина малых городов,3,100033300000000000000000,3,0
1285,0,Базовая корзина малых городов,0,000000000000000000000000,0,1
1286,1,Продукты и маркетплейсы,7,111111031111111111010111,3,0
1287,0,Базовая корзина малых городов,1,300000000000000000000000,3,1
1288,1,Продукты и маркетплейсы,3,101111111111111111000000,3,0
1289,3,Транспортная корзина,1,333333333333333333000000,3,0
1290,0,Базовая корзина малых городов,1,333333333333000000000000,3,0
1291,1,Продукты и маркетплейсы,1,333311111111111111111111,3,0
1292,0,Базовая корзина малых городов,5,113331133331111000000000,3,0
1293,0,Базовая корзина малых городов,0,000000000000000000000000,3,1
1294,0,Базовая корзина малых городов,0,000000000000000000000000,3,1
1295,0,Базовая корзина малых городов,6,111001003111000000000000,3,0
1296,1,Продукты и маркетплейсы,4,131133333333111111111111,3,0
1297,1,Продукты и маркетплейсы,3,332222233331111111111111,3,0
1298,1,Продукты и маркетплейсы,4,111111333331111111000001,3,0
1299,1,Продукты и маркетплейсы,0,111111111111111111111111,3,0
1300,3,Транспортная корзина,3,111333333333330000000001,3,0
1301,0,Базовая корзина малых городов,2,000011111100000000000000,3,1
1302,0,Базовая корзина малых городов,4,000033330000000033333300,3,1
1303,4,Общепит и услуги,1,444444444444444443333333,0,4
1304,0,Базовая корзина малых городов,0,000000000000000000000000,0,1
1305,0,Базовая корзина малых городов,0,000000000000000000000000,0,4
1306,0,Базовая корзина малых городов,0,000000000000000000000000,0,1
1308,0,Базовая корзина малых городов,2,000000000000000000030000,0,1
1309,1,Продукты и маркетплейсы,0,111111111111111111111111,3,0
1310,0,Базовая корзина малых городов,6,000011100000000300330000,3,0
1311,1,Продукты и маркетплейсы,0,111111111111111111111111,3,0
1312,0,Базовая корзина малых городов,7,111110013333010000000011,3,0
1313,1,Продукты и маркетплейсы,0,111111111111111111111111,3,0
1314,1,Продукты и маркетплейсы,0,111111111111111111111111,3,0
1315,3,Транспортная корзина,5,300333300004433333333333,3,1
1316,0,Базовая корзина малых городов,0,000000000000000000000000,0,1
1317,1,Продукты и маркетплейсы,0,111111111111111111111111,3,0
1319,1,Продукты и маркетплейсы,2,111111133311111111111111,3,0
1320,1,Продукты и маркетплейсы,0,111111111111111111111111,3,0
1321,0,Базовая корзина малых городов,0,000000000000000000000000,0,1
1322,1,Продукты и маркетплейсы,0,111111111111111111111111,3,0
1323,1,Продукты и маркетплейсы,0,111111111111111111111111,3,0
1324,1,Продукты и маркетплейсы,2,111111333331111111111111,3,0
1325,1,Продукты и маркетплейсы,0,111111111111111111111111,3,0
1326,0,Базовая корзина малых городов,4,233233333333300000000000,3,0
1327,1,Продукты и маркетплейсы,0,111111111111111111111111,3,0
1328,1,Продукты и маркетплейсы,0,111111111111111111111111,3,0
1329,0,Базовая корзина малых городов,3,111110000011100000000000,3,0
1330,1,Продукты и маркетплейсы,0,111111111111111111111111,3,0
1331,1,Продукты и маркетплейсы,0,111111111111111111111111,3,0
1333,3,Транспортная корзина,2,333333344444444333333333,0,4
1334,0,Базовая корзина малых городов,0,000000000000000000000000,0,4
1335,1,Продукты и маркетплейсы,2,111111113331111111111111,3,0
1336,1,Продукты и маркетплейсы,0,111111111111111111111111,3,0
1337,3,Транспортная корзина,5,133331133333111100000000,3,0
1338,1,Продукты и маркетплейсы,3,111100111111111000000000,3,1
1339,1,Продукты и маркетплейсы,8,111111133333111103303001,3,0
1340,1,Продукты и маркетплейсы,3,111111111111111111000100,3,0
1341,0,Базовая корзина малых городов,5,011130111111110000000000,3,1
1343,1,Продукты и маркетплейсы,2,111111133311111111111111,3,0
1344,1,Продукты и маркетплейсы,0,111111111111111111111111,3,0
1345,1,Продукты и маркетплейсы,0,111111111111111111111111,3,0
1346,1,Продукты и маркетплейсы,0,111111111111111111111111,3,0
1347,1,Продукты и маркетплейсы,1,111111111111111110000000,3,0
1348,1,Продукты и маркетплейсы,0,111111111111111111111111,3,0
1349,1,Продукты и маркетплейсы,0,111111111111111111111111,3,0
1350,1,Продукты и маркетплейсы,0,111111111111111111111111,3,0
1351,1,Продукты и маркетплейсы,3,333331111333311111111111,3,0
1352,1,Продукты и маркетплейсы,4,111311133333111111111111,3,0
1353,1,Продукты и маркетплейсы,2,133311111111111111111111,3,0
1355,1,Продукты и маркетплейсы,0,111111111111111111111111,3,0
1356,3,Транспортная корзина,2,113333333333330000000000,3,1
1357,0,Базовая корзина малых городов,5,111131333333310000000000,3,0
1358,1,Продукты и маркетплейсы,2,111333333333311111111111,3,0
1392,0,Базовая корзина малых городов,2,000000000000000000030000,0,1
1393,0,Базовая корзина малых городов,1,000000000000000033333333,3,1
1394,0,Базовая корзина малых городов,1,000000000000000033333333,0,1
1395,4,Общепит и услуги,0,444444444444444444444444,2,5
1396,4,Общепит и услуги,0,444444444444444444444444,0,4
1397,4,Общепит и услуги,0,444444444444444444444444,0,4
1398,4,Общепит и услуги,1,444444444444444444333333,0,4
1399,0,Базовая корзина малых городов,1,000000000000000003333333,0,4
1400,4,Общепит и услуги,3,400444444444444443333333,0,4
1401,0,Базовая корзина малых городов,1,000000000000000333333333,0,1
1402,4,Общепит и услуги,0,444444444444444444444444,2,5
1403,4,Общепит и услуги,3,400444444444444443333333,0,1
1404,0,Базовая корзина малых городов,1,000000000000000003333333,0,1
1405,0,Базовая корзина малых городов,1,000000000000000333333333,0,1
1406,0,Базовая корзина малых городов,2,000000000000000003333322,0,1
1407,0,Базовая корзина малых городов,1,000000000000000003333333,0,4
1408,4,Общепит и услуги,0,444444444444444444444444,0,4
1409,4,Общепит и услуги,0,444444444444444444444444,0,4
1410,4,Общепит и услуги,1,444444444444444443333333,0,4
1411,0,Базовая корзина малых городов,2,000000000000443333333333,0,4
1412,1,Продукты и маркетплейсы,0,111111111111111111111111,3,0
1413,0,Базовая корзина малых городов,4,000000000000000003003000,0,1
1414,0,Базовая корзина малых городов,2,000000000000000000111100,3,1
1415,1,Продукты и маркетплейсы,0,111111111111111111111111,3,0
1416,1,Продукты и маркетплейсы,0,111111111111111111111111,3,0
1417,1,Продукты и маркетплейсы,0,111111111111111111111111,3,0
1419,1,Продукты и маркетплейсы,0,111111111111111111111111,3,0
1420,1,Продукты и маркетплейсы,0,111111111111111111111111,3,0
1421,1,Продукты и маркетплейсы,2,111111113111111111111111,3,0
1422,0,Базовая корзина малых городов,3,000000000000000333111110,0,1
1423,1,Продукты и маркетплейсы,0,111111111111111111111111,3,0
1425,0,Базовая корзина малых городов,4,000000000000000000100010,3,1
1426,1,Продукты и маркетплейсы,0,111111111111111111111111,3,0
1427,0,Базовая корзина малых городов,3,000000000000000331111000,3,1
1428,1,Продукты и маркетплейсы,0,111111111111111111111111,3,0
1429,1,Продукты и маркетплейсы,1,000011111111111111111111,3,0
1430,2,Дорогая корзина без онлайна,1,444444222222222222222222,1,3
1431,2,Дорогая корзина без онлайна,7,022000220002220002222222,1,2
1438,2,Дорогая корзина без онлайна,7,000000020202220022222222,1,3
1439,4,Общепит и услуги,0,444444444444444444444444,2,5
1440,4,Общепит и услуги,1,444444444444444443333333,0,4
1443,4,Общепит и услуги,0,444444444444444444444444,2,4
1444,4,Общепит и услуги,0,444444444444444444444444,2,5
1445,4,Общепит и услуги,0,444444444444444444444444,2,5
1446,4,Общепит и услуги,0,444444444444444444444444,0,4
1447,4,Общепит и услуги,1,444444444444444443333333,0,4
1448,4,Общепит и услуги,0,444444444444444444444444,2,5
1449,0,Базовая корзина малых городов,1,000000000000000333333333,0,1
1453,4,Общепит и услуги,0,444444444444444444444444,2,4
1454,4,Общепит и услуги,2,000000444444444443333333,0,4
1456,4,Общепит и услуги,0,444444444444444444444444,2,5
1457,4,Общепит и услуги,0,444444444444444444444444,2,5
1459,4,Общепит и услуги,0,444444444444444444444444,2,5
1461,4,Общепит и услуги,0,444444444444444444444444,2,5
1463,3,Транспортная корзина,2,000000044444444333333333,0,4
1464,4,Общепит и услуги,0,444444444444444444444444,0,4
1465,4,Общепит и услуги,0,444444444444444444444444,2,5
1467,4,Общепит и услуги,0,444444444444444444444444,2,5
1468,4,Общепит и услуги,0,444444444444444444444444,0,4
1472,4,Общепит и услуги,0,444444444444444444444444,2,5
1473,0,Базовая корзина малых городов,1,000000000000000003333333,0,4
1474,0,Базовая корзина малых городов,0,000000000000000000000000,0,4
1475,4,Общепит и услуги,0,444444444444444444444444,2,5
1477,0,Базовая корзина малых городов,2,000000000044443333333333,0,4
1478,0,Базовая корзина малых городов,1,000000000000000333333333,0,1
1480,4,Общепит и услуги,2,444444444444444444444334,0,4
1481,4,Общепит и услуги,0,444444444444444444444444,0,4
1483,0,Базовая корзина малых городов,2,000000000000000000043333,2,5
1484,4,Общепит и услуги,0,444444444444444444444444,0,4
1486,0,Базовая корзина малых городов,1,000000000000003333333333,0,4
1488,4,Общепит и услуги,0,444444444444444444444444,0,4
1489,0,Базовая корзина малых городов,2,000000000004443333333333,0,4
1490,4,Общепит и услуги,1,444444444444444443333333,0,4
1491,4,Общепит и услуги,2,444444444444444444444334,0,4
1492,4,Общепит и услуги,2,444444444444444444444334,0,4
1493,4,Общепит и услуги,0,444444444444444444444444,2,5
1494,0,Базовая корзина малых городов,0,000000000000000000000000,3,1
1495,3,Транспортная корзина,2,000000444444444333333333,0,4
1496,4,Общепит и услуги,0,444444444444444444444444,0,4
1500,4,Общепит и услуги,0,444444444444444444444444,2,4
1501,4,Общепит и услуги,0,444444444444444444444444,0,4
1504,0,Базовая корзина малых городов,1,000000000000000333333333,0,4
1506,4,Общепит и услуги,0,444444444444444444444444,0,4
1507,4,Общепит и услуги,1,444444444444444444444422,0,4
1508,4,Общепит и услуги,1,444444444444444442222222,1,3
1509,4,Общепит и услуги,3,444004444444444442222222,0,4
1510,0,Базовая корзина малых городов,1,000000000000000002222222,0,1
1511,4,Общепит и услуги,2,444444444444444444233333,0,3
1512,0,Базовая корзина малых городов,1,000000000000000002222222,1,3
1518,0,Базовая корзина малых городов,4,000000000000444442233222,0,1
1519,0,Базовая корзина малых городов,2,000000000000000003222222,0,4
1520,0,Базовая корзина малых городов,0,000000000000000000000000,1,1
1521,4,Общепит и услуги,1,444444444444444442222222,0,3
1522,0,Базовая корзина малых городов,0,000000000000000000000000,3,1
1523,4,Общепит и услуги,0,444444444444444444444444,0,4
1525,3,Транспортная корзина,2,000000044444443333333333,0,4
1526,0,Базовая корзина малых городов,1,000000000000033333333333,0,4
1527,4,Общепит и услуги,1,444444444444444443333333,0,4
1528,0,Базовая корзина малых городов,6,000111001110001000000000,0,4
1529,0,Базовая корзина малых городов,0,000000000000000000000000,0,1
1530,0,Базовая корзина малых городов,1,111111111110000000000000,3,1
1532,1,Продукты и маркетплейсы,3,333333333111311111111111,0,1
1533,0,Базовая корзина малых городов,6,111033003333100000000000,0,1
1534,1,Продукты и маркетплейсы,1,111111111111111111000000,3,1
1535,0,Базовая корзина малых городов,0,000000000000000000000000,3,1
1536,1,Продукты и маркетплейсы,1,111111111111111110000000,3,1
1537,1,Продукты и маркетплейсы,0,111111111111111111111111,3,0
1539,0,Базовая корзина малых городов,1,000000000000000333333333,0,4
1540,0,Базовая корзина малых городов,1,000000000000033333333333,0,1
1541,1,Продукты и маркетплейсы,0,111111111111111111111111,3,0
1542,1,Продукты и маркетплейсы,0,111111111111111111111111,3,0
1543,1,Продукты и маркетплейсы,0,111111111111111111111111,3,0
1544,1,Продукты и маркетплейсы,2,111111133333311111111111,3,0
1545,1,Продукты и маркетплейсы,0,111111111111111111111111,3,0
1546,1,Продукты и маркетплейсы,1,111111111111111111110000,3,0
1547,1,Продукты и маркетплейсы,0,111111111111111111111111,3,0
1548,1,Продукты и маркетплейсы,0,111111111111111111111111,3,0
1549,0,Базовая корзина малых городов,2,000000000000000000033000,0,1
1550,0,Базовая корзина малых городов,5,100000110111111110000000,3,1
1551,1,Продукты и маркетплейсы,0,111111111111111111111111,3,0
1552,1,Продукты и маркетплейсы,0,111111111111111111111111,3,0
1553,0,Базовая корзина малых городов,1,000000000000003333333333,0,1
1554,1,Продукты и маркетплейсы,3,111111111011111100000000,3,0
1555,1,Продукты и маркетплейсы,1,111111111111111110000000,3,0
1556,1,Продукты и маркетплейсы,6,000000111111011011111110,3,1
1557,0,Базовая корзина малых городов,0,000000000000000000000000,3,1
1558,3,Транспортная корзина,1,333333333333333333311111,3,0
1559,1,Продукты и маркетплейсы,0,111111111111111111111111,3,0
1560,4,Общепит и услуги,1,444444444444444444444333,0,4
1561,1,Продукты и маркетплейсы,0,111111111111111111111111,3,0
1562,0,Базовая корзина малых городов,0,000000000000000000000000,3,1
1563,0,Базовая корзина малых городов,1,000000000000003333333333,0,1
1564,1,Продукты и маркетплейсы,0,111111111111111111111111,3,0
1565,0,Базовая корзина малых городов,5,310333333311111110000000,3,0
1566,1,Продукты и маркетплейсы,2,111111111111311111111111,3,1
1567,1,Продукты и маркетплейсы,0,111111111111111111111111,3,0
1568,0,Базовая корзина малых городов,1,000000000000000000000001,3,1
1569,1,Продукты и маркетплейсы,0,111111111111111111111111,3,0
1570,1,Продукты и маркетплейсы,2,111111133333331111111111,3,0
1571,1,Продукты и маркетплейсы,4,111111133311333331111111,3,0
1572,3,Транспортная корзина,0,333333333333333333333333,3,1
1573,1,Продукты и маркетплейсы,2,111111133111111111111111,3,0
1574,1,Продукты и маркетплейсы,1,111111111111111110000000,3,0
1575,4,Общепит и услуги,0,444444444444444444444444,0,4
1577,0,Базовая корзина малых городов,1,000000000000000333333333,0,1
1578,0,Базовая корзина малых городов,0,000000000000000000000000,0,1
1579,0,Базовая корзина малых городов,7,111111101000110110000000,3,0
1580,1,Продукты и маркетплейсы,0,111111111111111111111111,3,0
1581,1,Продукты и маркетплейсы,2,111111111111000001111111,3,1
1582,1,Продукты и маркетплейсы,0,111111111111111111111111,3,0
1583,0,Базовая корзина малых городов,0,000000000000000000000000,3,1
1584,1,Продукты и маркетплейсы,5,111113330111311111111111,3,0
1585,1,Продукты и маркетплейсы,2,111111131111111111111111,3,0
1586,4,Общепит и услуги,3,400444444444444443333333,0,1
1587,1,Продукты и маркетплейсы,3,011111111111111111000111,3,1
1588,0,Базовая корзина малых городов,0,000000000000000000000000,3,1
1589,0,Базовая корзина малых городов,0,000000000000000000000000,3,1
1590,1,Продукты и маркетплейсы,13,111011003131113131011111,3,0
1591,1,Продукты и маркетплейсы,1,111111111111111111110000,3,0
1592,0,Базовая корзина малых городов,0,000000000000000000000000,0,1
1593,1,Продукты и маркетплейсы,1,111111111111111111000000,3,0
1594,1,Продукты и маркетплейсы,7,111110111111111111101010,3,0
1595,0,Базовая корзина малых городов,0,000000000000000000000000,0,1
1596,0,Базовая корзина малых городов,4,111000000000111000000001,3,0
1597,4,Общепит и услуги,0,444444444444444444444444,0,4
1598,4,Общепит и услуги,0,444444444444444444444444,0,4
1599,3,Транспортная корзина,2,333333344444443333333333,0,4
1600,4,Общепит и услуги,1,444444444444444443333333,2,4
1601,4,Общепит и услуги,0,444444444444444444444444,0,4
1602,1,Продукты и маркетплейсы,4,111113333333133331111111,3,0
1603,3,Транспортная корзина,2,330033333333333333333333,0,1
1604,3,Транспортная корзина,1,000033333333333333333333,3,1
1605,1,Продукты и маркетплейсы,0,111111111111111111111111,3,0
1606,1,Продукты и маркетплейсы,2,111110011111111111111111,3,0
1607,1,Продукты и маркетплейсы,2,111111111331111111111111,3,0
1608,0,Базовая корзина малых городов,0,000000000000000000000000,0,1
1609,3,Транспортная корзина,0,333333333333333333333333,3,1
1610,0,Базовая корзина малых городов,1,100000000000000000000000,3,0
1611,0,Базовая корзина малых городов,3,333333300000333330000000,3,0
1612,0,Базовая корзина малых городов,2,000000000000000333333000,3,1
1613,1,Продукты и маркетплейсы,0,111111111111111111111111,3,0
1614,1,Продукты и маркетплейсы,0,111111111111111111111111,3,0
1615,3,Транспортная корзина,0,333333333333333333333333,0,1
1616,1,Продукты и маркетплейсы,6,111111330003333331311111,3,0
1617,1,Продукты и маркетплейсы,0,111111111111111111111111,3,0
1618,0,Базовая корзина малых городов,5,111113300000111330000000,3,0
1619,0,Базовая корзина малых городов,1,000000000000333333333333,3,1
1620,4,Общепит и услуги,0,444444444444444444444444,2,5
1621,3,Транспортная корзина,1,333333333333333111111111,3,0
1622,1,Продукты и маркетплейсы,4,111100011111111133333111,3,0
1623,3,Транспортная корзина,2,303333333333333333333333,3,1
1624,0,Базовая корзина малых городов,0,000000000000000000000000,3,1
1625,3,Транспортная корзина,0,333333333333333333333333,3,1
1626,1,Продукты и маркетплейсы,0,111111111111111111111111,3,0
1627,0,Базовая корзина малых городов,4,111111100000100000000001,3,0
1628,3,Транспортная корзина,1,111111333333333333333333,3,0
1629,3,Транспортная корзина,6,331133300000033333333033,3,1
1630,3,Транспортная корзина,3,113333333333333330111111,3,0
1631,0,Базовая корзина малых городов,3,000000000000003333333113,3,1
1632,4,Общепит и услуги,0,444444444444444444444444,0,4
1633,0,Базовая корзина малых городов,1,333333000000000000000000,3,0
1634,0,Базовая корзина малых городов,4,000000000000000333330300,3,1
1635,1,Продукты и маркетплейсы,6,111313311311111111111111,3,0
1636,0,Базовая корзина малых городов,2,233333333333000000000000,3,0
1637,1,Продукты и маркетплейсы,2,111111133333111111111111,3,0
1638,0,Базовая корзина малых городов,1,333333333333000000000000,3,1
1639,0,Базовая корзина малых городов,1,330000000000000000000000,3,1
1640,1,Продукты и маркетплейсы,4,111111313311111111111111,3,0
1641,0,Базовая корзина малых городов,0,000000000000000000000000,3,1
1642,1,Продукты и маркетплейсы,2,131111111111111111111111,3,0
1643,0,Базовая корзина малых городов,0,000000000000000000000000,3,1
1644,0,Базовая корзина малых городов,1,333333000000000000000000,3,1
1645,0,Базовая корзина малых городов,1,333333333333000000000000,3,0
1646,1,Продукты и маркетплейсы,4,111111133333333331001111,3,0
1647,1,Продукты и маркетплейсы,2,111111333333311111111111,3,0
1648,1,Продукты и маркетплейсы,0,111111111111111111111111,3,0
1649,0,Базовая корзина малых городов,2,233333333333000000000000,3,0
1650,3,Транспортная корзина,5,133311333333311100000000,3,0
1651,1,Продукты и маркетплейсы,3,311111333333331111111111,3,0
1652,3,Транспортная корзина,2,333333444444443333333333,0,1
1653,0,Базовая корзина малых городов,3,333330003333000000000000,3,0
1654,3,Транспортная корзина,3,333333333330033111111111,3,0
1655,1,Продукты и маркетплейсы,6,111111113303111110000011,3,0
1656,3,Транспортная корзина,8,133333033333300030011100,3,0
1657,1,Продукты и маркетплейсы,3,331111113333111111111111,3,0
1658,0,Базовая корзина малых городов,0,000000000000000000000000,3,1
1659,3,Транспортная корзина,3,000033000033333333333333,3,1
1660,1,Продукты и маркетплейсы,2,111111111311111111111111,3,0
1661,3,Транспортная корзина,2,333333333333311111000000,3,0
1662,1,Продукты и маркетплейсы,5,333322233333111131111111,3,0
1663,0,Базовая корзина малых городов,6,111111113313001000000000,3,0
1664,1,Продукты и маркетплейсы,5,111111133331011111100000,3,0
1665,4,Общепит и услуги,0,444444444444444444444444,0,4
1666,1,Продукты и маркетплейсы,5,331333111111333331111111,0,1
1667,0,Базовая корзина малых городов,1,000000000000033333333333,0,4
1668,3,Транспортная корзина,3,300000444444444333333333,0,3
1669,0,Базовая корзина малых городов,0,000000000000000000000000,0,4
1670,0,Базовая корзина малых городов,0,000000000000000000000000,0,1
1671,0,Базовая корзина малых городов,0,000000000000000000000000,0,4
1672,0,Базовая корзина малых городов,1,000000000000000002222222,0,4
1673,0,Базовая корзина малых городов,1,000000000000000002222222,0,4
1674,0,Базовая корзина малых городов,3,000000000000000003003333,0,4
1675,3,Транспортная корзина,2,333333300000333333333333,0,4
1676,0,Базовая корзина малых городов,0,000000000000000000000000,0,1
1678,1,Продукты и маркетплейсы,2,111111111111111110001111,3,0
1679,0,Базовая корзина малых городов,0,000000000000000000000000,3,0
1680,1,Продукты и маркетплейсы,4,111113113333311111111111,3,0
1681,1,Продукты и маркетплейсы,0,111111111111111111111111,3,0
1682,0,Базовая корзина малых городов,2,000333000000000000000000,3,0
1683,3,Транспортная корзина,5,030000000110333333333333,3,1
1685,0,Базовая корзина малых городов,1,111111111111000000000000,3,0
1686,0,Базовая корзина малых городов,0,000000000000000000000000,3,1
1687,3,Транспортная корзина,4,133333333333330300000000,3,0
1688,0,Базовая корзина малых городов,4,000000033313000000000000,3,0
1689,1,Продукты и маркетплейсы,2,111333331111111111111111,3,0
1690,1,Продукты и маркетплейсы,0,111111111111111111111111,3,0
1691,1,Продукты и маркетплейсы,1,311111111111111111111111,3,0
1692,0,Базовая корзина малых городов,0,000000000000000000000000,3,1
1693,3,Транспортная корзина,3,333333333333301110000000,3,0
1694,0,Базовая корзина малых городов,0,000000000000000000000000,3,0
1696,0,Базовая корзина малых городов,5,111333000033111110000000,3,0
1697,0,Базовая корзина малых городов,5,330000303333000000000000,3,0
1698,1,Продукты и маркетплейсы,4,111111111111001001111111,3,0
1699,0,Базовая корзина малых городов,1,333300000000000000000000,3,0
1700,0,Базовая корзина малых городов,0,000000000000000000000000,3,1
1701,0,Базовая корзина малых городов,0,000000000000000000000000,3,0
1702,1,Продукты и маркетплейсы,2,111111111111111111101111,3,0
1703,3,Транспортная корзина,5,333333300033330333331111,3,0
1704,0,Базовая корзина малых городов,2,000000000000000000033322,3,1
1705,0,Базовая корзина малых городов,0,000000000000000000000000,3,0
1706,0,Базовая корзина малых городов,7,301333311100000000111110,3,0
1707,4,Общепит и услуги,1,444444444444444443333333,0,4
1708,0,Базовая корзина малых городов,2,000000000000000003333000,0,4
1709,0,Базовая корзина малых городов,0,000000000000000000000000,0,4
1710,0,Базовая корзина малых городов,1,000000000000000000000011,3,0
1711,0,Базовая корзина малых городов,3,111111110111000000000000,3,0
1712,1,Продукты и маркетплейсы,3,111111111111101111000000,3,0
1714,1,Продукты и маркетплейсы,2,111111111111110111111111,3,0
1715,1,Продукты и маркетплейсы,7,111111111110000101100010,3,0
1717,0,Базовая корзина малых городов,5,000111101111000000000011,3,0
1718,1,Продукты и маркетплейсы,2,111111111111001111111111,3,0
1719,0,Базовая корзина малых городов,6,000333000000003330100000,3,1
1722,1,Продукты и маркетплейсы,0,111111111111111111111111,3,0
1724,1,Продукты и маркетплейсы,0,111111111111111111111111,3,0
1725,1,Продукты и маркетплейсы,0,111111111111111111111111,3,0
1726,4,Общепит и услуги,1,444444444444444443333333,0,1
1727,1,Продукты и маркетплейсы,0,111111111111111111111111,3,0
1728,1,Продукты и маркетплейсы,4,011111111111110010000000,3,0
1730,0,Базовая корзина малых городов,12,313331113311000100001010,3,0
1731,0,Базовая корзина малых городов,2,000000001000000000000000,3,1
1732,1,Продукты и маркетплейсы,0,111111111111111111111111,3,0
1733,1,Продукты и маркетплейсы,7,110111111101111111110100,3,0
1737,1,Продукты и маркетплейсы,0,111111111111111111111111,3,0
1738,1,Продукты и маркетплейсы,0,111111111111111111111111,3,0
1739,1,Продукты и маркетплейсы,0,111111111111111111111111,3,0
1740,3,Транспортная корзина,2,333333300033333333333333,3,1
1741,1,Продукты и маркетплейсы,0,111111111111111111111111,3,0
1742,0,Базовая корзина малых городов,2,000000000000000000000110,3,1
1743,1,Продукты и маркетплейсы,0,111111111111111111111111,3,0
1744,1,Продукты и маркетплейсы,0,111111111111111111111111,3,0
1745,1,Продукты и маркетплейсы,1,111111111111111111111100,3,1
1746,1,Продукты и маркетплейсы,0,111111111111111111111111,3,0
1747,1,Продукты и маркетплейсы,0,111111111111111111111111,3,0
1749,1,Продукты и маркетплейсы,0,111111111111111111111111,3,0
1750,1,Продукты и маркетплейсы,0,111111111111111111111111,3,0
1751,1,Продукты и маркетплейсы,2,111111131111111111111111,3,0
1752,0,Базовая корзина малых городов,2,011111100000000000000000,3,1
1753,1,Продукты и маркетплейсы,0,111111111111111111111111,3,0
1754,1,Продукты и маркетплейсы,5,333331311111131111111111,3,0
1755,1,Продукты и маркетплейсы,0,111111111111111111111111,3,1
1756,1,Продукты и маркетплейсы,0,111111111111111111111111,3,1
1757,1,Продукты и маркетплейсы,0,111111111111111111111111,3,0
1758,4,Общепит и услуги,1,444444444444444433333333,0,1
1759,0,Базовая корзина малых городов,1,111111111111000000000000,3,1
1760,1,Продукты и маркетплейсы,6,333333111131333111111133,3,0
1761,1,Продукты и маркетплейсы,0,111111111111111111111111,3,0
1762,1,Продукты и маркетплейсы,0,111111111111111111111111,3,0
1764,4,Общепит и услуги,1,444444444444444444444333,0,4
1765,0,Базовая корзина малых городов,1,000000000000003333333333,0,4
1766,0,Базовая корзина малых городов,0,000000000000000000000000,3,1
1768,0,Базовая корзина малых городов,2,000000000000000330000000,3,1
1769,0,Базовая корзина малых городов,3,001111000000000000011111,3,1
1770,0,Базовая корзина малых городов,0,000000000000000000000000,0,1
1771,1,Продукты и маркетплейсы,0,111111111111111111111111,3,0
1773,1,Продукты и маркетплейсы,0,111111111111111111111111,3,0
1774,0,Базовая корзина малых городов,3,111111000111111000000000,3,1
1775,1,Продукты и маркетплейсы,2,111111111111113311111111,3,0
1776,0,Базовая корзина малых городов,2,000000000011000000000000,3,1
1777,1,Продукты и маркетплейсы,4,111133311111113331111111,3,0
1778,0,Базовая корзина малых городов,1,000000000000000033333333,3,1
1780,0,Базовая корзина малых городов,0,000000000000000000000000,3,1
1781,1,Продукты и маркетплейсы,3,111111003311111111111111,3,0
1782,0,Базовая корзина малых городов,0,000000000000000000000000,3,1
1783,4,Общепит и услуги,0,444444444444444444444444,0,1
1784,1,Продукты и маркетплейсы,0,111111111111111111111111,3,0
1785,0,Базовая корзина малых городов,5,000000000000000033033001,3,1
1786,0,Базовая корзина малых городов,2,000000000000000003333000,3,1
1787,3,Транспортная корзина,4,111111303333333333333111,3,0
1788,0,Базовая корзина малых городов,2,000000000000000003333000,3,1
1845,4,Общепит и услуги,0,444444444444444444444444,0,4
1846,0,Базовая корзина малых городов,1,000000000000003333333333,0,4
1848,1,Продукты и маркетплейсы,0,111111111111111111111111,3,0
1849,1,Продукты и маркетплейсы,2,111111111101111111111111,3,0
1850,1,Продукты и маркетплейсы,5,111111111111101100010000,3,0
1851,1,Продукты и маркетплейсы,0,111111111111111111111111,3,0
1852,1,Продукты и маркетплейсы,1,111111111111111111100000,3,0
1853,1,Продукты и маркетплейсы,0,111111111111111111111111,3,0
1854,1,Продукты и маркетплейсы,0,111111111111111111111111,3,0
1855,1,Продукты и маркетплейсы,0,111111111111111111111111,3,0
1856,1,Продукты и маркетплейсы,0,111111111111111111111111,3,1
1857,1,Продукты и маркетплейсы,1,011111111111111111111111,3,0
1858,1,Продукты и маркетплейсы,1,111111111111111111111110,3,0
1859,0,Базовая корзина малых городов,0,000000000000000000000000,0,1
1860,1,Продукты и маркетплейсы,3,111111111111111301111111,3,1
1861,0,Базовая корзина малых городов,0,000000000000000000000000,0,1
1862,1,Продукты и маркетплейсы,0,111111111111111111111111,3,1
1863,3,Транспортная корзина,2,000000004444433333333333,0,1
1864,1,Продукты и маркетплейсы,0,111111111111111111111111,3,0
1865,1,Продукты и маркетплейсы,0,111111111111111111111111,3,0
1868,1,Продукты и маркетплейсы,0,111111111111111111111111,3,0
1869,1,Продукты и маркетплейсы,3,111111111011111100000000,3,0
1870,1,Продукты и маркетплейсы,0,111111111111111111111111,3,0
1871,1,Продукты и маркетплейсы,0,111111111111111111111111,3,0
1872,1,Продукты и маркетплейсы,0,111111111111111111111111,3,0
1873,1,Продукты и маркетплейсы,0,111111111111111111111111,3,1
1874,4,Общепит и услуги,0,444444444444444444444444,0,4
1875,0,Базовая корзина малых городов,1,000000000000000333333333,0,4
1876,0,Базовая корзина малых городов,1,000000000000003333333333,0,4
1877,4,Общепит и услуги,3,400044444444444443333333,0,4
1878,0,Базовая корзина малых городов,0,000000000000000000000000,0,1
1879,0,Базовая корзина малых городов,1,000000000000000033333333,0,3
1880,0,Базовая корзина малых городов,3,111111000000003333000000,0,1
1881,4,Общепит и услуги,2,000044444444444333333333,0,4
1883,0,Базовая корзина малых городов,1,000000000000003333333333,0,4
1884,1,Продукты и маркетплейсы,2,111111111111111110111111,3,0
1885,0,Базовая корзина малых городов,0,000000000000000000000000,0,1
1886,0,Базовая корзина малых городов,2,000000001111000000000000,3,0
1887,1,Продукты и маркетплейсы,0,111111111111111111111111,3,0
1888,1,Продукты и маркетплейсы,1,111111111111110000000000,3,0
1889,1,Продукты и маркетплейсы,1,111111111111111111100000,3,0
1890,4,Общепит и услуги,1,444444444444444444433333,2,5
1891,1,Продукты и маркетплейсы,0,111111111111111111111111,3,0
1892,1,Продукты и маркетплейсы,0,111111111111111111111111,3,0
1893,1,Продукты и маркетплейсы,7,333303111111110333111110,3,0
1894,0,Базовая корзина малых городов,0,000000000000000000000000,3,1
1895,0,Базовая корзина малых городов,0,000000000000000000000000,3,1
1896,1,Продукты и маркетплейсы,0,111111111111111111111111,3,0
1897,1,Продукты и маркетплейсы,0,111111111111111111111111,3,0
1898,1,Продукты и маркетплейсы,4,010111111111111111111110,3,0
1899,0,Базовая корзина малых городов,0,000000000000000000000000,0,1
1900,0,Базовая корзина малых городов,2,010000000000000000000000,3,1
1901,1,Продукты и маркетплейсы,2,111111111111111111000001,3,0
1902,1,Продукты и маркетплейсы,3,111111111111110110000000,3,0
1903,1,Продукты и маркетплейсы,2,111111111111111110001111,3,0
1904,0,Базовая корзина малых городов,2,000000000000000030000000,3,1
1905,3,Транспортная корзина,2,000000044444444333333333,0,1
1906,3,Транспортная корзина,4,330300000000333333333333,3,1
1907,1,Продукты и маркетплейсы,0,111111111111111111111111,3,0
1908,1,Продукты и маркетплейсы,0,111111111111111111111111,3,0
1909,1,Продукты и маркетплейсы,0,111111111111111111111111,3,0
1910,1,Продукты и маркетплейсы,0,111111111111111111111111,3,0
1912,0,Базовая корзина малых городов,2,000000000000000000333300,3,1
1915,1,Продукты и маркетплейсы,0,111111111111111111111111,3,0
1916,1,Продукты и маркетплейсы,0,111111111111111111111111,3,0
1917,1,Продукты и маркетплейсы,1,000111111111111111111111,3,1
1918,1,Продукты и маркетплейсы,0,111111111111111111111111,3,0
1919,3,Транспортная корзина,2,000000004444443333333333,0,4
1920,3,Транспортная корзина,4,000333110000033333333333,3,1
1921,1,Продукты и маркетплейсы,0,111111111111111111111111,3,0
1922,0,Базовая корзина малых городов,1,000000000000003333333333,0,1
1923,1,Продукты и маркетплейсы,9,011110101111111110111101,3,0
1924,1,Продукты и маркетплейсы,2,111111111111133111111111,3,0
1925,1,Продукты и маркетплейсы,2,111111111111111100111111,3,0
1926,1,Продукты и маркетплейсы,0,111111111111111111111111,3,0
1927,1,Продукты и маркетплейсы,0,111111111111111111111111,3,1
1928,1,Продукты и маркетплейсы,0,111111111111111111111111,3,0
1929,1,Продукты и маркетплейсы,0,111111111111111111111111,3,0
1930,0,Базовая корзина малых городов,5,110000111110000000110000,3,1
1931,0,Базовая корзина малых городов,4,000111111111001000000000,3,1
1932,1,Продукты и маркетплейсы,2,131111111111111111111111,3,0
1933,1,Продукты и маркетплейсы,0,111111111111111111111111,3,0
1934,0,Базовая корзина малых городов,0,000000000000000000000000,3,1
1935,1,Продукты и маркетплейсы,2,111111111111011111111111,3,0
1936,0,Базовая корзина малых городов,3,000300000000003333333333,3,1
1937,1,Продукты и маркетплейсы,3,000001111000001111111111,3,0
1938,1,Продукты и маркетплейсы,1,211111111111111111111111,3,0
1939,0,Базовая корзина малых городов,2,000000000000000000111000,3,1
1940,1,Продукты и маркетплейсы,0,111111111111111111111111,3,0
1941,1,Продукты и маркетплейсы,0,111111111111111111111111,3,1
1942,1,Продукты и маркетплейсы,4,111111111111100011011111,3,0
1943,1,Продукты и маркетплейсы,0,111111111111111111111111,3,0
1944,1,Продукты и маркетплейсы,0,111111111111111111111111,3,1
1945,1,Продукты и маркетплейсы,0,111111111111111111111111,3,0
1947,0,Базовая корзина малых городов,2,000000111100000000000000,3,1
1948,0,Базовая корзина малых городов,4,330113300000000000000000,3,1
1949,1,Продукты и маркетплейсы,0,111111111111111111111111,3,0
1950,0,Базовая корзина малых городов,3,110011100000000000000000,3,1
1951,1,Продукты и маркетплейсы,6,110000111111100001100011,3,0
1952,4,Общепит и услуги,1,444444444444444443333333,0,4
1954,2,Дорогая корзина без онлайна,5,222222223333220000002000,1,2
1955,2,Дорогая корзина без онлайна,0,222222222222222222222222,1,2
1956,2,Дорогая корзина без онлайна,0,222222222222222222222222,1,2
1957,2,Дорогая корзина без онлайна,0,222222222222222222222222,1,2
1958,2,Дорогая корзина без онлайна,0,222222222222222222222222,1,3
1959,2,Дорогая корзина без онлайна,0,222222222222222222222222,1,2
1960,2,Дорогая корзина без онлайна,0,222222222222222222222222,1,2
1961,4,Общепит и услуги,1,444444444444442222222222,1,3
1962,2,Дорогая корзина без онлайна,0,222222222222222222222222,1,3
1963,2,Дорогая корзина без онлайна,0,222222222222222222222222,1,2
1965,2,Дорогая корзина без онлайна,2,222222333333222222222222,1,2
1966,2,Дорогая корзина без онлайна,1,222222222222222222222233,1,2
1967,2,Дорогая корзина без онлайна,0,222222222222222222222222,1,2
1968,2,Дорогая корзина без онлайна,0,222222222222222222222222,1,3
1969,2,Дорогая корзина без онлайна,0,222222222222222222222222,1,2
1970,2,Дорогая корзина без онлайна,0,222222222222222222222222,1,3
1971,4,Общепит и услуги,0,444444444444444444444444,2,4
1972,0,Базовая корзина малых городов,0,000000000000000000000000,0,4
1973,0,Базовая корзина малых городов,0,000000000000000000000000,0,4
1974,0,Базовая корзина малых городов,2,000000000004444433333333,0,4
1975,0,Базовая корзина малых городов,0,000000000000000000000000,0,1
1976,0,Базовая корзина малых городов,0,000000000000000000000000,0,4
1977,4,Общепит и услуги,0,444444444444444444444444,0,4
1978,0,Базовая корзина малых городов,1,000000000000000003333333,0,4
1979,4,Общепит и услуги,0,444444444444444444444444,0,4
1980,0,Базовая корзина малых городов,2,444000000000000000033333,0,4
1981,0,Базовая корзина малых городов,1,000000000000000000000022,0,4
1982,0,Базовая корзина малых городов,0,000000000000000000000000,0,4
1983,0,Базовая корзина малых городов,1,000000000000003333333333,0,1
1984,0,Базовая корзина малых городов,7,000000001010000000031000,0,1
1985,0,Базовая корзина малых городов,1,000000000000033333333333,0,4
1986,4,Общепит и услуги,3,440044444444444443333333,0,4
1987,3,Транспортная корзина,2,333333300003333333333333,0,4
1988,0,Базовая корзина малых городов,0,000000000000000000000000,0,1
1989,0,Базовая корзина малых городов,0,000000000000000000000000,0,1
1990,0,Базовая корзина малых городов,3,000000000000000002333322,1,3
1991,0,Базовая корзина малых городов,0,000000000000000000000000,0,4
1992,0,Базовая корзина малых городов,0,000000000000000000000000,0,4
1993,4,Общепит и услуги,2,000000444444444443333333,0,4
1994,0,Базовая корзина малых городов,0,000000000000000000000000,0,4
1995,3,Транспортная корзина,4,300333300000333333333333,0,4
1996,0,Базовая корзина малых городов,0,000000000000000000000000,0,4
1997,0,Базовая корзина малых городов,0,000000000000000000000000,0,4
1999,0,Базовая корзина малых городов,2,440000000000000002222222,0,4
2000,4,Общепит и услуги,0,444444444444444444444444,0,4
2001,0,Базовая корзина малых городов,0,000000000000000000000000,0,4
2002,0,Базовая корзина малых городов,0,000000000000000000000000,0,4
2004,4,Общепит и услуги,1,444444444444444444333333,0,4
2005,0,Базовая корзина малых городов,2,000000000000444443333333,0,4
2006,4,Общепит и услуги,3,444004444444444443333333,0,4
2007,0,Базовая корзина малых городов,0,000000000000000000000000,0,1
2008,0,Базовая корзина малых городов,0,000000000000000000000000,0,4
2009,0,Базовая корзина малых городов,0,000000000000000000000000,0,3
2010,0,Базовая корзина малых городов,2,000000000000044433333333,0,4
2011,0,Базовая корзина малых городов,2,000000000000000000033000,0,4
2012,0,Базовая корзина малых городов,0,000000000000000000000000,0,1
2015,0,Базовая корзина малых городов,0,000000000000000000000000,0,1
2017,3,Транспортная корзина,2,333333333333333333111000,3,0
2018,0,Базовая корзина малых городов,3,333333333303000000000000,0,1
2019,3,Транспортная корзина,2,333000000000333333333333,0,1
2021,3,Транспортная корзина,4,300330000000333333333333,3,1
2022,1,Продукты и маркетплейсы,6,111111133111111110001101,3,0
2023,0,Базовая корзина малых городов,4,330000000003333000000033,3,0
2024,3,Транспортная корзина,5,303333333044433333333333,0,1
2025,3,Транспортная корзина,0,333333333333333333333333,3,2
2027,0,Базовая корзина малых городов,0,000000000000000000000000,0,1
2028,0,Базовая корзина малых городов,3,100000000011000000000000,0,1
2030,3,Транспортная корзина,1,333333333333333330000000,3,1
2031,0,Базовая корзина малых городов,0,000000000000000000000000,3,1
2032,4,Общепит и услуги,3,444400044444444433333333,0,4
2033,4,Общепит и услуги,1,444444444444444443333333,0,4
2034,3,Транспортная корзина,1,000000000033333333333333,0,1
2035,0,Базовая корзина малых городов,0,000000000000000000000000,3,1
2036,0,Базовая корзина малых городов,0,000000000000000000000000,3,1
2037,1,Продукты и маркетплейсы,2,111111111111111110000011,3,0
2039,0,Базовая корзина малых городов,0,000000000000000000000000,3,0
2040,4,Общепит и услуги,4,000000444444444333332233,3,2
2041,0,Базовая корзина малых городов,1,333333000000000000000000,3,0
2042,0,Базовая корзина малых городов,0,000000000000000000000000,0,1
2043,1,Продукты и маркетплейсы,8,111133011313111111111110,3,0
2044,4,Общепит и услуги,1,444444444444444444333333,0,4
2045,0,Базовая корзина малых городов,2,000000000000000003333330,0,4
2046,1,Продукты и маркетплейсы,4,011111111111111110010000,3,0
2047,0,Базовая корзина малых городов,1,000000000000003333333333,0,1
2048,0,Базовая корзина малых городов,1,000000000000003333333333,0,1
2049,1,Продукты и маркетплейсы,0,111111111111111111111111,3,0
2050,1,Продукты и маркетплейсы,2,111111111111111111111001,3,0
2051,0,Базовая корзина малых городов,0,000000000000000000000000,0,1
2052,1,Продукты и маркетплейсы,4,011111111111111111110100,3,1
2053,1,Продукты и маркетплейсы,0,111111111111111111111111,3,0
2054,1,Продукты и маркетплейсы,0,111111111111111111111111,3,0
2055,0,Базовая корзина малых городов,4,011000000100000000000000,3,1
2056,1,Продукты и маркетплейсы,0,111111111111111111111111,3,0
2057,1,Продукты и маркетплейсы,4,111111111111011111111101,3,0
2058,1,Продукты и маркетплейсы,0,111111111111111111111111,3,0
2059,0,Базовая корзина малых городов,2,000011111110000000000000,3,1
2060,0,Базовая корзина малых городов,1,000000000000003333333333,0,1
2061,1,Продукты и маркетплейсы,4,003331113111111111111111,3,1
2062,0,Базовая корзина малых городов,2,000000000000000003333000,0,1
2063,4,Общепит и услуги,1,444444444444444443333333,2,5
2064,0,Базовая корзина малых городов,2,011110000000000000000000,3,0
2065,1,Продукты и маркетплейсы,0,111111111111111111111111,3,0
2066,1,Продукты и маркетплейсы,3,111111111111111111011000,3,0
2067,1,Продукты и маркетплейсы,0,111111111111111111111111,3,0
2068,1,Продукты и маркетплейсы,0,111111111111111111111111,3,0
2069,0,Базовая корзина малых городов,2,011000000000000000000000,3,0
2070,0,Базовая корзина малых городов,0,000000000000000000000000,0,1
2072,1,Продукты и маркетплейсы,0,111111111111111111111111,0,1
2073,0,Базовая корзина малых городов,2,000000011110000000000000,0,4
2074,0,Базовая корзина малых городов,1,000000000000333333333333,0,4
2075,1,Продукты и маркетплейсы,0,111111111111111111111111,0,1
2076,1,Продукты и маркетплейсы,2,111111111111333331111111,0,4
2077,1,Продукты и маркетплейсы,0,111111111111111111111111,3,1
2078,1,Продукты и маркетплейсы,0,111111111111111111111111,3,0
2079,1,Продукты и маркетплейсы,0,111111111111111111111111,3,0
2080,1,Продукты и маркетплейсы,0,111111111111111111111111,3,0
2081,1,Продукты и маркетплейсы,1,111111111111111111111100,3,0
2082,1,Продукты и маркетплейсы,0,111111111111111111111111,3,0
2085,1,Продукты и маркетплейсы,0,111111111111111111111111,3,0
2087,1,Продукты и маркетплейсы,0,111111111111111111111111,3,0
2088,1,Продукты и маркетплейсы,0,111111111111111111111111,3,0
2089,1,Продукты и маркетплейсы,0,111111111111111111111111,3,0
2090,1,Продукты и маркетплейсы,0,111111111111111111111111,3,0
2091,1,Продукты и маркетплейсы,0,111111111111111111111111,3,0
2093,1,Продукты и маркетплейсы,0,111111111111111111111111,3,0
2094,1,Продукты и маркетплейсы,0,111111111111111111111111,3,0
2095,1,Продукты и маркетплейсы,0,111111111111111111111111,3,0
2096,1,Продукты и маркетплейсы,0,111111111111111111111111,3,0
2098,1,Продукты и маркетплейсы,0,111111111111111111111111,3,0
2100,1,Продукты и маркетплейсы,5,101111111000003333331111,3,0
2101,4,Общепит и услуги,1,444444444444444444444333,0,4
2105,0,Базовая корзина малых городов,0,000000000000000000000000,0,4
2108,0,Базовая корзина малых городов,1,000000000000003333333333,0,4
2109,0,Базовая корзина малых городов,2,000000000000000000033000,0,4
2110,1,Продукты и маркетплейсы,2,111110000111111111111111,3,0
2111,0,Базовая корзина малых городов,0,000000000000000000000000,3,1
2112,1,Продукты и маркетплейсы,5,010111011111111111111111,3,0
2113,0,Базовая корзина малых городов,1,000000000000003333333333,3,1
2114,0,Базовая корзина малых городов,1,000000000000000000011111,3,0
2116,1,Продукты и маркетплейсы,0,111111111111111111111111,3,0
2117,1,Продукты и маркетплейсы,4,111110000011111111133111,3,0
2118,1,Продукты и маркетплейсы,5,001110000111111111110011,3,0
2119,4,Общепит и услуги,1,444444444444444443333333,0,1
2120,0,Базовая корзина малых городов,2,000000000000003300000000,3,1
2121,0,Базовая корзина малых городов,4,001111111111000001100000,3,1
2122,0,Базовая корзина малых городов,0,000000000000000000000000,3,1
2124,0,Базовая корзина малых городов,1,000000000000000333333333,0,1
2125,1,Продукты и маркетплейсы,0,111111111111111111111111,3,0
2126,0,Базовая корзина малых городов,2,000000000000001000000000,3,1
2127,1,Продукты и маркетплейсы,0,111111111111111111111111,3,0
2128,1,Продукты и маркетплейсы,3,000011111111100000011111,3,1
2129,1,Продукты и маркетплейсы,0,111111111111111111111111,3,0
2130,1,Продукты и маркетплейсы,12,131111333311311131333031,3,0
2131,0,Базовая корзина малых городов,0,000000000000000000000000,0,1
2132,1,Продукты и маркетплейсы,2,111111133331111111111111,3,0
2133,1,Продукты и маркетплейсы,0,111111111111111111111111,3,0
2134,0,Базовая корзина малых городов,7,111110000001111010100000,3,0
2136,3,Транспортная корзина,1,111111333333333333333333,3,0
2137,1,Продукты и маркетплейсы,0,111111111111111111111111,3,0
2138,1,Продукты и маркетплейсы,0,111111111111111111111111,3,0
2139,1,Продукты и маркетплейсы,4,011110000311111111111111,3,0
2140,1,Продукты и маркетплейсы,0,111111111111111111111111,3,0
2142,1,Продукты и маркетплейсы,0,111111111111111111111111,3,0
2143,1,Продукты и маркетплейсы,2,111111111111113111111111,3,0
2144,4,Общепит и услуги,0,444444444444444444444444,0,4
2145,0,Базовая корзина малых городов,4,000100000000100000000000,3,1
2146,0,Базовая корзина малых городов,1,000000000000000002222222,1,3
2148,2,Дорогая корзина без онлайна,3,222222222222202000000000,1,3
2149,3,Транспортная корзина,1,333333333333300000000000,3,1
2150,1,Продукты и маркетплейсы,4,111111133333111110000011,3,0
2151,0,Базовая корзина малых городов,0,000000000000000000000000,3,1
2152,1,Продукты и маркетплейсы,0,111111111111111111111111,3,0
2153,0,Базовая корзина малых городов,0,000000000000000000000000,1,3
2154,1,Продукты и маркетплейсы,6,113333303311111110000001,3,0
2155,0,Базовая корзина малых городов,0,000000000000000000000000,3,1
2156,1,Продукты и маркетплейсы,0,111111111111111111111111,3,0
2157,1,Продукты и маркетплейсы,5,111111003111111110000011,3,0
2158,0,Базовая корзина малых городов,0,000000000000000000000000,1,3
2159,1,Продукты и маркетплейсы,2,111111113111111111111111,3,0
2160,1,Продукты и маркетплейсы,0,111111111111111111111111,3,0
2161,4,Общепит и услуги,0,444444444444444444444444,0,1
2162,1,Продукты и маркетплейсы,0,111111111111111111111111,3,0
2163,0,Базовая корзина малых городов,1,333333000000000000000000,3,0
2164,4,Общепит и услуги,0,444444444444444444444444,0,4
2165,0,Базовая корзина малых городов,1,000000000000000033333333,0,4
2167,0,Базовая корзина малых городов,1,000000000000000333333333,0,4
2168,0,Базовая корзина малых городов,1,000000000000003333333333,0,4
2169,3,Транспортная корзина,2,000000444444444333333333,0,4
2171,0,Базовая корзина малых городов,5,111110000111001000000000,3,0
2172,1,Продукты и маркетплейсы,0,111111111111111111111111,3,0
2173,0,Базовая корзина малых городов,0,000000000000000000000000,3,1
2174,0,Базовая корзина малых городов,0,000000000000000000000000,3,1
2175,1,Продукты и маркетплейсы,0,111111111111111111111111,3,0
2176,0,Базовая корзина малых городов,6,011011011111000000000000,3,0
2177,0,Базовая корзина малых городов,1,000000000000003333333333,3,1
2178,1,Продукты и маркетплейсы,5,000111111111111111010011,3,0
2179,0,Базовая корзина малых городов,0,000000000000000000000000,3,1
2180,0,Базовая корзина малых городов,0,000000000000000000000000,3,1
2181,1,Продукты и маркетплейсы,0,111111111111111111111111,3,0
2182,1,Продукты и маркетплейсы,7,001011101100000001111111,3,0
2183,0,Базовая корзина малых городов,0,000000000000000000000000,3,1
2184,1,Продукты и маркетплейсы,2,111111111111111101111111,3,1
2185,1,Продукты и маркетплейсы,0,111111111111111111111111,3,0
2186,0,Базовая корзина малых городов,1,000000000000000003333333,0,1
2187,0,Базовая корзина малых городов,0,000000000000000000000000,3,0
2188,0,Базовая корзина малых городов,1,000000000000000003333333,0,1
2189,0,Базовая корзина малых городов,0,000000000000000000000000,0,1
2190,4,Общепит и услуги,0,444444444444444444444444,2,4
2191,3,Транспортная корзина,0,333333333333333333333333,0,4
2192,3,Транспортная корзина,3,000333334444333333333333,0,4
2193,4,Общепит и услуги,0,444444444444444444444444,0,4
2194,3,Транспортная корзина,0,333333333333333333333333,0,4
2195,3,Транспортная корзина,4,131333333333333331111111,3,0
2196,1,Продукты и маркетплейсы,2,111111113111111111111111,3,0
2197,1,Продукты и маркетплейсы,2,111111111311111111111111,3,0
2198,1,Продукты и маркетплейсы,0,111111111111111111111111,3,0
2199,3,Транспортная корзина,1,333333333333330000000000,3,2
2200,3,Транспортная корзина,2,333333331111333333333333,3,0
2201,3,Транспортная корзина,1,333333333333333331111111,3,0
2202,3,Транспортная корзина,1,333333333333333333000000,3,2
2203,3,Транспортная корзина,0,333333333333333333333333,3,1
2204,3,Транспортная корзина,5,113333333333311130000111,3,0
2205,3,Транспортная корзина,6,333333300003333311011000,3,0
2206,3,Транспортная корзина,3,333333333333333311000011,3,0
2207,1,Продукты и маркетплейсы,0,111111111111111111111111,3,0
2208,3,Транспортная корзина,0,333333333333333333333333,3,0
2210,4,Общепит и услуги,0,444444444444444444444444,2,5
2211,0,Базовая корзина малых городов,0,000000000000000000000000,1,3
2212,3,Транспортная корзина,4,333333333333333330011103,3,0
2213,1,Продукты и маркетплейсы,2,111111133333111111111111,3,0
2215,3,Транспортная корзина,2,333333333333333333033333,3,2
2216,4,Общепит и услуги,0,444444444444444444444444,0,4
2217,4,Общепит и услуги,0,444444444444444444444444,1,3
2218,0,Базовая корзина малых городов,4,400000044000000022222222,1,3
2219,4,Общепит и услуги,3,400000444444444442222222,1,3
2220,4,Общепит и услуги,0,444444444444444444444444,1,3
2221,4,Общепит и услуги,0,444444444444444444444444,0,4
2222,4,Общепит и услуги,1,444444444444444442222222,1,3
2223,0,Базовая корзина малых городов,1,000000000000000002222222,1,3
2224,4,Общепит и услуги,3,000000444444444442233333,1,3
2225,0,Базовая корзина малых городов,1,000000000000000002222222,1,3
2226,4,Общепит и услуги,0,444444444444444444444444,0,4
2227,4,Общепит и услуги,1,444444444444444444433333,0,4
2228,4,Общепит и услуги,1,444444444444444444433333,0,4
2229,4,Общепит и услуги,3,440000444444444422222222,1,3
2230,0,Базовая корзина малых городов,5,000200000020000002222222,1,1
2231,0,Базовая корзина малых городов,2,000000000000443333333333,1,3
2232,0,Базовая корзина малых городов,1,000000000000000022222222,1,3
2233,0,Базовая корзина малых городов,1,000000000000000002222222,1,3
2234,0,Базовая корзина малых городов,2,000000000000000000030000,1,3
2235,3,Транспортная корзина,3,400000444444443333333333,1,3
2236,4,Общепит и услуги,3,400000044444444422222222,1,3
2237,4,Общепит и услуги,3,444044444444444443333333,1,3
2238,4,Общепит и услуги,0,444444444444444444444444,1,4
2241,0,Базовая корзина малых городов,4,000000444000004422222222,1,3
2242,4,Общепит и услуги,0,444444444444444444444444,1,3
2243,4,Общепит и услуги,0,444444444444444444444444,1,3
2244,2,Дорогая корзина без онлайна,0,222222222222222222222222,1,3
2245,4,Общепит и услуги,1,444444444444444422222222,1,3
2248,0,Базовая корзина малых городов,5,400000440000004222222222,1,3
2249,2,Дорогая корзина без онлайна,2,222222222233222222222222,1,2
2250,2,Дорогая корзина без онлайна,0,222222222222222222222222,1,3
2251,4,Общепит и услуги,1,444444444444444444443333,0,4
2252,0,Базовая корзина малых городов,1,000000000000003333333333,0,4
2253,0,Базовая корзина малых городов,0,000000000000000000000000,0,1
2254,1,Продукты и маркетплейсы,2,111111111133111111111111,3,0
2255,1,Продукты и маркетплейсы,0,111111111111111111111111,3,0
2256,1,Продукты и маркетплейсы,0,111111111111111111111111,3,0
2257,1,Продукты и маркетплейсы,0,111111111111111111111111,3,0
2258,1,Продукты и маркетплейсы,0,111111111111111111111111,3,0
2259,1,Продукты и маркетплейсы,0,111111111111111111111111,3,0
2260,1,Продукты и маркетплейсы,0,111111111111111111111111,3,0
2262,1,Продукты и маркетплейсы,4,111311331111111111111111,3,0
2264,1,Продукты и маркетплейсы,1,000000001111111111111111,3,1
2265,1,Продукты и маркетплейсы,0,111111111111111111111111,3,0
2266,1,Продукты и маркетплейсы,0,111111111111111111111111,3,0
2267,1,Продукты и маркетплейсы,4,111111111111111101111011,3,0
2268,1,Продукты и маркетплейсы,0,111111111111111111111111,3,0
2269,1,Продукты и маркетплейсы,5,111111111111111101111010,3,0
2270,1,Продукты и маркетплейсы,0,111111111111111111111111,3,0
2271,1,Продукты и маркетплейсы,0,111111111111111111111111,3,0
2272,0,Базовая корзина малых городов,1,330000000000000000000000,3,1
2274,0,Базовая корзина малых городов,3,333333300000003330000000,3,1
2275,4,Общепит и услуги,0,444444444444444444444444,0,4
2276,0,Базовая корзина малых городов,0,000000000000000000000000,0,4
2278,0,Базовая корзина малых городов,0,000000000000000000000000,0,1
2279,4,Общепит и услуги,3,400004444444444443333333,0,4
2280,0,Базовая корзина малых городов,1,000000000000003333333333,0,4
2281,4,Общепит и услуги,1,444444444444444444444333,0,4
2282,4,Общепит и услуги,1,444444444444444443333333,0,4
2286,3,Транспортная корзина,2,333333300000333333333333,0,4
2287,0,Базовая корзина малых городов,2,000000000000000000030000,0,1
2288,0,Базовая корзина малых городов,2,000000000000044433333333,0,4
2289,0,Базовая корзина малых городов,1,000000000000003333333333,0,4
2292,3,Транспортная корзина,1,333333333333330000000000,3,0
2293,0,Базовая корзина малых городов,0,000000000000000000000000,0,1
2294,1,Продукты и маркетплейсы,1,111111111111111100000000,3,0
2295,3,Транспортная корзина,2,333333333333333333111133,3,0
2296,0,Базовая корзина малых городов,0,000000000000000000000000,3,1
2297,0,Базовая корзина малых городов,0,000000000000000000000000,3,1
2298,0,Базовая корзина малых городов,2,000001111100000000000000,3,1
2299,0,Базовая корзина малых городов,0,000000000000000000000000,0,1
2300,0,Базовая корзина малых городов,0,000000000000000000000000,3,1
2301,0,Базовая корзина малых городов,3,100000000000000330000000,3,1
2302,0,Базовая корзина малых городов,5,200030333300000000000000,3,0
2303,0,Базовая корзина малых городов,0,000000000000000000000000,0,1
2304,0,Базовая корзина малых городов,0,000000000000000000000000,3,1
2305,3,Транспортная корзина,5,333331333333331111111130,3,0
2307,0,Базовая корзина малых городов,3,110111111111000000000000,3,0
2308,1,Продукты и маркетплейсы,1,111111111111111111110000,3,0
2309,1,Продукты и маркетплейсы,2,011111111111111110000000,3,0
2310,0,Базовая корзина малых городов,0,000000000000000000000000,3,1
2311,0,Базовая корзина малых городов,1,000000000000000333333333,0,1
2312,4,Общепит и услуги,0,444444444444444444444444,0,1
2314,0,Базовая корзина малых городов,1,333330000000000000000000,3,1
2315,1,Продукты и маркетплейсы,3,111111111110111100000000,3,0
2316,0,Базовая корзина малых городов,2,000300000000000000000000,3,0
2317,3,Транспортная корзина,2,333333333333111100000000,3,0
2318,4,Общепит и услуги,0,444444444444444444444444,0,4
2320,4,Общепит и услуги,2,000000044444444443333333,0,4
2321,0,Базовая корзина малых городов,4,000011111111001000000000,3,0
2322,0,Базовая корзина малых городов,4,000011100001110000000000,3,0
2323,1,Продукты и маркетплейсы,0,111111111111111111111111,3,0
2324,0,Базовая корзина малых городов,0,000000000000000000000000,3,1
2325,0,Базовая корзина малых городов,0,000000000000000000000000,3,1
2326,0,Базовая корзина малых городов,2,000111111000000000000000,3,0
2327,0,Базовая корзина малых городов,0,000000000000000000000000,3,1
2328,0,Базовая корзина малых городов,0,000000000000000000000000,3,1
2329,0,Базовая корзина малых городов,0,000000000000000000000000,3,1
2330,0,Базовая корзина малых городов,2,000000000111000000000000,3,0
2332,1,Продукты и маркетплейсы,1,111111111111100000000000,3,0
2333,0,Базовая корзина малых городов,1,000000000000000333333333,0,1
2334,0,Базовая корзина малых городов,1,000000000000000000033333,3,1
2335,0,Базовая корзина малых городов,4,000000000000000000333030,0,1
2336,0,Базовая корзина малых городов,1,000000000000000033333333,0,1
2337,4,Общепит и услуги,1,444444444444444444333333,2,5
2338,2,Дорогая корзина без онлайна,0,222222222222222222222222,1,4
2339,2,Дорогая корзина без онлайна,2,222222322222222222222222,1,2
2340,3,Транспортная корзина,2,300000000000333333333333,3,2
2341,2,Дорогая корзина без онлайна,0,222222222222222222222222,1,3
2342,0,Базовая корзина малых городов,2,222222222333330000000000,3,2
2343,2,Дорогая корзина без онлайна,1,222222222222222223333333,1,2
2344,2,Дорогая корзина без онлайна,5,444444224442222222224442,1,3
2345,2,Дорогая корзина без онлайна,0,222222222222222222222222,1,3
2348,2,Дорогая корзина без онлайна,0,222222222222222222222222,1,3
2349,2,Дорогая корзина без онлайна,0,222222222222222222222222,1,3
2351,4,Общепит и услуги,0,444444444444444444444444,2,5
2352,4,Общепит и услуги,0,444444444444444444444444,2,5
2353,4,Общепит и услуги,0,444444444444444444444444,2,5
2354,4,Общепит и услуги,0,444444444444444444444444,2,5
2355,4,Общепит и услуги,0,444444444444444444444444,2,5
2356,4,Общепит и услуги,0,444444444444444444444444,2,5
2357,4,Общепит и услуги,0,444444444444444444444444,2,5
2358,4,Общепит и услуги,0,444444444444444444444444,2,5
2359,4,Общепит и услуги,0,444444444444444444444444,2,5
2360,4,Общепит и услуги,0,444444444444444444444444,2,5
2361,4,Общепит и услуги,0,444444444444444444444444,2,5
2362,4,Общепит и услуги,0,444444444444444444444444,0,4
2363,4,Общепит и услуги,0,444444444444444444444444,2,5
2364,4,Общепит и услуги,0,444444444444444444444444,2,5
2365,4,Общепит и услуги,0,444444444444444444444444,2,5
2366,4,Общепит и услуги,0,444444444444444444444444,2,5
2367,4,Общепит и услуги,0,444444444444444444444444,2,5
2368,4,Общепит и услуги,0,444444444444444444444444,2,5
2369,4,Общепит и услуги,0,444444444444444444444444,2,5
2370,4,Общепит и услуги,0,444444444444444444444444,2,5
2371,4,Общепит и услуги,0,444444444444444444444444,2,5
2372,4,Общепит и услуги,0,444444444444444444444444,2,5
2373,4,Общепит и услуги,0,444444444444444444444444,2,5
2374,4,Общепит и услуги,0,444444444444444444444444,2,5
2375,4,Общепит и услуги,0,444444444444444444444444,2,5
2376,4,Общепит и услуги,0,444444444444444444444444,2,5
2377,4,Общепит и услуги,0,444444444444444444444444,2,5
2378,4,Общепит и услуги,0,444444444444444444444444,2,5
2379,4,Общепит и услуги,0,444444444444444444444444,2,5
2380,4,Общепит и услуги,0,444444444444444444444444,2,5
2381,4,Общепит и услуги,0,444444444444444444444444,2,5
2382,4,Общепит и услуги,0,444444444444444444444444,2,5
2383,4,Общепит и услуги,0,444444444444444444444444,2,5
2384,4,Общепит и услуги,0,444444444444444444444444,2,5
2385,4,Общепит и услуги,0,444444444444444444444444,2,5
2386,4,Общепит и услуги,0,444444444444444444444444,2,5
2387,4,Общепит и услуги,0,444444444444444444444444,2,5
2388,4,Общепит и услуги,0,444444444444444444444444,2,5
2389,4,Общепит и услуги,0,444444444444444444444444,2,5
2390,4,Общепит и услуги,0,444444444444444444444444,2,5
2391,4,Общепит и услуги,0,444444444444444444444444,2,5
2392,4,Общепит и услуги,0,444444444444444444444444,2,5
2393,4,Общепит и услуги,0,444444444444444444444444,2,5
2395,4,Общепит и услуги,1,444444444444444443333333,2,5
2398,4,Общепит и услуги,0,444444444444444444444444,2,5
2399,4,Общепит и услуги,0,444444444444444444444444,2,5
2400,4,Общепит и услуги,0,444444444444444444444444,2,5
2401,4,Общепит и услуги,0,444444444444444444444444,2,5
2402,4,Общепит и услуги,0,444444444444444444444444,2,5
2403,4,Общепит и услуги,0,444444444444444444444444,0,4
2404,4,Общепит и услуги,0,444444444444444444444444,2,5
2405,4,Общепит и услуги,0,444444444444444444444444,2,5
2406,4,Общепит и услуги,0,444444444444444444444444,2,5
2407,4,Общепит и услуги,0,444444444444444444444444,2,5
2408,4,Общепит и услуги,0,444444444444444444444444,2,5
2409,4,Общепит и услуги,0,444444444444444444444444,2,5
2410,4,Общепит и услуги,0,444444444444444444444444,0,5
2411,4,Общепит и услуги,0,444444444444444444444444,2,5
2412,4,Общепит и услуги,0,444444444444444444444444,2,5
2416,4,Общепит и услуги,0,444444444444444444444444,2,5
2422,4,Общепит и услуги,0,444444444444444444444444,2,5
2423,4,Общепит и услуги,0,444444444444444444444444,2,5
2424,4,Общепит и услуги,0,444444444444444444444444,2,5
2425,4,Общепит и услуги,0,444444444444444444444444,2,5
2426,4,Общепит и услуги,0,444444444444444444444444,2,5
2427,4,Общепит и услуги,0,444444444444444444444444,2,5
2428,4,Общепит и услуги,0,444444444444444444444444,2,5
2429,4,Общепит и услуги,0,444444444444444444444444,2,5
2430,4,Общепит и услуги,0,444444444444444444444444,2,5
2431,4,Общепит и услуги,0,444444444444444444444444,2,5
2432,4,Общепит и услуги,0,444444444444444444444444,2,5
2433,4,Общепит и услуги,0,444444444444444444444444,2,5
2434,4,Общепит и услуги,0,444444444444444444444444,2,5
2435,4,Общепит и услуги,0,444444444444444444444444,2,5
2436,4,Общепит и услуги,0,444444444444444444444444,2,5
2437,4,Общепит и услуги,0,444444444444444444444444,2,5
2439,4,Общепит и услуги,0,444444444444444444444444,2,5
2440,4,Общепит и услуги,0,444444444444444444444444,2,5
2441,4,Общепит и услуги,0,444444444444444444444444,2,5
2442,4,Общепит и услуги,0,444444444444444444444444,2,5
2443,4,Общепит и услуги,0,444444444444444444444444,2,5
2444,4,Общепит и услуги,0,444444444444444444444444,2,5
2445,4,Общепит и услуги,0,444444444444444444444444,2,5
2446,4,Общепит и услуги,0,444444444444444444444444,2,5
2447,4,Общепит и услуги,0,444444444444444444444444,2,5
2449,4,Общепит и услуги,0,444444444444444444444444,2,5
2450,4,Общепит и услуги,0,444444444444444444444444,2,5
2451,4,Общепит и услуги,0,444444444444444444444444,2,5
2452,4,Общепит и услуги,0,444444444444444444444444,2,5
2453,4,Общепит и услуги,0,444444444444444444444444,2,5
2454,4,Общепит и услуги,0,444444444444444444444444,2,5
2455,4,Общепит и услуги,0,444444444444444444444444,2,5
2456,4,Общепит и услуги,0,444444444444444444444444,2,5
2457,4,Общепит и услуги,0,444444444444444444444444,2,5
2458,4,Общепит и услуги,0,444444444444444444444444,2,5
2459,4,Общепит и услуги,0,444444444444444444444444,2,5
2460,4,Общепит и услуги,0,444444444444444444444444,2,5
2461,4,Общепит и услуги,0,444444444444444444444444,2,5
2462,4,Общепит и услуги,0,444444444444444444444444,2,5
2463,4,Общепит и услуги,0,444444444444444444444444,2,5
2464,4,Общепит и услуги,0,444444444444444444444444,2,5
2465,4,Общепит и услуги,0,444444444444444444444444,2,5
2466,4,Общепит и услуги,0,444444444444444444444444,2,5
2467,4,Общепит и услуги,0,444444444444444444444444,2,5
2468,4,Общепит и услуги,0,444444444444444444444444,2,5
2469,4,Общепит и услуги,0,444444444444444444444444,2,5
2470,4,Общепит и услуги,0,444444444444444444444444,2,5
2471,4,Общепит и услуги,0,444444444444444444444444,2,5
2472,4,Общепит и услуги,0,444444444444444444444444,2,5
2473,4,Общепит и услуги,0,444444444444444444444444,2,5
2474,4,Общепит и услуги,0,444444444444444444444444,2,5
2475,4,Общепит и услуги,0,444444444444444444444444,2,5
2476,4,Общепит и услуги,0,444444444444444444444444,2,5
2477,4,Общепит и услуги,0,444444444444444444444444,2,5
2478,4,Общепит и услуги,0,444444444444444444444444,2,5
2479,4,Общепит и услуги,0,444444444444444444444444,2,5
2480,4,Общепит и услуги,0,444444444444444444444444,2,5
2481,4,Общепит и услуги,0,444444444444444444444444,2,5
2482,4,Общепит и услуги,0,444444444444444444444444,2,5
2483,4,Общепит и услуги,0,444444444444444444444444,2,5
2484,4,Общепит и услуги,0,444444444444444444444444,2,5
2485,4,Общепит и услуги,0,444444444444444444444444,2,5
2486,4,Общепит и услуги,0,444444444444444444444444,2,5
2487,4,Общепит и услуги,0,444444444444444444444444,2,5
2488,4,Общепит и услуги,0,444444444444444444444444,2,5
2489,4,Общепит и услуги,0,444444444444444444444444,2,5
2490,4,Общепит и услуги,0,444444444444444444444444,2,5
2491,4,Общепит и услуги,0,444444444444444444444444,2,5
2492,4,Общепит и услуги,0,444444444444444444444444,2,5
2493,4,Общепит и услуги,0,444444444444444444444444,2,5
2494,4,Общепит и услуги,0,444444444444444444444444,2,5
2495,4,Общепит и услуги,0,444444444444444444444444,2,5
2496,4,Общепит и услуги,0,444444444444444444444444,2,5
2497,4,Общепит и услуги,0,444444444444444444444444,2,5
2498,4,Общепит и услуги,0,444444444444444444444444,2,5
2499,4,Общепит и услуги,0,444444444444444444444444,2,5
2500,4,Общепит и услуги,0,444444444444444444444444,2,5
2501,4,Общепит и услуги,0,444444444444444444444444,2,5
2502,4,Общепит и услуги,0,444444444444444444444444,2,5
2503,4,Общепит и услуги,0,444444444444444444444444,2,5
2504,4,Общепит и услуги,0,444444444444444444444444,2,5
2505,4,Общепит и услуги,0,444444444444444444444444,2,5
2506,4,Общепит и услуги,0,444444444444444444444444,2,5
2507,4,Общепит и услуги,0,444444444444444444444444,2,5
2508,4,Общепит и услуги,0,444444444444444444444444,2,5
2509,4,Общепит и услуги,0,444444444444444444444444,2,5
2510,4,Общепит и услуги,0,444444444444444444444444,2,5
2511,4,Общепит и услуги,0,444444444444444444444444,2,5
2512,4,Общепит и услуги,0,444444444444444444444444,2,5
2513,4,Общепит и услуги,0,444444444444444444444444,2,5
2514,4,Общепит и услуги,0,444444444444444444444444,2,5
2515,4,Общепит и услуги,0,444444444444444444444444,2,5
2516,4,Общепит и услуги,0,444444444444444444444444,2,5
2517,4,Общепит и услуги,0,444444444444444444444444,2,5
2518,4,Общепит и услуги,0,444444444444444444444444,2,5
2519,4,Общепит и услуги,0,444444444444444444444444,2,5
2520,4,Общепит и услуги,0,444444444444444444444444,2,5
2521,4,Общепит и услуги,0,444444444444444444444444,2,5
2522,4,Общепит и услуги,0,444444444444444444444444,2,5
2523,4,Общепит и услуги,0,444444444444444444444444,2,5
2524,4,Общепит и услуги,0,444444444444444444444444,2,5
2525,4,Общепит и услуги,0,444444444444444444444444,2,5
2526,4,Общепит и услуги,0,444444444444444444444444,2,5
2527,4,Общепит и услуги,0,444444444444444444444444,2,5
2528,4,Общепит и услуги,0,444444444444444444444444,2,5
2529,4,Общепит и услуги,0,444444444444444444444444,2,5
2530,4,Общепит и услуги,0,444444444444444444444444,2,5
2531,4,Общепит и услуги,0,444444444444444444444444,2,5
2532,4,Общепит и услуги,0,444444444444444444444444,2,5
2533,4,Общепит и услуги,0,444444444444444444444444,2,5
2534,4,Общепит и услуги,0,444444444444444444444444,2,5
2535,4,Общепит и услуги,0,444444444444444444444444,2,5
2536,4,Общепит и услуги,0,444444444444444444444444,2,5
2537,4,Общепит и услуги,0,444444444444444444444444,2,5
2538,4,Общепит и услуги,0,444444444444444444444444,2,5
2539,4,Общепит и услуги,0,444444444444444444444444,2,5
2540,4,Общепит и услуги,0,444444444444444444444444,2,5
2541,4,Общепит и услуги,0,444444444444444444444444,2,5
2542,4,Общепит и услуги,0,444444444444444444444444,2,5
2543,4,Общепит и услуги,0,444444444444444444444444,2,5
2544,4,Общепит и услуги,0,444444444444444444444444,2,5
2545,4,Общепит и услуги,0,444444444444444444444444,2,5
2546,4,Общепит и услуги,0,444444444444444444444444,2,5
2547,4,Общепит и услуги,0,444444444444444444444444,2,5
2548,4,Общепит и услуги,0,444444444444444444444444,2,5
2549,4,Общепит и услуги,0,444444444444444444444444,2,5
2550,4,Общепит и услуги,0,444444444444444444444444,2,5
2551,4,Общепит и услуги,0,444444444444444444444444,2,5
2552,4,Общепит и услуги,0,444444444444444444444444,2,5
2553,4,Общепит и услуги,0,444444444444444444444444,2,5
2554,4,Общепит и услуги,0,444444444444444444444444,2,5
2555,4,Общепит и услуги,0,444444444444444444444444,2,5
2556,4,Общепит и услуги,0,444444444444444444444444,2,5
2557,4,Общепит и услуги,0,444444444444444444444444,2,5
2558,4,Общепит и услуги,0,444444444444444444444444,2,5
2559,4,Общепит и услуги,0,444444444444444444444444,2,5
2560,4,Общепит и услуги,0,444444444444444444444444,2,5
2561,4,Общепит и услуги,0,444444444444444444444444,2,5
2562,4,Общепит и услуги,0,444444444444444444444444,2,5
2563,4,Общепит и услуги,0,444444444444444444444444,2,5
2564,4,Общепит и услуги,0,444444444444444444444444,2,5
2565,4,Общепит и услуги,0,444444444444444444444444,2,5
2566,4,Общепит и услуги,0,444444444444444444444444,2,5
2567,4,Общепит и услуги,0,444444444444444444444444,2,5
2568,4,Общепит и услуги,0,444444444444444444444444,2,5
2569,4,Общепит и услуги,0,444444444444444444444444,2,5
2570,4,Общепит и услуги,0,444444444444444444444444,2,5
2571,4,Общепит и услуги,0,444444444444444444444444,2,5
2572,4,Общепит и услуги,0,444444444444444444444444,2,5
2573,4,Общепит и услуги,0,444444444444444444444444,2,5
2574,4,Общепит и услуги,0,444444444444444444444444,2,5
2575,4,Общепит и услуги,0,444444444444444444444444,2,5
2576,4,Общепит и услуги,0,444444444444444444444444,2,5
2577,4,Общепит и услуги,0,444444444444444444444444,2,5
2578,4,Общепит и услуги,0,444444444444444444444444,2,5
2579,4,Общепит и услуги,0,444444444444444444444444,2,5
2580,4,Общепит и услуги,0,444444444444444444444444,2,5
2581,4,Общепит и услуги,0,444444444444444444444444,2,5
2582,4,Общепит и услуги,0,444444444444444444444444,2,5
2583,4,Общепит и услуги,0,444444444444444444444444,2,5
2584,4,Общепит и услуги,0,444444444444444444444444,2,5
2585,4,Общепит и услуги,0,444444444444444444444444,2,5
2586,4,Общепит и услуги,0,444444444444444444444444,2,5
2587,4,Общепит и услуги,0,444444444444444444444444,2,5
2588,4,Общепит и услуги,0,444444444444444444444444,2,5
2589,4,Общепит и услуги,0,444444444444444444444444,2,5
2590,4,Общепит и услуги,0,444444444444444444444444,2,5
2591,4,Общепит и услуги,2,000000444444444443333333,2,5
2592,4,Общепит и услуги,0,444444444444444444444444,2,5
2593,0,Базовая корзина малых городов,1,000000000000000003333333,2,5
2595,3,Транспортная корзина,3,444400000000043333333333,2,5
2596,4,Общепит и услуги,1,444444444444444444333333,2,5
2597,4,Общепит и услуги,0,444444444444444444444444,2,5
2598,0,Базовая корзина малых городов,1,000000000000003333333333,0,4
2599,4,Общепит и услуги,0,444444444444444444444444,2,5
2600,4,Общепит и услуги,0,444444444444444444444444,2,5
2601,4,Общепит и услуги,1,444444444444444433333333,2,5
2602,4,Общепит и услуги,0,444444444444444444444444,2,5
2604,4,Общепит и услуги,0,444444444444444444444444,2,5
2605,4,Общепит и услуги,0,444444444444444444444444,2,5
2606,4,Общепит и услуги,0,444444444444444444444444,2,5
2607,4,Общепит и услуги,3,440444444444433333333333,0,1
2618,1,Продукты и маркетплейсы,1,011111111111111111111111,3,1
2619,0,Базовая корзина малых городов,1,000000000000000033333333,0,4
2620,4,Общепит и услуги,3,400044444444444433333333,0,4
2621,4,Общепит и услуги,1,444444444444444443333333,0,4
2644,4,Общепит и услуги,0,444444444444444444444444,0,4
2646,4,Общепит и услуги,0,444444444444444444444444,0,4
2647,0,Базовая корзина малых городов,2,000000000044443333333333,0,4
2648,4,Общепит и услуги,2,444444444444444444444334,0,4
2649,4,Общепит и услуги,0,444444444444444444444444,0,4
2651,4,Общепит и услуги,0,444444444444444444444444,2,5
2652,4,Общепит и услуги,1,444444444444444443333333,0,4
2710,0,Базовая корзина малых городов,1,000000000000003333333333,0,4
2808,4,Общепит и услуги,0,444444444444444444444444,0,4
2809,3,Транспортная корзина,2,333333334444433333333333,0,1
2813,0,Базовая корзина малых городов,1,000000000000000333333333,0,4
2814,4,Общепит и услуги,0,444444444444444444444444,2,5
2872,2,Дорогая корзина без онлайна,1,000022222222222222222222,1,2
2876,4,Общепит и услуги,0,444444444444444444444444,0,4
2879,4,Общепит и услуги,1,444444444444444444444222,1,3
2880,2,Дорогая корзина без онлайна,1,444444442222222222222222,0,4
2881,3,Транспортная корзина,2,333334444444443333333333,3,1
2882,4,Общепит и услуги,1,444444444444444442222222,1,3
2883,0,Базовая корзина малых городов,1,000000000000000333333333,0,1
2884,0,Базовая корзина малых городов,1,000000000000333333333333,0,1
2885,3,Транспортная корзина,0,333333333333333333333333,3,1
2886,0,Базовая корзина малых городов,2,000000000000000000033000,0,1
2887,4,Общепит и услуги,1,444444444444444444444333,0,4
3005,3,Транспортная корзина,3,000333300000333333333333,0,4
3007,3,Транспортная корзина,3,003333330033333333333333,1,3
3009,4,Общепит и услуги,3,404444444444444333333333,0,4
3011,3,Транспортная корзина,2,000000004444444333333333,0,4
3012,0,Базовая корзина малых городов,1,111111111000000000000000,3,1
3013,4,Общепит и услуги,0,444444444444444444444444,2,4
