territory_id,2023-01,2023-02,2023-03,2023-04,2023-05,2023-06,2023-07,2023-08,2023-09,2023-10,2023-11,2023-12,2024-01,2024-02,2024-03,2024-04,2024-05,2024-06,2024-07,2024-08,2024-09,2024-10,2024-11,2024-12
1,5,5,5,5,5,5,5,5,5,5,5,17,17,17,5,5,17,5,17,19,19,19,18,5
2,5,5,5,5,5,5,11,11,5,6,6,17,17,17,17,17,17,17,17,17,17,17,17,17
3,6,12,6,6,12,10,10,10,10,10,10,10,8,10,10,0,0,8,8,3,8,8,8,8
4,5,5,5,5,5,5,4,5,5,5,5,17,17,17,17,3,17,17,17,17,17,17,17,17
5,12,12,0,5,15,6,4,4,9,9,9,0,0,6,3,3,3,17,17,3,4,4,0,0
6,3,3,15,15,15,15,15,15,9,5,3,3,3,3,3,3,5,18,19,19,19,18,18,18
7,10,10,7,7,13,13,13,7,7,7,7,3,7,7,5,5,5,5,5,5,7,7,7,5
8,3,3,15,15,15,5,15,15,9,5,3,3,3,3,3,3,5,18,5,19,19,18,18,18
9,20,3,15,15,3,3,12,3,9,3,6,17,6,17,17,3,3,17,3,3,4,4,18,18
10,3,3,15,7,7,15,15,15,9,5,5,3,3,5,5,5,5,5,1,1,18,18,5,5
11,3,3,15,15,15,15,15,15,9,9,3,3,6,3,3,3,3,18,18,18,18,18,18,18
12,3,3,15,15,15,15,15,15,9,9,3,3,3,3,3,5,5,5,1,1,18,18,5,5
13,3,3,15,15,15,15,15,15,9,9,3,3,6,3,3,3,3,18,18,18,18,18,18,18
14,3,3,15,15,15,15,15,15,9,9,9,3,9,9,3,3,3,3,18,19,18,3,3,18
15,3,3,15,15,15,15,15,15,9,9,3,3,6,3,3,3,3,18,18,18,18,18,18,18
16,3,3,15,15,15,15,15,15,9,9,3,3,3,3,3,3,3,18,18,18,18,18,18,18
17,3,3,15,15,15,15,15,15,9,9,3,3,6,3,3,3,3,18,18,18,18,18,18,18
18,3,3,15,15,15,15,15,15,9,9,3,12,6,0,3,3,3,3,18,19,18,18,18,18
19,15,15,15,0,15,15,12,12,9,9,9,9,0,9,9,0,3,3,22,0,16,3,3,3
20,3,3,15,15,15,15,15,15,9,9,3,3,6,3,3,3,3,18,18,18,18,18,18,18
21,7,7,7,7,7,5,5,5,5,5,5,5,5,5,5,5,5,5,5,5,5,5,5,5
22,1,1,1,15,1,3,3,6,6,6,10,1,1,10,10,9,8,6,8,8,8,8,8,8
23,1,1,7,7,7,5,5,5,5,5,5,5,5,5,5,5,5,5,5,5,5,5,5,5
25,7,7,7,7,7,5,5,5,5,5,5,5,5,5,5,5,5,5,5,5,5,5,5,5
26,7,7,7,7,7,5,5,5,5,5,5,5,5,5,5,5,5,5,5,5,5,5,5,5
27,7,7,7,7,7,5,5,5,5,5,5,5,5,5,5,5,5,5,5,5,5,5,5,5
28,7,7,7,7,7,5,5,5,5,5,5,5,5,5,5,5,5,5,5,5,5,5,5,5
29,7,7,7,7,7,5,5,5,5,5,5,5,5,5,5,5,5,5,5,5,5,5,5,5
30,20,20,7,15,15,15,3,3,3,3,3,3,6,1,3,3,6,6,5,18,6,6,18,6
31,20,20,3,3,3,3,3,3,3,3,6,6,6,6,6,6,6,6,6,6,6,6,6,6
32,20,20,3,15,3,3,12,4,4,4,6,12,8,8,8,8,4,1,3,22,3,3,16,16
33,20,20,3,1,1,3,3,3,3,3,6,6,6,6,6,6,6,6,6,6,6,6,6,6
34,20,20,3,3,1,3,3,3,3,6,6,6,6,6,6,6,6,1,1,6,6,6,6,6
35,3,20,7,7,3,15,3,3,3,3,3,3,11,11,17,5,6,6,5,18,6,6,6,6
36,20,20,3,3,3,3,3,3,3,3,6,6,6,6,6,6,6,6,6,6,6,6,6,6
37,20,20,3,3,15,3,3,3,3,3,6,6,6,6,6,6,6,6,6,6,6,6,6,6
38,7,7,7,7,7,5,5,5,5,5,5,5,5,5,5,5,5,5,5,5,5,5,5,5
39,20,20,3,15,15,15,15,15,3,3,6,1,6,6,6,6,16,1,1,1,3,3,6,6
40,20,20,1,15,15,15,3,3,3,3,3,3,1,1,3,3,6,5,5,1,6,5,5,5
41,20,20,3,3,3,3,3,3,3,3,6,6,6,6,6,6,6,6,6,6,6,6,6,6
42,3,3,7,7,3,5,5,5,5,5,5,3,11,5,5,5,6,5,5,1,5,5,5,5
43,20,20,3,15,12,3,3,4,3,6,6,6,6,6,6,6,6,6,6,6,6,6,6,6
44,7,7,7,7,3,5,5,5,5,5,5,5,5,5,14,5,5,11,11,11,5,5,5,5
45,20,20,3,3,15,3,3,3,3,3,6,6,6,6,6,6,6,6,6,6,6,6,6,6
46,20,20,3,15,15,3,3,3,3,3,6,6,6,6,3,3,3,6,6,6,6,6,6,6
47,20,20,3,3,15,15,3,3,3,3,3,6,3,11,17,17,6,6,6,6,6,6,6,6
48,20,20,3,3,15,3,3,3,3,3,6,6,6,6,6,6,6,1,6,6,6,6,6,6
49,3,3,7,7,3,3,3,5,5,5,10,1,1,1,11,9,6,6,3,8,19,19,6,6
50,1,20,15,15,15,15,15,15,3,3,3,1,6,6,3,3,1,1,1,1,6,6,6,6
51,20,20,7,7,1,5,5,5,5,5,3,5,1,5,5,5,5,5,5,5,5,5,5,5
52,20,20,3,3,3,3,6,3,3,6,6,6,6,6,6,6,6,1,1,6,6,6,6,6
53,20,20,3,15,15,15,3,3,3,3,3,6,6,6,3,3,1,6,6,6,6,6,6,6
54,20,20,3,3,15,3,3,3,3,3,6,6,11,11,17,17,6,6,6,18,3,6,6,6
55,3,3,15,15,15,15,15,15,9,9,3,3,3,3,3,3,3,18,18,1,18,18,18,18
56,20,20,3,3,1,3,3,3,3,3,6,6,6,6,6,6,6,6,6,6,6,6,6,6
57,7,1,7,7,7,5,5,5,5,5,5,5,5,5,5,1,5,5,5,5,5,5,5,5
58,20,20,3,15,15,3,3,3,3,6,6,6,1,10,0,8,8,6,6,8,21,3,3,3
59,20,20,15,15,15,15,15,3,3,3,3,6,6,6,3,3,6,6,6,6,6,6,6,6
60,20,20,3,15,15,3,3,3,3,3,3,6,6,6,3,3,6,6,6,6,6,6,6,6
61,20,20,3,3,15,3,3,3,3,3,6,6,6,6,6,6,6,6,6,6,6,6,6,6
62,20,20,3,3,1,3,3,3,3,3,3,6,6,6,6,6,6,1,1,18,6,6,6,6
63,20,20,3,15,15,3,3,3,3,3,6,6,6,6,6,6,6,1,1,1,6,6,6,6
65,20,20,3,15,1,3,3,4,3,1,6,6,6,6,6,6,6,6,1,8,1,6,6,6
66,7,7,7,7,7,5,5,5,5,5,5,5,5,5,5,5,5,5,5,5,5,5,5,5
67,20,20,3,15,15,15,15,15,3,3,6,6,6,6,6,6,3,1,1,1,6,6,6,6
68,20,20,3,3,3,3,3,3,3,3,6,6,6,6,6,6,6,6,6,6,6,6,6,6
69,20,20,3,3,1,3,3,3,3,6,6,6,6,6,6,6,16,1,1,6,6,6,6,6
70,20,20,12,15,3,9,10,10,6,6,10,11,8,9,11,9,11,6,8,16,8,4,4,8
71,3,3,7,15,15,15,3,3,3,3,3,6,6,6,3,3,6,6,6,6,6,6,6,6
72,20,20,3,3,3,3,3,3,3,3,6,6,6,6,6,6,4,1,1,6,6,6,6,6
73,7,7,7,7,7,5,5,5,5,5,5,5,5,5,5,5,5,5,5,1,5,5,5,5
74,20,20,3,4,3,3,3,3,3,3,6,6,6,6,6,6,6,6,6,6,6,6,6,6
75,7,7,7,7,7,5,5,5,5,5,5,5,1,5,5,5,5,5,5,5,5,5,5,5
76,7,7,7,7,7,5,5,5,7,5,5,3,5,5,5,5,5,5,5,5,5,5,5,5
77,7,7,7,7,7,5,5,5,5,5,5,5,5,5,5,5,5,5,5,5,5,5,5,5
78,20,20,3,3,1,4,3,4,3,4,4,4,8,8,6,8,16,1,1,6,6,6,6,6
79,20,20,3,15,15,15,3,3,3,3,3,6,6,6,3,3,6,6,1,18,6,6,6,6
80,20,20,3,3,1,3,3,3,3,4,6,6,6,6,6,6,16,1,1,6,6,6,6,6
81,3,3,7,15,3,15,3,3,3,5,3,3,11,5,17,5,6,5,5,5,5,5,5,5
82,20,20,3,3,3,3,3,3,3,6,6,6,6,6,6,6,6,6,6,6,6,6,6,6
83,20,20,7,15,1,3,3,3,3,3,3,6,6,11,17,5,6,5,5,5,6,6,6,5
167,5,5,5,5,5,5,5,5,5,5,5,17,17,17,17,17,17,17,17,17,17,17,17,17
168,5,5,5,5,5,5,5,5,5,5,5,17,17,17,17,17,17,17,17,17,17,17,17,17
169,5,5,5,5,5,5,5,5,5,5,5,17,17,17,17,17,17,17,17,17,17,17,17,17
173,12,0,4,4,5,5,0,5,5,0,0,17,17,4,4,4,17,17,17,17,17,17,17,17
181,12,12,4,5,0,0,0,0,12,0,0,0,4,4,4,4,4,3,4,0,16,16,0,16
184,12,12,12,12,12,4,10,12,10,4,4,4,8,8,8,8,16,16,1,16,3,3,0,3
185,5,5,5,5,5,5,4,4,5,5,12,0,0,4,4,4,17,17,6,6,4,4,17,3
188,4,0,0,5,0,0,6,6,6,0,0,0,11,9,4,3,0,0,4,0,4,4,0,18
191,5,15,5,5,5,5,4,6,6,12,12,12,6,6,3,3,17,17,17,17,4,0,0,0
194,5,5,5,5,5,5,5,5,5,5,5,17,17,17,17,17,17,17,17,17,17,17,17,17
195,5,5,5,5,5,5,5,5,5,6,5,17,17,17,17,17,17,17,17,17,17,17,17,17
196,5,5,5,5,5,5,5,5,5,5,5,17,17,17,17,17,17,17,17,17,17,17,17,17
198,5,5,5,5,5,5,5,5,5,5,5,17,17,17,17,17,17,17,17,17,17,17,17,17
201,5,5,5,5,5,5,5,5,5,5,5,17,17,17,17,17,17,17,17,17,17,17,17,17
203,5,6,6,6,6,6,6,10,12,12,8,8,0,10,10,0,0,0,17,3,17,17,17,19
204,5,6,6,5,0,5,5,5,5,5,5,17,17,17,17,17,17,17,17,17,17,17,17,17
205,5,5,5,5,5,5,5,5,5,5,5,17,17,17,17,17,17,17,17,17,17,17,17,17
206,10,10,10,7,7,7,7,7,7,5,5,5,14,14,14,5,14,14,14,14,7,2,2,2
207,10,10,10,10,10,7,13,7,14,14,14,14,14,14,14,14,14,14,14,19,11,11,11,19
208,9,9,9,9,9,9,9,9,9,9,9,9,9,9,9,9,9,9,14,3,19,8,8,1
209,0,0,15,15,15,15,15,15,9,9,3,3,9,1,3,3,3,3,18,18,18,18,19,19
210,9,9,9,9,10,9,10,9,12,9,9,9,9,9,9,9,8,8,3,3,19,8,8,19
211,10,10,10,10,10,7,9,9,14,14,14,14,14,14,14,14,14,14,11,8,11,8,8,8
212,0,9,9,9,6,11,11,11,11,9,9,11,11,9,9,9,9,9,19,19,19,19,19,19
213,9,9,9,9,9,9,9,9,9,9,9,9,11,9,9,9,9,9,14,19,19,8,8,19
214,9,9,9,9,9,9,9,9,9,9,9,9,9,9,9,9,9,9,3,19,19,8,8,19
215,0,0,0,9,9,9,9,9,9,9,9,9,11,9,9,9,9,9,14,19,18,8,8,19
216,9,9,9,9,9,9,9,9,9,9,9,10,9,9,9,9,9,9,3,19,19,4,8,19
217,9,9,9,9,9,9,9,9,9,9,9,10,14,9,9,9,9,9,14,19,19,8,8,8
218,10,10,13,7,7,7,7,7,7,9,14,14,11,14,5,5,5,1,1,5,18,18,18,18
219,9,9,9,9,9,9,10,9,12,9,10,10,14,9,9,11,8,3,3,19,8,8,8,19
220,9,9,12,15,15,9,12,12,9,9,9,9,9,9,9,8,3,9,18,3,18,3,3,3
221,9,9,9,9,9,9,9,9,9,9,9,10,14,9,9,9,9,9,14,19,19,8,8,19
222,10,9,9,9,9,9,7,7,14,14,14,14,14,14,14,14,14,14,14,19,11,11,11,11
223,6,6,6,9,9,9,10,9,12,12,9,9,9,9,10,9,8,3,3,3,8,8,8,19
224,10,10,10,7,7,7,7,7,7,7,5,5,14,14,14,5,14,14,14,14,7,11,11,11
225,10,10,10,10,10,1,1,1,14,14,14,14,14,14,14,14,14,14,11,1,11,11,8,11
226,9,10,10,1,10,9,7,1,14,14,10,10,14,14,14,14,14,8,11,8,11,8,8,11
227,10,10,10,6,10,1,1,1,1,10,10,1,14,9,10,9,14,8,11,1,11,8,8,1
228,10,10,10,10,10,7,1,1,14,14,14,14,14,14,14,14,14,14,1,1,11,11,8,11
229,10,10,10,10,10,7,1,1,14,14,14,14,14,14,14,5,14,14,1,1,11,11,11,11
230,15,15,15,15,9,9,9,9,9,9,9,3,9,1,3,3,3,9,3,3,18,3,3,18
231,9,9,9,9,9,9,9,9,9,11,11,9,14,9,9,9,8,9,3,3,19,8,8,19
232,4,15,15,15,15,12,12,12,9,6,9,6,6,8,0,3,16,3,3,3,18,3,3,0
233,9,0,12,9,15,12,12,12,12,12,12,9,9,9,9,0,3,3,3,3,3,3,3,3
234,10,10,10,10,10,1,1,1,14,14,14,14,14,14,14,14,14,14,11,1,11,11,8,11
235,15,0,0,15,15,12,12,9,6,6,6,6,6,8,0,0,3,3,3,3,3,21,4,0
236,10,10,10,10,10,10,10,1,14,10,10,14,14,14,14,14,14,8,11,1,11,11,8,11
237,9,15,15,15,1,1,15,9,9,9,1,3,3,3,1,1,1,9,1,1,18,18,18,18
238,4,0,0,3,6,6,12,12,12,12,6,6,6,8,0,0,3,3,3,6,3,21,4,21
239,0,9,6,6,12,12,12,12,12,12,10,8,9,9,8,8,16,16,3,3,3,3,8,3
240,9,9,12,9,9,9,9,9,9,9,10,9,9,9,8,8,8,3,3,3,3,3,8,3
241,9,9,9,9,9,9,10,9,12,9,10,10,14,9,10,9,8,8,3,3,19,8,8,19
242,15,15,15,15,15,12,12,12,9,6,9,9,9,6,9,8,3,3,3,3,3,3,3,3
243,15,15,15,15,15,12,12,1,9,1,1,1,9,1,3,3,1,9,1,1,6,3,1,18
269,7,7,7,7,7,5,5,5,5,5,5,5,5,5,5,5,5,5,5,5,5,5,5,5
270,10,10,10,10,10,9,10,10,10,10,10,10,14,14,14,14,14,11,11,8,11,8,8,8
271,9,12,6,6,12,6,10,10,10,12,10,8,8,9,10,8,8,3,3,16,8,4,8,8
272,1,15,15,15,15,15,15,15,9,9,9,9,3,3,3,3,3,6,3,6,18,4,3,6
273,20,3,3,3,3,3,3,3,3,3,6,6,6,6,3,3,3,3,6,6,18,4,6,6
274,1,6,12,3,0,3,6,6,6,6,12,0,8,6,8,8,3,3,0,0,4,6,8,6
275,0,12,12,15,15,3,12,12,9,12,6,6,9,9,0,3,3,3,4,3,3,4,4,4
276,1,6,12,15,12,12,12,12,5,6,9,9,8,8,9,8,8,3,6,3,3,8,3,3
277,20,15,3,15,15,3,12,12,3,6,9,6,1,6,9,3,3,3,6,22,3,3,0,6
278,7,7,7,7,7,5,15,5,5,5,5,5,5,5,5,5,5,5,5,5,5,5,5,5
279,3,15,3,15,15,3,12,12,6,6,9,9,8,10,0,8,9,3,3,3,3,21,4,4
280,6,12,12,15,9,12,12,12,4,12,12,9,9,9,9,8,3,3,3,3,3,4,4,3
281,3,15,12,15,15,3,12,12,12,12,9,9,9,9,9,3,3,3,8,3,8,21,3,3
282,20,20,12,15,15,3,12,12,3,4,12,4,8,9,9,3,8,3,6,3,3,3,4,3
283,3,15,15,15,3,3,3,3,9,6,10,6,6,1,3,9,9,6,3,19,19,19,4,6
284,9,15,15,9,3,3,15,9,9,9,9,3,1,1,9,9,9,9,3,19,19,19,4,6
285,4,4,20,4,0,6,0,6,6,0,0,0,0,0,4,4,4,0,0,0,4,0,0,21
287,4,4,4,0,0,6,6,0,0,0,0,0,4,0,4,4,0,0,0,0,22,0,16,16
288,12,0,0,0,0,0,0,0,0,0,0,0,0,0,4,0,0,0,0,0,0,0,0,21
289,4,4,4,0,0,0,0,10,0,0,0,0,0,0,4,0,0,0,0,0,16,0,21,16
290,4,4,20,4,4,4,0,0,4,4,0,4,4,4,4,4,4,16,0,0,0,0,0,0
292,12,4,4,4,4,4,0,0,4,0,0,4,4,4,4,4,4,0,22,22,22,16,16,16
293,12,12,4,4,4,4,0,0,0,0,0,4,4,8,4,4,0,0,0,0,0,16,16,16
294,0,0,0,0,0,6,6,6,6,0,0,0,0,0,4,0,4,0,0,0,0,0,0,21
295,12,4,4,0,4,0,0,0,4,0,8,4,0,4,4,4,0,0,0,0,0,0,0,16
296,12,4,4,4,0,0,0,0,0,0,0,4,4,4,4,4,4,0,0,0,0,0,0,0
297,12,12,6,4,4,4,12,0,10,0,0,4,4,4,8,4,4,16,22,0,22,0,0,6
298,5,6,6,3,6,6,6,6,6,0,0,0,0,0,0,11,0,0,0,0,21,21,21,21
300,4,4,4,0,0,0,0,0,0,0,0,0,4,4,8,4,0,0,0,0,21,21,21,21
301,1,12,3,15,15,3,3,3,3,3,3,6,6,1,3,3,6,6,6,6,6,6,18,6
302,12,4,4,0,0,4,10,0,0,8,0,4,4,4,4,4,0,0,0,16,8,21,21,16
303,6,6,6,6,10,10,10,6,10,10,10,10,1,10,10,9,8,8,8,8,8,8,8,1
304,12,12,4,0,12,4,0,0,0,0,12,4,4,4,4,8,0,0,0,16,16,16,3,16
305,4,4,0,0,0,0,0,0,0,0,0,0,0,4,4,4,4,0,0,0,0,0,0,21
306,12,4,0,0,4,0,0,0,0,0,0,0,0,0,4,4,4,4,0,0,0,0,0,0
307,12,4,0,0,0,6,6,10,0,0,0,4,0,4,4,4,0,0,0,0,4,0,0,16
308,5,6,6,3,6,6,6,6,6,0,0,0,0,0,0,11,0,0,0,16,8,21,8,8
309,10,1,1,7,1,1,1,5,1,1,1,1,1,1,1,1,1,1,1,1,1,11,11,1
312,1,1,1,1,1,1,1,1,1,1,1,1,14,1,1,1,14,1,1,1,11,1,11,1
314,1,1,1,1,1,1,1,1,1,1,1,1,3,1,1,1,1,1,1,1,1,18,18,1
316,1,1,1,1,1,1,1,1,1,1,1,1,1,1,1,1,1,1,1,1,1,1,1,1
317,1,1,1,1,1,1,1,1,1,1,1,1,3,1,1,1,1,1,1,1,1,18,18,1
318,1,1,1,1,1,1,1,1,1,1,1,1,1,1,1,1,1,1,1,1,1,1,1,1
319,1,1,1,1,1,1,1,1,1,1,1,1,1,1,1,1,1,1,1,1,1,1,1,1
320,1,1,1,1,1,1,1,1,1,1,1,1,1,1,1,1,1,1,1,1,1,18,18,1
321,3,15,15,15,1,1,15,9,9,9,1,3,3,1,1,1,1,1,1,1,1,18,18,1
323,1,1,1,1,1,1,1,1,1,1,1,1,1,1,1,1,1,1,1,1,1,1,1,1
324,1,1,1,1,1,1,1,1,1,1,1,1,3,1,1,1,1,1,1,1,1,18,18,1
325,10,10,1,1,1,1,1,1,1,1,1,1,14,1,1,1,14,1,1,1,11,1,11,1
326,1,1,1,1,1,1,1,1,1,1,1,1,3,1,1,1,1,1,1,1,1,18,18,1
327,10,10,10,10,10,7,1,1,14,14,14,14,14,14,14,14,14,14,1,1,11,11,11,11
329,3,1,1,15,1,1,1,1,1,1,1,1,3,1,1,1,1,1,1,1,1,18,18,1
330,1,1,1,1,1,1,1,1,1,1,1,1,14,1,1,1,1,1,1,1,11,1,11,1
331,1,1,1,1,1,1,1,1,1,1,1,1,1,1,1,1,1,1,1,1,1,1,1,1
332,1,1,1,1,1,1,1,1,1,1,1,1,1,1,1,1,1,1,1,1,1,1,1,1
333,10,10,10,10,10,1,1,1,1,1,1,1,14,14,1,14,14,14,1,1,11,1,11,1
334,1,15,1,1,1,1,1,1,1,1,1,1,1,1,1,1,1,1,1,1,1,1,1,1
335,1,1,1,1,1,1,1,1,1,1,1,1,1,1,1,1,1,1,1,1,1,1,1,1
336,1,1,1,1,1,1,1,1,1,1,1,1,3,1,1,1,1,1,1,1,1,18,18,1
337,1,1,1,1,1,1,1,1,1,1,1,1,3,1,1,1,1,1,1,1,1,18,18,1
338,1,15,1,1,1,1,1,1,1,1,1,1,1,1,1,1,1,1,1,1,1,1,1,1
339,1,1,1,1,1,1,1,1,1,1,1,1,3,1,1,1,1,1,1,1,1,18,18,1
340,1,1,1,1,1,1,1,1,1,1,1,1,1,1,1,1,1,1,1,1,1,1,1,1
341,1,1,1,1,1,1,1,1,1,1,1,1,1,1,1,1,1,1,1,1,1,1,1,1
342,1,15,1,15,1,1,15,15,9,1,1,1,3,1,1,1,1,1,1,1,1,18,18,1
343,1,1,1,1,1,1,1,1,1,1,1,1,3,1,1,1,1,1,1,1,1,18,18,1
345,5,5,5,5,5,5,5,5,5,5,5,17,17,17,17,17,17,17,17,17,17,17,5,5
346,5,5,5,5,5,5,5,5,5,5,5,17,17,17,17,17,17,17,17,17,17,17,17,17
347,5,5,5,5,5,5,5,5,5,5,5,17,17,17,17,17,17,17,17,17,17,17,17,17
348,12,5,5,5,5,5,5,5,5,5,5,17,17,17,17,17,17,17,17,17,17,17,17,17
349,12,5,5,5,5,5,0,5,5,5,5,17,17,17,17,17,17,17,17,17,17,17,17,17
351,5,5,5,5,5,5,5,5,5,5,5,17,17,17,17,17,17,17,17,17,17,17,17,17
352,5,5,5,5,5,5,5,5,5,5,5,17,17,17,17,17,17,17,17,17,17,17,17,17
354,7,7,7,7,7,5,5,5,5,5,5,5,5,5,5,5,5,5,5,5,5,5,5,5
355,7,7,7,7,7,5,5,5,5,5,5,5,5,5,5,5,5,5,5,5,5,5,5,5
356,20,20,12,15,1,3,3,6,5,1,6,1,1,1,11,9,8,8,8,8,1,1,3,6
357,3,7,7,7,3,5,3,3,3,3,3,6,1,1,3,3,6,6,5,6,6,6,6,6
358,4,20,20,3,15,3,3,3,3,3,4,6,6,6,6,6,4,6,6,6,6,6,4,6
359,3,3,3,3,3,3,3,3,3,3,6,6,6,6,3,3,6,6,6,6,6,6,6,6
360,3,9,9,15,9,15,12,9,9,6,9,9,9,9,9,8,3,3,3,3,3,3,4,3
361,3,3,3,3,3,3,3,3,3,3,6,6,6,6,9,6,6,6,6,22,6,6,6,6
362,7,7,7,7,7,5,5,5,5,5,5,5,5,5,5,5,5,5,5,5,5,5,5,5
363,3,3,3,3,3,3,3,3,3,6,6,6,6,6,3,6,6,6,6,6,6,6,6,6
364,3,3,3,3,3,3,3,3,3,3,3,6,6,6,3,3,6,6,6,6,6,6,6,6
365,20,20,3,3,3,3,3,6,3,6,6,6,6,6,3,6,6,6,6,6,21,21,6,6
366,3,3,7,15,3,3,3,3,3,6,6,6,6,9,3,3,3,6,3,3,6,6,6,6
367,20,20,3,3,3,3,3,3,3,3,6,6,6,6,3,6,6,6,6,6,6,6,6,6
368,7,7,7,7,7,5,5,5,5,5,5,5,5,5,5,5,5,5,5,5,5,5,5,5
369,20,3,3,3,3,3,3,3,3,3,6,6,6,6,3,3,6,6,6,6,6,6,6,6
370,10,7,7,15,15,10,9,15,11,9,11,11,11,14,11,14,17,19,19,19,19,17,4,6
371,3,3,15,15,15,5,15,15,5,5,3,3,3,3,3,3,5,18,5,19,19,18,18,18
372,20,3,3,3,3,3,3,3,3,3,6,6,6,0,6,3,6,6,6,6,6,6,6,6
373,7,7,7,7,7,5,5,5,5,5,5,5,5,5,5,5,5,5,5,5,5,5,5,5
374,3,3,3,3,3,5,3,3,5,5,6,6,11,11,11,11,17,19,19,19,19,19,19,19
375,7,7,7,7,7,5,5,5,5,5,5,5,5,5,5,5,5,5,5,5,5,5,5,5
376,20,20,15,15,15,3,3,3,3,6,9,1,6,6,3,6,4,6,0,6,3,3,6,6
377,4,20,20,6,4,4,0,12,4,0,12,4,8,8,4,0,16,3,16,22,16,0,0,0
378,3,3,3,3,3,3,3,3,3,3,6,6,6,6,3,3,6,6,6,6,6,6,6,6
379,3,3,15,7,7,5,15,15,5,5,3,3,3,5,5,5,5,5,5,5,5,5,5,5
380,7,7,7,7,7,5,5,5,5,5,5,5,5,5,5,5,5,5,5,5,5,5,5,5
381,3,3,3,3,3,3,3,3,3,6,6,6,6,6,3,6,6,6,6,6,6,6,6,6
382,7,7,7,3,3,3,3,5,6,6,10,10,1,10,9,9,8,6,8,19,21,3,8,6
383,3,3,3,3,3,5,3,6,3,6,10,6,11,11,3,6,11,6,3,19,19,19,6,6
384,3,3,3,3,3,3,3,3,3,3,6,6,6,6,3,3,6,6,6,6,6,6,4,6
385,7,7,7,7,7,5,5,5,5,5,5,5,5,5,5,5,5,5,5,5,5,5,5,5
386,3,3,15,15,15,3,3,15,9,3,6,12,0,6,3,3,3,3,6,0,18,4,6,18
387,3,3,3,3,3,3,3,3,3,6,6,6,11,6,6,6,6,6,6,6,6,6,6,6
388,3,3,15,15,15,5,15,15,5,5,3,3,3,3,3,3,5,18,5,19,19,18,18,18
390,3,3,3,3,3,3,3,3,3,3,6,6,6,6,3,3,6,6,6,6,6,6,6,6
391,20,20,3,3,3,3,3,3,3,6,10,6,8,6,6,6,6,6,6,6,21,6,6,6
392,0,0,0,0,6,6,6,6,12,0,8,0,8,0,0,0,0,8,0,16,0,8,16,3
393,12,12,12,15,15,3,12,6,6,6,12,12,8,9,8,3,3,3,22,0,22,3,3,6
395,3,3,15,15,15,3,3,3,3,3,6,6,6,6,6,6,4,6,0,6,6,6,6,6
396,3,3,3,15,3,5,3,3,3,3,6,6,11,6,6,6,6,6,19,6,6,6,6,6
397,3,3,15,15,15,5,15,15,5,5,3,3,3,3,3,3,6,18,19,19,19,19,18,18
398,3,15,15,15,12,12,12,12,12,6,10,9,8,9,8,8,8,3,8,3,3,3,4,3
401,3,3,15,15,15,15,15,15,9,9,3,3,6,3,3,3,3,6,1,1,18,18,18,18
402,3,3,15,15,15,15,15,15,9,9,3,3,3,3,3,3,3,18,18,18,18,18,18,18
403,3,3,15,15,15,15,15,15,9,9,3,3,6,3,3,3,3,18,18,18,18,18,18,18
404,5,3,15,3,9,15,15,15,9,9,3,3,3,3,3,11,3,3,18,18,18,18,18,18
405,3,3,15,15,15,15,15,15,9,9,3,3,3,3,3,5,5,5,1,1,18,18,18,18
408,3,3,15,3,10,9,12,3,6,0,9,12,6,0,11,3,3,3,18,19,18,4,18,18
410,3,3,15,15,15,15,15,15,9,9,3,3,3,3,3,3,3,18,18,18,18,18,18,18
413,3,3,15,15,15,15,15,15,9,9,3,3,3,3,3,3,3,18,18,18,18,18,18,18
414,3,3,15,15,15,5,15,15,9,9,3,3,3,3,3,3,3,5,18,1,18,18,18,18
416,5,3,15,15,15,15,15,15,9,9,3,3,3,3,3,3,3,18,18,18,18,18,18,18
418,7,7,7,7,7,5,5,5,5,5,5,5,5,5,5,5,5,5,5,5,5,5,5,5
419,7,7,7,7,7,5,5,5,5,5,5,5,5,5,14,5,5,5,5,5,5,5,5,5
420,7,7,7,7,7,5,5,5,5,5,5,5,5,5,11,11,5,5,5,5,5,5,5,5
421,3,3,7,7,3,5,3,3,3,3,3,6,11,11,17,17,6,5,5,6,6,18,6,6
422,7,7,7,7,7,5,5,5,5,5,5,5,5,5,5,5,5,5,5,5,5,5,5,5
423,3,20,3,3,3,3,3,3,3,3,6,6,6,6,6,6,6,6,19,6,6,6,6,6
424,3,3,3,3,3,3,3,6,3,6,6,6,10,6,6,6,6,6,6,6,21,21,6,6
425,20,20,3,3,3,3,3,3,3,6,6,6,10,6,6,6,6,6,6,6,21,21,6,21
428,4,0,20,4,4,4,0,0,3,0,0,0,0,6,4,0,0,0,6,0,0,0,0,16
429,4,20,3,3,3,3,3,12,6,6,6,0,0,6,6,6,6,6,6,6,21,21,6,21
430,3,3,7,7,7,5,5,5,5,5,5,3,5,5,5,5,5,5,5,5,5,5,5,5
431,20,20,3,3,3,3,3,6,3,6,6,6,6,6,6,6,6,6,6,6,6,6,6,6
432,3,6,0,3,6,6,6,6,6,6,10,10,10,10,0,11,11,8,8,0,8,21,6,19
433,20,20,20,4,4,3,3,3,0,6,0,4,8,8,8,4,4,0,6,3,0,21,21,21
434,3,20,3,3,3,3,3,3,3,6,6,6,6,6,6,6,6,6,6,6,6,6,6,6
435,20,20,3,3,3,3,3,3,3,6,6,4,8,6,6,6,6,6,6,6,6,6,6,6
436,3,20,3,3,3,3,3,6,3,6,6,10,10,6,6,6,6,6,0,0,17,6,6,21
437,3,20,0,3,3,3,6,4,6,6,0,0,0,6,4,6,6,6,6,6,21,21,21,21
438,20,20,3,3,3,3,3,3,3,6,6,6,6,6,6,6,6,6,6,6,6,6,6,6
440,3,3,3,3,3,3,3,3,5,5,10,3,1,11,11,11,6,18,19,19,19,19,6,6
441,4,20,20,3,3,3,3,4,4,4,12,12,4,6,8,6,4,6,6,22,6,6,6,6
442,20,20,3,4,4,3,3,3,3,6,6,4,6,6,6,6,6,6,6,6,6,6,0,6
443,20,20,3,15,3,3,3,3,3,6,6,6,6,6,6,6,6,6,6,6,6,6,6,6
444,20,20,3,3,3,3,12,12,6,6,6,0,6,6,6,6,6,3,3,6,3,6,6,6
445,3,20,3,3,3,6,3,3,3,6,6,10,8,10,0,8,6,6,6,6,21,21,6,6
446,20,20,3,4,3,3,3,3,3,4,6,4,8,6,6,6,4,0,22,6,22,6,0,16
447,3,20,0,3,3,3,6,0,6,6,6,0,0,10,0,6,0,6,6,0,21,21,6,21
448,10,10,7,7,7,7,7,7,7,7,5,3,5,5,5,5,5,5,1,1,18,18,5,5
449,0,9,0,6,15,12,12,12,4,3,9,9,9,9,9,8,3,3,3,3,16,3,4,18
450,10,9,9,9,9,9,15,9,1,1,14,14,14,1,1,1,14,1,1,1,11,11,11,1
451,0,9,9,10,6,6,6,11,11,0,9,10,11,11,9,11,9,0,4,19,19,4,8,19
452,3,3,15,5,7,15,15,15,9,5,3,3,3,3,5,5,5,1,1,1,18,18,18,18
453,3,3,15,15,15,15,15,15,9,9,3,3,3,3,3,3,3,18,18,18,18,18,18,18
455,15,15,15,15,15,15,15,15,9,9,3,3,3,1,3,3,3,18,18,18,18,18,18,18
456,4,20,15,4,15,12,4,4,4,12,12,12,4,4,9,4,4,4,22,22,0,3,4,3
457,15,15,15,4,0,12,12,12,4,12,12,8,4,0,0,4,4,3,4,22,0,3,0,0
458,3,3,15,15,15,15,15,15,9,9,3,3,3,3,3,3,3,18,18,18,18,18,18,18
459,1,15,15,15,15,15,15,15,9,9,3,3,3,3,3,3,1,18,18,18,18,18,18,18
460,15,15,15,15,15,15,15,15,9,9,12,12,6,6,3,3,3,3,18,3,3,3,3,0
478,7,7,7,7,7,5,5,5,5,5,5,5,5,5,5,5,5,5,5,5,5,5,5,5
479,12,4,4,0,0,0,6,0,0,0,0,0,4,4,4,4,0,0,0,0,0,0,21,16
480,3,3,3,3,3,5,3,3,3,3,6,6,11,11,17,17,6,6,6,6,6,6,6,6
481,7,7,7,7,7,5,5,5,5,5,5,5,5,5,5,5,5,5,5,5,5,5,5,5
482,6,6,6,12,12,6,6,6,6,6,10,10,8,10,0,8,8,8,8,16,21,21,6,6
484,20,20,3,3,1,3,3,3,3,6,6,6,6,6,6,6,6,6,6,6,6,3,6,6
485,20,20,3,3,3,3,3,3,3,3,6,6,6,6,6,6,6,6,6,6,6,6,6,6
486,3,3,3,3,3,3,3,3,3,3,6,6,6,6,3,6,6,6,6,6,6,6,6,6
487,3,3,3,3,3,3,3,3,3,3,6,6,6,6,6,6,6,6,6,6,6,6,6,6
489,3,12,12,15,15,0,12,0,6,6,12,4,8,9,0,0,3,3,3,3,3,21,3,3
490,20,20,3,3,3,3,3,3,3,3,6,6,6,6,6,6,6,6,1,6,6,6,6,6
491,20,20,3,3,3,3,3,3,3,4,10,8,8,6,6,3,3,1,1,3,3,3,6,6
492,3,3,3,15,3,3,3,3,3,3,6,6,6,6,17,6,6,6,6,6,6,6,6,6
493,3,3,0,3,12,6,6,6,6,6,10,6,8,10,0,8,8,8,0,16,21,21,6,6
494,3,3,3,3,3,3,3,6,5,5,5,1,1,6,11,9,9,6,3,3,19,21,8,6
495,0,4,20,0,0,6,6,0,0,0,0,0,8,0,0,0,0,0,0,16,0,21,21,16
496,3,3,3,3,3,3,3,3,3,6,6,6,0,6,6,6,6,6,6,6,6,6,6,6
497,3,3,3,3,6,3,3,6,6,6,10,10,10,10,6,11,11,6,8,0,21,21,6,6
498,3,3,3,3,3,5,3,3,5,5,6,6,11,3,3,17,6,18,5,19,19,18,6,6
499,3,20,3,3,3,3,3,3,3,3,6,6,6,6,6,6,6,6,6,6,6,3,6,6
501,3,20,3,3,3,3,3,3,3,6,6,6,6,6,6,6,6,6,6,6,21,21,6,6
502,3,20,3,3,3,3,3,3,3,6,6,6,6,6,6,6,6,6,6,6,6,6,6,6
503,3,20,3,15,3,3,12,3,3,6,6,6,9,6,6,6,3,1,3,22,3,3,3,3
504,7,7,7,7,7,5,5,5,5,5,5,5,5,5,5,5,5,5,5,5,5,5,5,5
505,3,15,15,3,3,3,3,12,11,9,6,1,11,11,3,17,6,18,18,18,18,18,18,18
506,5,5,5,5,5,13,13,5,5,5,7,17,17,17,17,17,17,17,17,17,17,17,17,17
507,3,3,15,7,7,15,15,15,9,9,5,3,5,5,5,5,5,5,5,1,5,5,5,5
508,3,7,7,10,6,3,3,5,14,14,5,14,10,10,11,11,5,11,11,11,11,11,11,11
509,7,7,7,7,7,5,5,5,5,5,5,5,5,5,5,5,5,5,5,11,5,5,5,5
510,7,7,7,7,7,5,15,15,5,5,5,3,11,5,5,5,5,5,5,1,5,5,5,5
511,3,9,9,6,9,9,15,9,9,9,3,3,3,3,3,9,9,9,3,3,18,18,18,18
512,15,12,12,12,12,12,12,12,4,4,4,8,8,8,8,8,8,1,3,3,3,3,1,1
515,3,3,15,15,15,15,15,15,9,9,3,3,3,3,3,3,3,18,18,18,18,18,18,18
516,4,4,4,4,0,0,0,0,0,0,0,4,4,4,4,4,4,0,0,0,0,0,0,0
517,20,20,3,3,15,15,3,3,3,9,3,6,6,6,3,3,3,6,18,18,18,18,18,18
518,0,0,6,6,6,12,12,12,9,6,12,9,0,11,0,0,3,3,4,3,3,21,6,21
519,20,20,20,3,4,3,12,3,3,3,6,6,0,6,6,4,4,3,3,22,22,0,0,0
520,12,4,4,0,12,4,4,0,4,0,6,4,8,4,4,4,4,16,0,0,22,0,0,16
521,4,4,0,0,12,4,4,4,4,4,4,4,4,4,4,4,4,3,22,22,22,0,0,16
522,4,12,20,0,12,12,12,12,12,12,9,9,8,10,8,8,8,8,8,3,8,3,8,8
523,20,20,20,0,0,0,6,12,6,3,11,0,11,11,11,11,0,19,19,0,4,4,6,21
524,4,3,20,3,15,12,12,3,4,4,4,12,8,6,6,6,4,1,22,22,22,3,3,0
525,20,20,20,4,4,4,4,4,4,4,0,4,4,4,4,8,0,0,8,16,16,21,16,16
527,5,6,6,3,6,3,11,6,6,6,10,10,10,11,6,11,11,6,8,0,21,21,6,6
528,3,20,3,3,3,3,3,6,6,6,10,0,8,11,0,0,0,8,8,16,3,21,4,4
529,4,20,20,3,3,3,3,3,3,3,6,6,6,0,3,3,6,6,6,6,6,6,6,6
530,4,12,3,3,3,9,3,4,6,6,10,10,4,6,6,6,6,6,6,6,6,6,6,6
531,20,6,12,12,12,12,12,12,4,4,4,6,8,10,0,0,8,6,8,8,3,8,8,8
532,4,20,20,4,3,3,3,12,3,3,6,6,6,6,6,4,4,4,4,22,0,0,0,21
533,4,20,0,0,0,6,3,3,3,0,0,0,0,0,0,0,0,0,0,0,0,4,21,21
534,15,12,4,4,4,12,12,4,4,3,4,12,9,4,4,4,4,3,3,22,3,3,3,0
535,15,15,15,15,15,12,15,4,9,3,12,12,6,6,3,3,4,3,18,18,3,6,18,18
536,3,20,0,3,3,4,3,3,4,6,6,0,4,4,4,4,4,6,0,0,0,0,21,16
537,4,12,20,4,15,12,4,4,4,3,4,4,4,9,6,3,3,3,3,22,3,3,3,0
538,0,6,6,12,0,10,10,10,6,12,10,8,8,0,0,8,8,8,8,8,21,21,6,4
539,20,20,3,3,3,3,3,3,3,3,6,4,8,6,6,6,4,1,1,0,22,0,21,16
540,4,12,12,4,12,12,12,4,4,6,12,6,4,0,6,6,4,0,22,22,6,6,6,21
541,20,20,20,4,4,4,4,0,0,0,0,0,0,0,4,0,0,0,0,6,0,0,21,16
542,3,20,3,3,3,3,6,4,6,6,10,10,8,11,0,11,11,8,8,8,8,8,8,8
543,3,3,3,3,3,3,3,6,6,6,6,10,10,6,6,11,11,6,6,6,21,21,6,6
544,4,4,20,0,4,12,4,12,4,3,12,4,4,0,4,6,4,3,4,6,0,0,0,0
545,20,20,3,12,15,12,3,12,3,6,3,6,6,6,3,6,9,3,3,3,3,3,4,6
546,15,12,4,4,4,12,12,4,4,4,4,4,4,8,6,4,16,1,22,22,3,3,3,6
547,4,4,4,0,4,4,4,4,4,0,0,0,4,4,4,4,4,16,22,22,22,6,6,6
548,4,20,12,3,12,3,3,4,4,6,6,6,8,6,0,8,8,6,6,3,22,21,16,16
549,12,20,20,4,4,4,4,4,4,4,4,4,4,4,4,6,4,4,22,22,22,3,0,0
550,20,20,20,4,3,3,3,4,3,3,6,0,8,6,4,6,4,1,22,22,6,6,0,0
552,20,20,20,12,4,12,4,4,4,4,4,4,8,8,8,4,16,1,1,6,3,3,6,6
553,4,20,20,4,4,4,0,0,4,0,0,4,4,0,4,4,0,8,4,0,16,3,0,21
554,20,20,20,4,4,12,12,4,4,3,6,12,6,6,3,3,3,6,6,18,18,6,18,18
555,12,20,4,4,0,4,4,4,4,0,12,0,4,0,4,4,4,4,22,22,0,0,0,0
556,20,20,20,4,4,4,4,3,3,4,4,4,4,4,8,4,4,16,22,22,22,0,0,0
557,20,20,20,4,4,4,4,3,3,0,0,0,0,6,6,4,4,4,0,0,0,0,0,0
558,20,20,20,4,4,4,12,4,4,3,4,12,4,4,4,4,4,16,22,22,3,0,3,0
559,3,3,3,3,3,3,6,4,6,6,10,10,0,0,0,11,11,6,8,8,21,21,6,6
560,20,20,20,4,3,4,3,12,3,6,12,0,4,0,4,0,0,3,8,0,0,0,0,21
561,3,20,3,3,3,3,3,4,3,6,6,10,10,11,6,11,11,6,8,0,21,21,6,6
562,4,4,4,0,0,10,0,0,0,0,0,0,0,0,0,0,0,0,0,4,4,4,21,16
563,4,4,4,0,4,4,4,0,4,0,0,0,4,4,4,4,4,16,0,0,22,0,16,16
564,4,20,20,4,4,4,4,4,4,3,12,4,0,0,6,6,4,4,22,22,22,16,16,0
565,4,6,0,3,0,0,6,0,6,6,12,9,0,0,0,8,3,8,8,3,8,0,6,21
566,4,4,20,0,4,4,0,0,4,0,4,4,4,4,4,4,4,16,22,0,22,0,0,16
567,20,20,20,0,4,4,4,3,0,0,0,0,0,0,4,4,0,0,0,6,0,21,21,16
568,3,12,20,3,15,12,12,12,3,6,9,9,9,0,6,6,3,3,3,6,6,6,6,21
569,4,4,20,4,4,4,4,4,4,4,12,12,0,0,4,4,4,4,0,0,0,0,0,0
570,12,0,0,0,0,0,0,12,12,12,0,0,0,0,0,0,0,0,4,3,4,4,6,21
571,4,4,20,4,4,4,4,4,4,4,0,0,0,6,6,6,6,6,0,6,6,6,6,6
572,0,0,0,6,6,6,12,12,4,12,12,4,0,4,4,0,16,3,16,3,16,4,0,3
574,15,12,20,12,6,10,1,1,4,4,1,1,6,6,1,11,1,1,1,1,1,1,1,1
578,5,5,5,5,7,5,5,5,5,5,3,5,11,11,17,17,5,1,1,1,6,1,17,18
579,1,15,1,7,1,1,1,1,1,1,1,1,3,1,1,5,1,1,1,1,1,18,18,1
580,1,1,1,1,1,1,1,1,1,3,1,1,3,1,1,1,1,1,1,1,1,1,18,1
581,3,10,10,15,7,1,15,5,9,9,3,3,3,3,3,5,5,5,1,1,1,18,18,18
582,7,1,7,7,1,1,1,1,1,1,1,1,14,1,1,1,1,1,1,1,1,11,11,11
583,20,1,3,1,1,1,1,1,3,3,3,1,6,6,3,3,3,6,6,18,3,6,18,18
584,3,5,7,3,3,3,3,5,5,5,1,1,11,11,11,11,1,1,1,1,1,1,6,6
585,1,6,6,6,1,1,1,1,1,1,1,1,14,14,14,14,14,11,1,1,1,1,1,11
586,20,20,3,3,1,1,1,3,3,3,3,6,6,6,3,3,6,1,6,18,6,6,6,18
587,15,15,15,15,15,15,15,15,9,3,1,1,6,6,6,3,3,1,1,1,3,3,6,1
588,1,1,1,1,1,1,1,1,1,1,1,1,1,1,1,1,1,1,1,1,1,1,1,1
589,15,15,15,15,15,15,15,15,9,9,1,1,9,1,3,3,1,1,1,1,1,1,18,18
591,15,15,15,15,15,15,1,15,9,9,1,1,9,1,9,3,1,3,1,1,0,1,3,1
592,15,15,15,15,15,15,15,1,3,3,1,1,6,1,3,3,3,1,1,1,1,1,18,18
593,3,3,3,15,15,1,3,3,3,3,3,6,6,3,3,3,6,6,6,18,6,6,18,18
594,20,1,1,1,1,1,1,1,3,3,3,1,6,1,3,3,6,1,1,1,6,1,18,18
595,15,15,15,15,4,1,1,1,3,3,3,1,6,6,3,3,6,1,1,1,3,6,18,18
598,3,3,3,3,15,3,3,3,3,3,6,1,6,6,3,3,3,6,6,1,3,6,18,18
599,4,3,3,3,3,5,15,15,9,5,6,3,6,3,3,17,6,6,19,19,19,19,19,19
600,1,15,1,1,15,15,1,1,1,9,1,1,1,1,3,1,1,1,1,1,1,1,18,18
601,3,3,3,15,15,15,3,3,3,3,1,3,3,3,3,3,6,5,5,1,1,18,18,18
602,20,20,3,1,1,1,3,3,3,3,3,1,6,6,3,3,6,1,1,1,6,0,18,18
603,15,15,15,15,15,15,1,1,1,9,1,1,9,1,9,3,1,1,1,1,1,1,1,1
604,3,3,3,15,15,15,3,3,3,3,3,3,3,3,3,3,6,1,1,1,1,18,18,18
605,3,1,1,15,15,1,1,3,3,3,3,3,3,1,3,3,1,1,1,18,1,18,18,18
606,3,3,3,3,15,15,3,3,3,3,3,1,6,6,3,3,3,6,6,18,3,6,18,18
607,3,3,3,3,15,15,3,3,3,3,3,3,3,3,3,3,6,6,1,18,6,18,18,18
608,10,10,10,7,7,1,1,7,1,1,1,1,1,1,1,1,1,14,14,14,1,11,11,1
612,10,10,10,7,7,1,1,7,1,1,1,1,1,1,1,1,1,14,14,14,1,11,11,1
613,1,1,1,1,1,1,9,1,9,1,1,1,1,1,1,1,1,1,1,1,1,1,1,1
614,1,1,1,1,1,1,1,1,1,1,1,1,1,1,1,1,1,1,1,1,1,1,1,1
615,1,1,1,1,1,1,1,1,1,1,1,1,1,1,1,1,1,1,1,1,1,1,1,1
616,1,1,1,1,1,1,1,1,1,1,1,1,1,1,1,1,1,1,1,1,1,1,1,1
618,1,9,1,1,1,1,1,1,1,1,1,1,1,1,1,1,1,1,1,1,1,1,1,1
619,1,1,1,1,1,1,1,1,1,1,1,1,1,1,1,1,1,1,1,1,1,1,1,1
621,9,1,1,1,1,1,1,1,1,1,1,1,1,1,1,1,1,1,1,1,1,1,1,1
666,7,7,7,7,7,5,5,5,5,5,5,5,5,5,5,5,5,5,5,5,5,5,5,5
667,10,10,10,10,10,7,7,7,9,9,5,3,14,14,5,5,14,1,1,1,18,18,18,11
668,0,6,6,0,6,6,12,12,4,4,8,8,8,0,8,0,16,16,3,3,3,3,3,3
669,1,9,6,6,12,9,12,10,12,9,9,1,1,1,9,9,1,1,3,3,3,3,3,1
670,10,10,10,6,10,10,11,11,14,14,14,14,14,14,14,14,14,14,11,11,11,11,11,11
671,1,9,9,9,1,9,9,9,1,1,1,1,1,1,1,9,9,1,14,14,3,8,1,1
674,10,10,10,10,10,7,7,7,9,9,5,3,14,14,5,5,14,1,1,1,18,18,18,18
675,1,9,1,6,1,1,1,1,1,1,1,14,14,14,14,14,1,1,1,1,11,1,11,11
676,7,7,7,7,13,5,15,5,7,5,5,3,5,5,5,5,5,5,1,1,5,5,5,5
677,6,9,9,6,12,9,15,9,9,9,9,1,1,9,9,9,9,9,18,3,1,1,1,1
678,10,10,10,1,1,1,1,1,1,1,1,1,14,1,1,1,1,1,1,1,11,1,11,1
679,7,10,10,10,7,7,5,13,13,5,5,5,5,5,14,5,14,5,5,5,5,5,2,11
680,10,10,10,10,10,7,13,11,11,14,14,14,14,14,14,14,14,14,14,19,11,11,11,11
683,4,20,0,0,0,3,6,6,6,0,0,0,0,0,4,0,0,0,0,0,0,21,21,16
685,4,20,15,4,0,4,4,15,5,5,6,11,11,11,11,11,17,19,19,19,19,19,19,19
686,3,3,7,7,7,7,15,7,5,5,5,3,5,5,5,5,5,5,1,1,18,18,5,5
687,12,12,4,12,4,4,12,0,4,4,4,8,8,8,8,0,16,16,16,16,16,16,0,0
689,10,9,9,9,9,9,9,9,9,9,9,9,9,9,9,9,9,9,14,14,19,8,1,1
690,20,20,20,4,4,12,4,4,4,4,4,4,4,8,8,8,1,1,6,22,22,3,3,0
691,15,4,0,0,4,12,12,12,4,3,12,8,8,0,0,0,0,0,0,19,4,8,21,19
692,4,0,0,0,3,4,4,4,3,3,12,12,4,4,4,4,4,4,22,22,0,0,0,0
693,3,7,15,7,7,15,15,15,9,9,5,3,5,5,5,5,5,5,1,1,18,18,5,5
694,1,9,12,6,12,12,1,12,4,9,9,9,9,9,8,8,8,1,1,3,3,3,3,1
695,12,12,0,4,15,12,12,12,4,3,12,0,0,0,9,3,3,3,3,3,3,3,18,18
696,4,20,20,4,3,4,3,4,3,3,12,12,6,4,4,4,4,4,22,22,3,6,3,0
697,0,9,9,10,9,9,9,9,12,9,9,9,9,9,9,9,9,3,3,3,3,3,3,3
698,15,15,15,4,15,12,12,4,4,3,12,12,4,4,9,4,4,3,22,22,3,3,3,0
699,4,4,0,0,0,0,0,12,0,0,0,0,4,0,4,4,0,0,0,0,0,0,0,21
701,12,4,0,4,0,4,4,4,3,3,12,12,0,4,4,4,4,4,4,22,0,0,0,0
702,1,9,9,6,1,9,9,9,1,1,9,9,9,9,9,9,9,9,14,14,19,8,8,1
703,12,12,12,12,12,12,12,12,4,4,4,4,8,4,8,4,16,16,3,3,16,16,16,0
704,20,1,20,4,4,12,4,4,4,4,4,12,9,9,6,8,4,3,22,22,3,3,3,3
705,15,12,15,4,15,12,12,4,4,3,12,12,4,9,9,8,3,3,3,3,3,3,0,3
706,4,4,0,4,0,0,0,0,0,0,12,4,4,4,4,4,0,0,0,0,0,4,0,21
708,1,1,1,1,1,1,1,1,1,1,1,1,9,9,9,9,9,9,14,14,19,8,19,19
710,4,0,0,6,6,12,12,12,12,12,12,8,9,9,4,4,3,4,3,3,16,16,3,3
711,15,15,15,15,15,12,12,4,4,3,4,12,9,1,9,4,3,3,22,3,3,3,3,3
712,15,12,15,4,4,4,4,4,4,4,4,12,4,4,4,4,4,3,22,22,3,3,3,0
713,15,12,4,4,4,4,4,4,0,0,12,4,4,4,4,4,4,16,16,0,16,3,0,0
714,15,15,9,15,15,12,12,12,9,3,9,9,9,9,9,8,3,9,3,3,3,3,3,3
715,12,12,0,6,12,12,12,12,4,3,12,4,4,8,4,0,16,4,22,22,3,3,0,0
716,1,1,1,1,1,9,9,9,1,1,1,1,1,1,1,1,1,1,14,14,19,8,11,11
717,15,15,15,4,4,12,4,4,4,4,4,12,9,8,8,4,16,3,1,3,3,3,3,0
718,10,10,1,1,1,1,1,1,1,1,1,1,14,14,1,1,1,1,1,1,1,1,1,1
719,4,4,0,0,0,4,4,0,0,0,0,0,0,0,4,4,4,4,4,0,0,0,0,21
720,1,1,1,1,1,1,1,1,1,1,1,1,1,14,1,1,1,1,1,1,1,1,1,1
721,4,0,0,0,0,6,6,6,9,12,12,0,0,0,4,4,4,4,4,0,0,0,0,21
722,15,15,15,15,15,15,15,15,9,9,9,9,9,1,3,3,3,9,18,3,3,3,3,18
723,12,12,6,6,12,12,12,12,4,4,4,8,8,4,0,8,16,16,16,3,3,3,0,0
725,15,15,15,15,15,1,15,15,9,9,1,1,9,1,9,3,1,9,18,18,3,1,18,18
726,1,1,1,1,1,1,1,1,1,1,1,1,1,14,1,1,1,1,1,1,1,1,1,1
727,7,7,7,7,7,5,5,5,5,5,5,5,5,5,5,5,5,5,5,5,5,5,5,5
731,3,7,7,10,6,3,3,5,5,6,5,5,5,5,11,11,5,11,11,11,11,11,11,11
734,0,6,6,6,9,10,10,10,4,10,10,10,8,8,10,8,8,8,16,3,8,8,8,8
735,20,20,3,3,15,15,3,3,3,3,6,6,6,6,6,6,6,6,6,6,6,6,6,6
736,3,15,15,15,15,12,12,12,3,9,9,9,1,9,9,3,3,3,3,22,3,3,3,3
737,3,3,3,3,3,3,3,9,6,6,12,9,0,6,4,4,3,4,0,0,0,0,0,0
738,20,20,15,15,1,3,3,1,3,3,1,1,6,6,6,6,6,1,1,6,6,6,6,6
739,9,9,9,9,9,9,9,9,12,12,10,10,11,9,9,9,9,3,3,19,19,4,8,19
741,7,7,10,10,10,10,11,1,14,14,14,14,14,14,14,14,14,14,11,11,11,11,8,11
742,1,12,12,15,12,12,12,12,4,9,9,3,9,9,8,3,3,3,22,1,3,3,16,3
743,20,20,20,15,12,12,12,12,12,12,10,9,8,9,9,8,8,3,3,3,3,3,3,3
744,20,15,3,15,15,12,12,12,3,1,9,9,6,6,3,6,6,3,3,6,6,0,3,0
745,9,9,6,6,9,9,6,10,6,6,10,10,14,9,10,9,8,3,3,3,19,4,8,19
746,20,20,20,12,4,4,4,4,3,4,4,6,8,9,8,8,3,3,6,6,3,21,4,0
747,0,6,6,6,9,12,12,12,3,4,4,8,8,8,8,8,8,3,3,6,0,21,16,3
748,7,7,7,7,7,5,5,5,5,5,5,5,5,14,14,5,5,5,5,5,5,5,11,11
749,20,12,12,12,12,12,4,4,4,4,4,12,4,6,6,4,4,3,22,22,22,3,3,0
751,1,6,6,6,12,10,10,10,4,4,10,10,8,10,10,8,8,16,8,8,8,8,8,8
752,4,20,20,15,12,12,12,12,4,9,9,3,9,9,9,8,3,3,3,6,0,6,4,0
753,20,20,20,15,15,12,12,4,4,4,4,12,9,9,9,3,4,3,3,22,3,3,3,3
754,7,1,7,1,1,1,3,5,5,6,5,1,1,5,11,1,1,1,1,1,1,1,1,1
755,3,12,12,15,9,12,12,12,12,12,8,9,9,9,9,8,3,3,3,3,3,3,3,3
756,3,20,3,3,1,3,3,5,3,6,6,6,6,6,6,1,1,6,6,6,6,6,6,6
757,3,3,15,7,7,5,15,15,5,5,5,3,5,5,5,5,5,5,5,1,5,5,5,5
758,4,20,3,3,3,3,12,12,3,3,12,12,0,6,6,4,4,3,4,6,0,0,0,0
760,4,20,20,4,4,4,4,4,4,0,4,12,4,0,4,4,4,4,4,6,0,0,0,0
761,4,20,20,4,4,4,4,3,3,0,0,4,0,6,4,4,4,4,0,6,0,0,0,0
763,7,7,7,7,7,5,5,5,5,5,5,5,5,5,14,5,5,5,5,5,5,5,5,5
764,4,0,0,3,15,6,12,12,3,9,9,3,9,9,0,0,0,4,16,3,16,3,4,4
765,4,0,0,0,6,6,0,12,0,12,0,12,0,0,0,0,4,4,4,0,0,0,0,0
766,1,1,1,1,1,1,1,9,1,1,1,1,1,1,1,1,1,1,1,1,1,18,18,1
767,3,15,15,9,1,1,15,9,9,9,5,3,3,1,1,1,1,1,1,1,18,18,1,1
769,12,12,4,12,12,4,12,12,4,4,4,8,4,8,4,0,16,3,16,3,0,0,0,0
770,20,20,3,15,15,12,4,4,4,4,4,12,6,6,6,6,4,3,6,6,0,0,0,0
771,4,20,3,15,1,12,12,3,3,1,6,9,6,6,0,6,6,6,3,22,3,3,3,6
773,4,15,20,15,15,12,12,12,3,6,9,3,6,0,0,0,3,3,3,3,3,21,4,4
774,20,15,15,15,12,12,12,12,4,4,12,9,6,8,0,0,3,3,3,3,16,3,4,4
775,1,1,1,7,1,1,1,5,1,1,1,1,1,1,1,1,1,1,1,1,1,11,11,1
776,1,1,1,1,1,1,1,1,1,1,1,1,1,1,1,1,1,1,1,1,1,11,11,1
777,1,1,1,7,1,1,1,5,1,1,1,1,1,1,1,1,1,1,1,1,1,11,11,1
778,1,1,1,1,1,1,1,1,1,1,1,1,1,1,1,1,1,1,1,1,1,11,11,1
779,1,1,1,1,1,1,1,1,1,1,1,1,1,1,1,1,1,1,1,1,1,1,1,1
780,1,1,1,1,1,1,1,1,1,1,1,1,1,1,1,1,1,1,1,1,1,1,1,1
781,1,15,1,1,1,1,1,1,1,1,1,1,1,1,1,1,1,1,1,1,1,1,1,1
782,1,1,1,7,1,1,1,5,1,1,1,1,1,1,1,1,1,1,1,1,1,11,11,1
783,1,1,1,1,1,1,1,1,1,1,1,1,1,1,1,1,1,1,1,1,1,1,1,1
784,1,1,1,1,1,1,1,1,1,1,1,1,1,1,1,1,1,1,1,1,1,1,1,1
785,1,1,1,7,1,1,1,5,1,1,1,1,1,1,1,1,1,1,1,1,1,11,11,1
787,20,1,1,1,4,1,1,1,1,1,1,1,8,1,8,8,16,16,3,1,1,3,3,3
788,15,15,15,15,15,1,3,3,5,5,5,3,3,1,1,1,1,6,1,1,1,18,18,18
789,1,1,1,1,1,1,1,1,1,3,3,1,3,1,1,1,6,1,1,1,1,1,18,1
790,20,1,1,1,1,1,1,1,1,3,1,1,6,1,3,3,1,1,1,18,1,1,18,18
791,1,1,1,1,1,1,1,1,1,1,1,1,1,1,1,1,1,1,1,1,3,3,3,3
792,1,1,1,1,1,1,1,1,1,1,1,1,1,1,1,1,1,1,1,3,3,3,3,1
793,1,1,1,1,1,1,1,1,1,1,10,1,1,1,1,8,8,1,16,1,1,1,6,1
794,1,1,1,1,1,1,1,1,1,1,1,1,1,1,1,1,1,1,1,1,1,11,11,1
795,1,1,1,1,1,1,1,1,1,1,1,1,1,1,1,1,1,1,1,1,1,1,1,1
796,20,1,1,1,1,1,1,3,3,3,3,1,6,1,3,3,6,6,1,18,3,6,18,18
797,1,1,1,1,1,1,1,1,1,1,1,1,1,1,1,1,1,1,1,1,1,1,1,1
798,1,1,1,10,1,1,1,1,1,1,1,1,1,1,11,11,1,1,1,1,1,1,1,1
799,1,1,1,1,1,1,1,1,1,1,1,1,1,1,1,1,1,1,1,1,1,1,1,1
800,1,1,1,1,1,1,1,1,1,1,1,1,1,1,1,1,1,1,1,1,1,1,18,18
801,20,1,1,1,1,1,1,1,1,1,1,1,1,1,1,1,1,1,1,1,3,3,3,3
802,20,1,1,1,1,1,1,1,1,1,1,1,1,1,1,1,1,1,1,1,1,1,1,1
803,1,1,1,1,1,1,1,1,1,1,1,1,1,1,1,1,1,1,1,1,1,1,1,1
804,1,1,1,1,4,1,1,1,1,1,1,1,1,1,1,8,16,1,1,1,1,3,1,1
805,1,1,1,1,1,1,1,1,1,1,1,1,1,1,1,1,1,1,1,1,1,1,1,1
806,20,15,1,15,1,1,1,1,1,3,3,1,11,1,1,1,1,1,1,1,1,1,18,18
807,1,1,1,1,1,1,1,1,1,1,1,1,1,1,1,1,1,1,1,1,1,1,1,1
808,20,20,20,4,4,15,12,12,1,4,4,1,6,8,8,8,3,16,3,1,3,1,3,19
809,7,7,7,7,7,5,5,5,5,5,5,5,5,5,5,5,5,5,5,5,5,5,5,5
810,12,12,4,4,5,0,0,5,5,5,12,17,17,17,17,4,17,17,17,17,17,17,17,17
811,5,5,5,5,5,5,5,5,5,5,5,17,17,17,17,17,17,17,17,17,17,17,17,17
812,5,5,5,5,5,5,5,5,5,5,5,17,17,17,5,5,5,5,5,5,5,5,5,5
813,5,5,5,5,5,5,5,5,5,5,5,17,17,17,5,5,5,5,5,5,19,19,5,5
814,4,6,0,0,0,6,6,0,0,5,0,0,17,17,17,17,17,17,17,17,17,17,17,17
815,12,12,4,4,0,4,0,5,5,5,5,17,17,17,4,4,17,17,17,17,17,17,17,17
817,6,12,6,6,12,6,10,10,9,9,9,9,9,9,9,9,3,17,3,3,3,18,18,3
818,5,9,9,10,10,11,11,11,11,11,11,11,11,14,11,11,17,19,19,19,19,19,7,19
819,5,5,5,5,5,5,5,5,5,5,5,17,17,17,5,5,5,5,5,5,5,5,5,5
820,5,5,15,5,5,5,5,5,5,5,5,5,17,11,11,5,17,5,5,5,5,5,5,5
821,12,12,4,4,0,4,0,5,5,5,5,17,17,17,4,4,17,17,17,17,17,17,17,17
822,12,12,4,4,4,4,0,0,0,0,12,4,17,4,4,4,4,4,17,17,17,17,17,0
823,12,5,5,5,5,0,0,5,5,5,5,17,17,17,17,17,17,17,17,17,17,17,17,17
824,5,5,5,5,5,5,5,5,5,5,5,17,17,17,5,5,5,5,5,5,5,5,5,5
825,12,12,4,4,5,5,0,5,5,5,5,17,17,17,4,4,17,17,17,17,17,17,17,17
826,12,12,4,4,0,4,0,0,0,0,0,17,17,17,4,4,17,17,17,17,16,17,17,3
827,12,0,4,4,0,0,0,0,0,0,0,4,17,4,4,4,0,0,0,0,0,0,16,16
828,12,12,4,4,4,4,0,0,0,0,0,4,4,4,4,4,4,0,0,0,0,0,0,0
829,12,12,4,4,4,4,0,0,0,0,0,8,8,8,4,4,4,0,0,0,0,0,16,0
830,5,5,5,5,5,5,5,5,5,5,5,17,17,17,17,17,17,17,17,17,17,17,17,17
831,12,4,0,4,0,0,0,0,10,0,0,0,8,4,4,0,0,17,16,16,4,0,0,3
832,5,6,0,0,0,6,6,0,0,0,0,0,17,4,17,4,0,0,0,0,0,0,0,17
833,4,6,0,0,0,6,6,0,0,0,0,0,0,4,0,0,0,0,0,16,4,0,16,16
834,5,5,5,5,5,5,4,4,5,5,5,17,17,17,17,3,17,17,17,17,17,17,17,17
835,12,0,4,4,0,0,0,5,5,5,0,0,17,4,4,4,0,17,0,0,0,0,16,17
836,12,12,4,4,0,0,0,0,0,0,0,8,17,4,4,4,0,0,0,0,0,0,16,3
838,12,12,4,4,4,4,0,10,10,0,0,8,9,9,4,4,0,17,17,3,17,16,17,3
839,12,4,4,0,0,4,10,10,10,4,0,8,17,4,4,4,0,0,0,16,16,8,16,16
840,5,5,5,5,5,0,0,5,0,0,12,0,0,4,4,4,4,17,17,17,4,17,17,0
841,5,5,5,5,5,5,5,5,5,5,5,3,17,17,5,5,5,5,5,5,5,5,7,5
842,1,1,1,7,1,1,1,5,1,1,1,1,1,1,1,1,1,1,1,1,1,11,11,1
843,10,10,10,7,7,1,1,1,1,1,1,1,1,1,1,1,1,14,14,14,1,11,11,1
844,1,1,1,1,1,1,1,1,1,1,1,1,14,14,1,1,14,8,11,1,1,11,8,1
846,10,15,1,15,1,1,15,9,9,9,1,3,3,3,1,1,1,1,1,1,1,1,1,1
847,1,1,1,1,1,1,1,1,1,1,1,1,1,1,1,1,1,1,1,1,1,1,1,1
848,1,1,1,1,1,1,1,1,1,1,1,1,1,1,1,1,1,1,1,1,1,1,1,1
849,1,1,1,1,1,12,1,1,1,1,1,1,1,1,1,1,1,1,1,1,1,3,1,1
851,1,1,1,1,1,1,1,1,1,1,1,1,1,1,1,1,1,1,1,3,1,3,3,1
852,1,1,1,1,1,1,1,1,1,1,1,1,6,6,6,6,1,1,1,1,19,8,4,19
853,1,1,1,1,1,1,1,1,1,1,1,1,1,1,1,1,1,1,1,1,1,1,1,1
854,1,1,1,1,1,1,1,1,1,1,1,1,1,1,1,1,1,1,1,1,1,1,1,1
855,1,1,1,1,1,1,1,1,1,1,1,1,1,1,1,1,1,1,1,1,1,1,1,1
856,1,1,1,1,1,1,1,1,1,1,1,1,1,1,1,1,1,1,1,1,1,1,1,1
857,1,1,1,1,1,1,1,1,1,1,1,1,1,1,1,1,1,1,1,1,1,1,1,1
859,1,1,1,1,1,1,1,1,1,1,1,1,1,1,3,3,1,1,1,1,19,8,8,3
860,1,1,1,7,1,1,1,5,1,1,1,1,1,1,1,1,1,14,14,14,1,11,11,1
870,1,1,1,1,1,1,1,1,1,1,1,1,1,1,1,1,1,1,1,1,1,1,18,18
871,1,1,1,1,1,1,1,1,1,1,1,1,3,1,1,1,1,1,1,1,1,1,18,1
872,1,1,1,7,1,1,1,5,1,1,1,1,1,1,1,1,1,1,1,1,1,11,11,1
873,1,1,1,1,1,1,1,1,1,1,1,1,1,1,1,1,1,1,1,1,1,1,1,1
874,1,1,1,1,1,1,1,1,1,1,10,1,1,1,1,1,1,1,1,1,1,1,1,1
875,1,1,1,1,1,1,1,1,1,1,1,1,1,1,1,1,1,1,1,1,1,1,1,1
876,1,1,1,1,1,1,1,1,1,1,1,1,3,1,1,1,1,1,1,1,1,1,18,1
877,1,1,1,1,1,1,1,1,1,1,1,1,1,1,1,1,1,1,1,1,1,1,1,1
878,1,1,1,1,1,1,1,1,1,1,1,1,1,14,1,1,1,1,1,1,1,1,1,1
879,1,1,1,1,1,1,1,1,1,1,1,1,3,1,1,1,1,1,1,1,1,18,18,18
880,1,1,1,1,1,1,1,1,1,1,1,1,6,6,1,6,1,1,1,1,1,1,1,1
881,3,1,7,10,10,1,1,1,1,1,1,1,11,11,11,17,1,1,1,1,1,1,1,1
882,1,1,3,1,1,1,1,1,1,3,3,1,6,6,6,6,6,1,1,1,22,21,1,6
883,10,7,7,10,10,10,10,1,5,5,10,1,1,1,11,5,5,14,11,1,1,11,8,11
884,1,1,1,1,1,1,1,1,1,1,1,1,1,14,1,1,1,1,1,1,1,1,8,1
885,1,1,1,1,1,9,1,1,1,1,1,1,1,1,1,1,1,1,1,1,1,1,1,1
886,1,1,1,1,1,1,1,1,1,1,1,1,1,1,1,1,1,1,1,1,1,1,1,1
888,1,1,1,1,1,1,1,1,1,1,1,1,1,1,1,1,1,1,1,1,1,1,1,1
889,1,1,1,1,1,1,1,1,1,1,1,1,1,1,1,1,1,1,1,1,1,1,1,1
890,10,10,10,7,7,7,7,7,7,7,5,5,14,14,14,5,14,14,14,14,7,11,11,11
891,10,10,10,10,10,7,7,11,14,14,14,14,14,14,14,14,14,14,11,8,11,8,8,11
892,10,10,10,10,10,7,7,7,14,14,14,14,14,14,14,14,14,14,14,14,11,11,11,11
895,10,10,10,6,10,10,10,10,10,10,10,10,14,10,10,9,8,8,11,8,11,8,8,8
896,10,10,10,7,7,7,7,7,14,14,14,14,14,14,14,5,14,14,14,14,11,11,11,11
897,5,9,9,10,9,9,9,9,11,9,9,11,11,14,11,11,11,19,19,19,19,19,19,19
898,20,12,20,12,12,12,12,12,12,4,4,4,8,8,8,8,8,3,3,16,8,8,8,3
899,5,6,0,10,9,15,12,15,9,3,6,0,8,10,9,8,16,17,3,6,4,6,4,3
900,4,0,15,0,15,12,12,12,12,12,8,9,9,0,0,0,0,3,4,4,4,21,4,4
901,0,0,0,0,6,6,12,12,12,12,0,9,9,8,0,0,11,19,19,19,19,4,4,19
902,9,9,9,9,9,9,9,9,12,9,9,3,9,9,9,9,9,9,3,3,18,4,3,19
903,9,15,15,9,12,9,9,9,9,9,10,1,9,9,9,9,9,9,3,3,19,3,3,3
904,4,20,20,6,4,12,12,12,12,4,10,4,6,9,0,0,3,3,3,3,3,21,6,4
905,9,9,9,9,9,9,9,9,9,9,9,9,9,9,9,9,9,9,14,3,18,8,3,19
907,1,1,1,1,1,1,1,1,1,1,10,1,1,1,1,4,8,8,8,8,8,8,6,16
908,9,9,9,9,9,9,9,9,12,9,9,9,9,9,9,9,9,9,14,19,19,4,8,19
909,1,9,1,6,9,9,9,9,12,10,10,10,14,9,9,9,8,8,3,8,19,4,8,19
911,9,9,9,9,9,9,9,9,9,9,9,9,9,9,9,9,9,9,19,19,19,4,8,19
912,10,10,10,15,10,7,7,7,9,9,5,3,14,1,5,5,14,1,1,1,18,18,18,18
913,5,9,9,10,9,9,9,9,9,9,11,11,11,11,11,9,9,9,19,19,19,19,4,19
914,0,0,0,6,6,6,10,11,12,0,0,0,8,11,0,0,0,3,3,3,8,4,8,4
915,6,6,6,12,12,12,12,12,12,4,4,8,8,8,8,8,8,4,3,0,16,21,8,4
916,10,10,10,1,1,1,1,1,1,1,1,1,14,1,1,1,1,1,1,1,11,11,11,1
917,10,10,1,1,1,1,1,1,1,1,1,1,1,1,1,1,1,1,1,1,1,1,1,1
918,7,7,7,7,7,5,5,5,5,5,5,5,5,5,5,5,5,5,5,5,5,5,5,5
920,5,6,9,0,6,6,6,6,6,0,0,0,11,9,0,11,0,0,0,0,4,0,0,3
922,12,4,4,4,0,0,0,6,12,0,0,0,0,0,4,4,0,0,0,0,0,0,0,21
923,0,0,0,0,0,10,10,10,10,8,8,0,0,0,0,0,0,8,16,16,8,8,4,4
924,0,0,0,0,6,0,12,4,4,12,12,8,0,9,4,4,16,4,0,3,3,4,0,16
925,5,0,15,0,6,6,6,6,6,0,12,9,0,9,9,6,0,3,8,3,4,16,0,6
926,12,12,4,4,4,0,0,0,4,0,0,4,0,4,4,4,4,0,0,0,0,0,0,0
927,3,3,15,15,15,5,15,15,5,5,3,3,3,3,3,3,5,5,5,1,18,18,18,18
928,3,3,15,15,15,5,15,15,5,5,3,3,3,3,3,3,5,5,5,1,5,18,18,18
929,4,0,0,0,0,6,6,6,6,0,0,0,0,0,3,4,4,4,0,0,4,4,18,6
930,12,4,4,4,0,0,0,0,12,0,12,0,0,4,4,4,0,3,16,3,16,4,0,0
986,13,2,13,13,13,13,13,13,13,2,7,2,7,5,7,7,7,5,5,5,5,5,5,5
987,6,6,6,6,10,10,11,11,14,11,11,10,14,14,11,11,11,11,11,11,11,11,11,11
988,10,10,10,7,7,5,5,5,5,5,5,5,14,14,14,5,5,5,5,5,2,2,2,2
989,10,10,7,7,13,5,15,5,5,5,5,5,5,5,5,5,5,5,5,5,5,5,5,5
991,5,10,9,13,13,11,11,11,11,11,11,11,14,14,5,5,5,19,19,19,19,19,7,7
992,5,6,6,6,9,6,6,6,11,0,11,0,11,6,0,4,3,0,6,6,17,6,17,18
993,9,9,6,15,12,12,12,12,12,12,12,8,9,9,8,8,16,3,3,3,3,3,3,3
994,0,6,6,6,9,6,10,10,10,0,10,10,11,11,9,9,0,3,3,3,19,4,4,19
995,6,6,6,6,9,10,10,10,10,10,10,10,14,10,10,9,8,8,8,8,8,8,8,8
996,5,9,9,10,10,11,11,11,14,11,11,11,11,14,11,11,14,19,19,19,11,11,19,19
998,6,6,6,6,10,10,10,10,10,10,10,11,14,14,14,14,14,11,11,11,11,11,11,11
999,0,6,6,6,12,10,10,10,10,10,10,8,8,10,8,8,8,16,16,16,8,8,8,8
1001,5,9,9,10,10,11,11,11,11,11,11,11,11,14,11,11,11,19,19,19,19,19,19,19
1002,0,6,6,6,12,10,10,10,10,10,4,8,8,10,8,8,8,16,16,16,8,8,8,8
1003,9,9,9,9,9,10,10,10,10,10,10,10,14,10,10,9,8,3,3,3,19,8,8,19
1004,0,0,0,15,12,4,10,10,10,8,8,8,8,8,8,8,16,16,16,16,16,8,16,16
1005,5,9,9,6,6,6,11,11,11,11,11,11,11,11,11,11,11,19,19,19,19,19,19,19
1006,6,6,6,6,12,10,10,10,10,10,10,10,14,10,10,8,8,8,16,16,8,8,8,8
1007,7,7,7,7,7,5,5,5,5,5,5,5,5,5,5,5,5,5,5,5,5,5,5,5
1008,7,7,7,7,7,5,5,5,5,5,5,5,5,5,5,5,5,5,5,5,5,5,5,5
1009,10,10,10,7,7,5,11,11,11,11,11,14,5,5,14,5,5,5,5,5,5,5,5,2
1010,5,5,5,5,5,5,5,5,5,5,5,17,17,17,17,17,17,17,17,17,17,17,17,17
1011,5,5,5,5,5,0,5,5,5,5,0,17,17,17,17,17,17,17,17,17,17,17,0,0
1012,12,4,4,4,4,4,0,0,0,0,0,4,4,4,4,4,4,0,0,0,16,0,0,0
1013,15,12,4,4,4,0,0,0,0,0,12,12,4,4,4,4,4,4,0,0,0,0,0,0
1014,12,12,0,3,0,3,6,0,6,0,0,0,0,0,4,0,0,0,0,0,0,0,0,21
1015,5,6,6,3,6,6,10,10,12,0,0,0,11,9,0,11,11,8,8,8,17,17,17,17
1016,12,12,4,4,4,4,0,0,4,4,0,4,4,4,4,4,0,0,0,0,0,0,4,21
1017,5,6,0,0,6,6,6,6,6,0,0,0,0,0,0,4,0,0,0,4,4,4,21,21
1018,5,5,5,5,3,0,0,5,0,0,0,0,0,17,17,4,17,17,0,0,0,0,0,0
1019,0,9,0,6,6,6,6,0,0,0,0,0,0,4,4,4,0,0,0,19,4,4,21,21
1020,6,12,6,6,9,10,10,10,11,6,6,17,17,9,0,9,11,3,8,3,3,3,4,6
1021,5,6,6,3,6,6,6,0,6,0,0,0,0,0,4,4,3,17,0,0,4,4,17,17
1023,12,12,4,4,4,4,0,0,0,0,12,4,4,4,4,4,4,4,22,22,22,0,0,0
1024,15,12,4,4,4,4,4,12,4,3,12,12,4,4,4,4,4,4,16,0,22,3,3,0
1025,0,9,0,0,0,6,6,6,0,0,0,0,0,0,4,4,0,0,0,16,16,0,0,17
1026,0,6,6,12,6,6,6,6,6,0,10,8,0,0,0,11,0,8,0,16,8,21,21,8
1027,12,4,4,4,0,0,0,0,0,0,0,4,0,4,4,4,0,0,0,0,0,0,0,21
1028,4,4,4,4,0,0,0,0,0,0,0,0,4,4,4,4,4,16,0,16,16,16,0,16
1029,15,12,4,4,4,4,0,4,0,0,12,12,4,4,4,4,4,4,22,22,22,0,0,0
1030,0,4,0,0,0,0,6,0,0,0,0,0,0,4,4,4,0,0,0,0,0,0,0,16
1031,15,12,4,5,5,0,4,4,0,0,12,0,0,0,17,3,17,17,6,6,4,4,18,18
1032,12,12,4,4,4,4,0,0,0,0,0,4,4,4,4,4,4,0,0,0,0,0,0,16
1033,12,4,0,0,0,0,0,0,0,0,0,0,0,0,4,4,4,0,0,0,4,0,0,21
1034,0,0,0,0,0,6,6,10,0,0,0,0,0,0,0,0,0,8,0,16,16,0,0,16
1035,4,4,0,0,0,0,0,0,0,0,0,0,4,4,4,0,0,0,0,16,8,0,16,16
1036,12,12,4,4,4,4,0,0,0,0,0,0,0,4,4,4,4,4,0,0,0,0,0,17
1037,6,6,6,3,6,6,6,6,6,0,0,0,0,0,0,0,0,0,0,0,17,17,17,17
1038,12,12,4,4,0,4,0,0,12,0,12,0,0,4,4,4,4,4,4,0,0,0,0,21
1039,5,5,5,5,5,5,11,11,11,5,6,11,11,11,11,11,17,19,19,19,17,17,19,5
1040,12,12,5,5,15,0,12,4,12,6,6,0,0,9,4,3,3,3,3,6,4,4,3,0
1041,0,4,0,0,0,0,0,0,12,0,0,0,0,0,4,4,4,0,0,0,22,0,0,0
1044,12,4,0,4,0,0,0,0,0,0,0,4,0,0,4,4,4,0,0,0,0,0,0,21
1047,9,9,9,9,9,9,9,9,9,9,9,3,9,9,9,9,9,9,18,18,18,18,18,18
1048,15,15,15,15,15,15,15,15,9,3,9,12,9,1,3,6,6,6,6,6,6,6,4,18
1049,9,9,10,10,10,10,11,5,5,5,10,11,11,14,11,14,5,19,19,19,19,19,19,19
1051,1,15,9,15,1,1,15,15,9,9,5,3,1,1,1,1,1,1,1,1,1,18,18,1
1052,15,15,12,15,15,12,12,12,9,3,12,12,9,9,9,0,3,3,3,3,3,3,3,3
1053,9,9,12,15,15,12,12,12,12,12,9,9,9,9,9,0,9,3,4,19,18,3,3,4
1054,10,10,10,7,7,5,15,15,5,9,3,3,3,14,5,5,5,5,5,1,19,18,11,11
1055,15,15,15,15,15,15,15,15,12,9,9,3,9,1,3,3,3,3,18,18,18,18,18,18
1056,9,9,1,6,9,12,12,12,12,9,10,10,14,10,10,8,8,3,3,3,19,8,8,4
1057,9,9,9,9,9,9,9,9,9,9,9,9,9,9,9,9,9,9,3,3,18,3,8,3
1058,1,15,15,15,12,12,12,12,9,9,9,12,9,9,9,8,9,9,3,3,3,3,3,3
1059,15,15,15,15,15,15,15,4,9,3,12,12,9,1,1,3,1,18,18,18,18,18,18,18
1060,0,12,12,12,4,10,12,12,4,4,4,8,8,8,8,8,8,8,8,16,16,3,16,16
1061,15,15,15,15,15,15,15,15,9,9,12,12,6,6,3,3,3,3,18,18,3,6,18,18
1062,15,15,15,15,15,15,15,15,9,9,12,12,9,1,9,3,3,3,18,18,3,3,3,18
1063,9,10,10,9,10,9,10,10,10,9,9,10,14,10,10,9,8,9,3,19,19,1,1,1
1064,15,15,15,4,15,0,12,4,3,4,12,12,9,9,6,4,3,3,4,18,0,0,3,3
1065,15,15,15,0,15,15,15,15,3,3,12,12,4,6,3,6,3,6,4,18,3,3,3,0
1066,9,9,9,9,9,9,9,9,12,9,9,10,14,9,9,9,9,9,19,19,19,8,8,3
1067,4,15,0,6,6,6,0,12,12,12,12,12,9,9,0,0,0,3,4,18,16,3,4,3
1068,3,3,9,6,9,6,9,11,9,9,11,11,9,9,9,9,11,19,19,19,18,4,4,19
1069,9,9,12,15,15,12,12,12,12,9,9,9,9,9,9,8,3,3,3,6,16,3,3,1
1070,9,9,9,9,9,9,9,9,9,9,9,9,9,9,9,9,9,9,3,3,3,3,3,3
1071,3,15,15,15,15,15,15,15,3,9,3,3,3,3,3,5,5,18,18,19,18,18,18,18
1072,9,9,9,9,9,9,9,9,9,9,9,9,14,9,9,9,9,9,3,19,19,4,8,11
1107,10,7,7,7,7,5,5,5,5,5,5,5,5,14,14,5,5,5,5,5,2,2,7,2
1108,0,6,6,12,6,6,10,10,10,10,8,8,8,11,8,8,8,8,16,16,8,8,8,8
1109,3,3,9,15,15,15,15,15,9,9,3,3,11,3,3,3,3,18,18,18,18,18,18,18
1110,10,10,6,10,10,10,10,1,14,10,10,10,14,14,14,14,14,14,14,1,11,11,8,11
1111,5,9,9,10,10,11,10,10,11,6,11,10,11,11,9,9,11,9,3,19,11,19,4,11
1112,5,6,6,10,10,10,10,10,10,10,11,10,11,14,14,14,11,11,11,8,11,8,11,8
1113,0,6,6,12,12,10,10,10,10,12,8,8,0,8,8,8,16,16,3,16,8,8,8,8
1115,0,0,0,0,12,10,6,10,10,12,8,8,0,8,8,8,16,16,16,16,3,8,4,3
1116,0,4,0,6,12,10,10,10,0,0,0,4,0,0,0,4,0,0,16,16,4,8,21,4
1117,10,10,7,7,7,7,7,7,7,9,5,3,7,14,5,5,5,14,14,1,18,18,11,11
1118,0,0,0,6,6,10,6,10,10,12,8,8,0,8,8,8,0,3,16,16,16,4,4,0
1119,0,6,6,6,9,12,12,12,12,12,10,9,9,9,8,8,3,3,3,3,3,3,8,3
1120,6,6,6,6,12,10,10,10,10,10,10,10,8,10,10,8,8,8,8,8,8,8,8,8
1121,6,6,6,6,12,12,10,10,12,9,10,10,8,9,10,8,8,8,8,3,8,8,3,3
1122,15,12,12,6,15,12,12,12,12,3,9,9,9,9,9,4,3,9,3,3,3,3,4,3
1123,0,6,6,6,12,12,10,10,10,12,8,8,8,8,8,8,8,16,3,16,8,8,16,3
1124,3,0,12,0,15,12,12,12,9,9,12,9,9,9,9,9,3,3,3,3,3,4,3,3
1125,0,6,6,6,6,6,10,10,12,12,8,8,11,11,8,8,0,3,3,16,8,8,8,8
1126,4,4,4,0,0,10,10,10,10,8,8,8,4,8,8,0,16,8,0,16,16,16,16,3
1127,0,6,6,6,10,10,10,10,10,10,10,10,8,10,10,11,8,8,8,8,8,8,8,8
1128,0,12,12,12,12,12,10,12,4,12,10,8,8,10,10,9,8,3,3,3,8,8,8,8
1129,20,6,6,6,9,9,10,10,12,10,9,10,11,9,9,9,3,3,3,3,3,8,8,4
1130,5,6,6,6,10,10,10,10,10,10,10,10,8,10,10,11,8,8,8,19,8,8,8,8
1131,3,15,3,15,3,3,3,9,11,9,14,3,11,9,9,9,9,6,3,19,11,18,18,19
1132,0,6,6,6,6,6,10,10,12,12,8,9,0,8,0,8,8,3,3,3,8,8,4,3
1133,0,0,0,6,6,6,12,11,12,12,8,0,0,9,0,0,0,4,4,16,16,8,16,4
1134,7,7,7,7,7,5,5,5,5,5,5,5,5,5,5,5,5,5,5,5,5,5,5,5
1135,7,7,7,7,7,5,5,5,5,5,5,5,5,5,14,5,5,5,5,5,5,5,5,5
1136,10,10,10,7,7,7,7,7,7,7,5,3,14,14,14,5,14,14,14,14,7,11,11,11
1137,15,15,15,15,15,15,15,15,9,9,12,12,6,1,3,3,3,3,18,18,3,6,18,18
1138,1,9,9,9,9,9,15,15,1,1,1,1,1,14,1,1,1,1,1,1,1,1,1,1
1139,15,15,15,15,15,15,15,15,9,9,3,3,6,1,3,3,3,1,1,18,3,1,18,18
1140,7,7,7,7,7,5,5,5,5,5,5,5,5,5,5,5,5,5,5,5,5,5,5,11
1141,10,10,10,10,10,7,7,7,9,9,5,3,14,14,14,5,14,1,1,1,18,18,18,1
1142,3,15,15,15,15,15,15,15,9,9,3,3,3,3,1,3,1,1,1,1,1,1,18,18
1143,9,9,9,9,9,9,9,9,12,9,9,10,9,9,9,9,9,9,3,3,3,3,3,1
1144,15,15,15,6,15,12,12,12,4,3,12,12,4,4,4,4,4,3,16,0,16,3,0,0
1146,9,9,9,9,9,9,12,12,12,10,10,10,14,9,9,9,9,8,3,3,19,8,8,3
1147,3,3,3,3,5,15,15,15,3,3,3,11,11,11,3,17,5,18,5,19,18,18,18,18
1148,3,3,15,15,15,15,15,15,9,3,12,12,6,6,3,3,3,3,4,18,3,6,18,18
1149,15,15,15,15,15,15,15,15,9,9,3,3,9,1,3,3,3,3,18,3,18,3,18,18
1150,3,7,15,7,13,5,5,5,7,5,5,3,5,5,5,5,5,5,5,1,5,5,5,5
1151,1,1,1,1,1,1,1,9,1,1,9,9,9,9,9,9,9,9,14,14,19,8,1,1
1152,1,1,1,1,1,1,1,1,1,1,1,1,1,1,1,1,1,1,1,1,1,1,1,1
1153,3,5,5,10,7,9,15,15,9,9,3,3,3,3,3,3,1,1,1,1,3,3,18,18
1154,1,1,1,6,10,1,1,1,1,1,10,9,11,9,9,9,8,8,11,8,8,8,8,19
1155,15,15,15,15,15,15,15,15,9,9,1,12,9,1,9,3,3,3,3,3,3,3,3,3
1157,9,9,6,9,9,9,9,9,12,9,9,10,14,11,9,9,9,9,14,19,19,8,8,19
1158,0,9,9,6,9,9,15,9,9,9,9,9,9,9,9,9,9,9,3,3,18,3,19,19
1159,3,3,15,0,15,15,15,15,9,5,6,3,6,3,3,17,3,3,18,18,18,4,18,18
1160,3,5,5,6,9,9,15,9,9,14,14,10,11,11,11,14,9,9,14,19,11,11,8,11
1161,15,9,9,9,9,9,15,9,9,9,5,3,3,9,9,9,9,1,1,1,1,1,1,1
1163,3,5,5,6,12,9,10,9,9,9,9,3,3,9,9,9,9,17,3,3,3,18,18,18
1164,1,15,9,6,9,9,12,9,9,9,9,9,9,9,9,9,9,9,3,3,19,3,18,18
1165,10,10,10,10,10,7,7,1,14,14,14,14,14,14,14,14,14,14,1,1,11,11,11,11
1166,15,15,4,4,4,12,12,4,4,3,4,12,9,4,3,3,3,3,22,22,3,3,3,3
1167,12,12,15,4,15,12,4,4,4,3,4,9,9,9,9,8,3,3,3,3,3,3,3,3
1168,9,9,9,6,9,9,15,9,9,9,9,9,9,9,9,9,9,9,3,3,18,4,4,18
1169,7,7,7,7,7,2,1,5,5,1,5,5,5,5,14,5,5,5,5,5,5,5,5,5
1170,3,3,15,15,15,15,15,15,9,9,3,3,9,6,3,3,3,18,18,18,3,6,18,18
1171,3,3,15,15,15,5,15,15,9,9,3,3,6,3,3,3,3,18,18,18,3,18,18,18
1172,3,3,15,15,15,15,15,15,9,9,3,3,3,3,3,3,1,6,18,18,18,6,6,18
1173,4,3,3,3,3,3,3,3,3,3,12,12,6,6,3,3,3,3,4,18,3,6,18,18
1174,3,3,3,15,15,15,3,15,3,3,3,1,6,3,3,3,3,9,3,3,6,6,6,6
1175,3,3,3,3,15,15,3,15,3,3,3,1,6,6,3,6,6,1,1,18,6,6,6,6
1176,7,7,7,7,7,5,5,5,1,5,5,5,5,5,5,1,1,5,5,5,5,5,5,5
1178,3,15,15,15,1,3,3,3,3,6,12,9,9,9,9,6,9,3,3,0,4,4,19,19
1179,7,7,7,10,6,10,11,10,14,14,14,14,14,14,11,14,11,11,11,11,11,11,11,11
1180,1,7,7,10,10,10,11,10,14,14,14,14,1,10,14,14,14,11,8,8,8,8,8,8
1181,7,7,7,7,3,3,3,5,5,5,5,1,1,5,11,11,5,11,11,11,11,19,5,11
1184,10,10,10,10,10,10,11,1,14,14,14,14,14,14,14,14,14,14,11,11,11,11,11,11
1185,7,7,15,15,3,3,3,5,5,9,10,1,1,1,11,9,9,6,11,1,1,8,4,8
1186,7,7,7,7,7,5,5,5,1,5,5,5,5,5,5,5,5,5,5,5,5,5,5,5
1187,7,7,7,7,3,3,3,5,5,5,10,1,1,1,11,1,1,6,1,1,1,19,8,1
1188,7,7,7,7,7,5,5,5,5,5,5,5,5,5,5,5,5,5,5,5,2,2,2,5
1189,15,15,15,15,15,3,3,12,3,1,3,3,11,11,3,17,1,3,4,3,3,4,3,3
1190,7,7,7,7,7,5,5,5,5,5,5,5,5,5,5,5,5,5,5,5,2,2,2,5
1191,1,15,12,1,1,3,3,5,5,3,1,1,1,1,1,1,1,6,5,1,19,18,18,1
1192,3,15,3,15,3,3,12,12,3,3,6,6,3,3,3,3,3,3,3,18,18,6,18,18
1193,3,3,15,15,3,3,3,6,5,5,3,10,6,9,3,3,1,9,3,3,19,19,18,19
1194,3,3,3,3,6,3,3,3,3,6,6,6,6,6,6,17,5,6,8,19,19,19,19,19
1195,5,6,3,4,4,4,6,3,3,6,6,0,0,0,0,8,6,6,0,16,8,21,21,8
1196,3,3,3,15,3,3,3,12,3,3,6,6,6,6,3,6,6,6,6,6,0,0,6,18
1197,7,7,7,7,3,3,3,5,5,5,5,1,1,5,11,5,1,11,11,11,11,5,5,5
1198,13,13,13,13,13,5,5,5,5,5,7,7,7,7,7,5,5,5,5,5,5,5,7,7
1200,0,9,9,0,6,6,6,6,6,0,0,10,11,11,10,0,0,8,0,19,4,4,4,19
1201,0,0,0,0,6,6,12,6,0,9,0,0,0,9,9,3,4,4,4,0,16,0,4,21
1203,5,9,9,6,6,6,11,11,12,0,0,0,11,9,9,0,0,0,0,19,8,4,4,4
1204,12,12,4,6,12,0,12,12,4,3,12,8,9,8,8,4,4,16,16,0,22,16,0,0
1205,0,0,0,0,6,6,6,6,0,0,0,0,4,4,8,4,4,4,4,4,0,0,0,21
1206,5,9,9,10,10,11,11,11,11,0,0,8,11,11,9,11,0,8,0,19,19,4,4,19
1207,5,9,9,6,6,6,6,6,6,0,0,0,11,11,11,0,0,19,19,19,19,4,19,19
1208,4,12,15,15,0,0,0,12,12,12,12,0,0,0,0,4,4,4,0,0,22,0,0,21
1209,0,9,9,6,6,6,6,6,11,0,0,0,11,11,0,0,0,0,0,4,4,4,4,19
1210,0,0,0,0,6,6,6,6,6,0,0,0,0,4,4,0,0,0,0,4,4,0,4,21
1211,5,6,6,3,6,10,11,6,6,0,10,8,8,10,10,11,8,8,8,19,19,11,11,19
1212,5,9,9,10,10,11,11,11,11,11,11,11,11,14,11,11,11,11,19,19,19,19,7,19
1213,0,9,9,6,6,6,6,6,12,12,8,9,9,9,0,3,0,4,16,3,16,8,4,4
1214,0,12,4,6,6,12,12,12,12,12,12,8,9,8,8,8,16,16,16,3,16,16,0,0
1215,0,0,0,6,6,6,6,6,0,0,0,0,0,0,0,0,0,0,4,0,0,0,4,21
1217,0,0,0,0,6,6,6,6,6,0,0,0,0,0,4,4,0,0,0,4,4,0,0,21
1218,0,0,0,0,0,6,6,6,0,0,0,0,8,8,8,0,0,0,0,4,4,0,0,3
1219,0,0,9,0,6,10,10,10,10,10,0,8,8,10,10,0,0,8,0,16,19,4,4,19
1220,0,0,0,0,0,6,6,6,6,0,0,0,8,0,0,0,0,0,0,4,4,4,4,21
1221,5,0,0,6,6,6,6,11,11,11,11,11,11,9,11,11,6,19,19,19,19,19,19,19
1222,0,4,0,0,4,0,6,10,0,0,8,4,4,4,4,4,16,0,0,16,0,8,0,0
1223,0,0,0,0,4,10,6,6,0,0,0,0,8,4,0,0,0,0,0,16,0,0,21,16
1224,7,7,7,7,7,5,5,5,5,5,5,5,5,5,5,5,5,5,5,5,5,5,5,5
1225,4,20,3,5,5,15,15,3,3,3,3,3,11,11,17,17,6,5,5,19,6,18,18,5
1226,10,5,5,5,7,7,7,7,7,5,5,3,5,11,5,5,5,5,5,5,5,5,5,5
1227,1,6,6,10,1,1,1,1,1,1,10,10,10,10,10,11,11,11,1,11,11,5,11,11
1228,5,6,6,3,10,11,11,3,9,11,11,11,11,11,11,11,3,6,18,19,1,18,18,5
1229,7,7,7,7,7,5,5,5,5,5,5,5,5,5,11,11,5,5,5,11,5,5,5,5
1230,3,7,7,7,7,1,15,5,1,1,1,3,5,5,5,5,5,5,1,5,5,5,5,5
1231,10,10,10,10,7,7,7,1,1,1,14,14,14,14,14,5,14,14,14,1,11,11,11,11
1232,9,9,9,10,10,1,15,9,9,9,9,9,11,11,11,14,14,14,1,1,11,18,1,19
1233,7,7,7,7,7,5,5,5,5,5,5,5,5,5,5,5,5,5,5,5,7,5,5,5
1234,7,7,7,7,7,5,5,5,5,5,5,5,5,10,11,11,5,11,11,11,11,5,5,5
1235,5,5,7,5,7,5,15,5,5,5,5,11,11,11,11,11,5,1,11,11,5,5,5,5
1236,7,7,7,7,7,5,5,5,5,5,5,5,5,5,5,5,5,5,5,14,7,5,5,5
1237,5,6,6,3,10,11,9,11,11,6,10,10,11,11,11,11,11,19,3,8,19,4,6,19
1238,7,7,7,7,7,5,5,5,5,5,5,5,5,5,11,11,5,5,5,11,5,5,5,5
1240,3,3,0,15,15,15,15,15,9,9,3,3,9,9,3,3,3,3,4,19,18,18,18,21
1241,3,6,6,3,6,3,3,1,1,6,6,10,0,6,6,17,17,11,11,11,11,11,6,19
1242,4,0,0,0,0,0,4,0,0,12,0,0,0,0,4,0,4,0,0,0,0,0,0,21
1243,1,7,7,7,7,5,5,5,7,5,5,3,5,5,5,5,7,7,5,5,5,5,5,5
1244,0,6,6,0,0,12,12,12,4,4,4,8,8,0,0,0,0,3,3,3,16,8,16,16
1246,4,20,20,3,15,15,3,3,3,3,6,6,6,0,3,3,3,6,6,18,3,6,18,18
1249,3,3,15,3,15,15,15,15,9,9,3,12,6,0,3,3,3,6,6,18,3,6,18,18
1250,10,10,13,13,7,15,15,7,9,9,3,3,7,3,3,3,9,1,1,18,18,18,18,18
1251,15,20,20,0,0,3,3,4,3,3,12,4,4,4,4,4,4,4,22,22,22,6,0,0
1252,20,20,3,10,6,3,3,1,1,5,5,1,10,10,11,11,5,1,1,11,11,5,5,5
1253,4,4,4,0,4,4,0,0,4,0,0,4,4,4,4,4,4,0,16,16,16,0,0,0
1254,3,3,15,15,15,15,15,15,9,3,6,3,0,0,3,3,3,18,18,18,18,18,18,18
1256,15,12,4,4,15,12,12,12,4,4,4,12,4,0,4,4,3,6,1,1,6,1,18,18
1257,15,12,12,4,12,12,12,12,4,4,4,12,8,8,8,8,16,16,1,3,3,3,3,0
1258,7,7,7,7,7,5,5,5,5,5,5,5,5,5,5,5,5,5,5,5,5,5,5,5
1259,6,6,6,10,6,10,11,5,14,6,10,10,1,10,11,11,8,11,8,11,11,11,1,11
1260,10,10,10,10,10,10,11,5,14,14,14,14,14,14,14,5,5,5,11,11,5,5,11,11
1261,1,6,12,15,3,3,12,12,3,6,6,6,8,10,1,8,8,6,6,6,21,21,6,6
1262,3,3,3,3,6,3,3,6,3,6,10,1,1,1,11,11,11,6,8,0,21,21,6,6
1264,3,20,3,3,15,3,3,3,3,3,6,6,6,6,3,3,3,6,6,18,0,6,18,18
1265,3,3,3,3,3,3,3,9,6,6,10,10,10,11,11,11,11,6,3,19,19,19,6,6
1266,4,0,0,0,0,6,0,0,0,12,12,9,6,8,4,0,0,4,0,6,0,21,21,16
1267,20,20,3,1,1,3,3,1,3,6,6,6,6,8,4,11,0,0,16,0,0,21,21,16
1268,3,9,0,15,15,6,12,12,12,12,12,4,8,8,8,8,3,4,4,6,3,3,3,3
1269,4,4,20,4,4,4,4,12,0,4,0,4,8,8,4,4,4,4,4,22,16,3,0,0
1270,6,6,6,6,12,10,10,10,10,10,10,10,8,8,10,9,8,8,8,8,8,8,8,8
1271,20,20,4,0,4,4,4,4,0,0,0,4,4,0,4,4,4,0,0,22,22,0,0,0
1272,20,12,6,12,12,12,12,12,4,4,4,8,8,8,8,8,8,16,0,16,8,8,8,3
1273,20,20,4,4,3,4,4,3,0,0,0,0,4,4,4,4,0,0,0,0,0,0,21,21
1274,4,15,20,3,15,3,3,4,3,3,12,12,6,6,6,6,4,6,22,22,3,6,3,0
1275,3,7,15,15,3,15,3,15,3,9,6,3,3,3,3,3,6,18,18,19,18,18,18,18
1276,1,1,20,12,12,12,12,4,3,1,6,9,8,9,9,3,3,3,3,3,3,3,3,3
1277,20,6,12,12,12,12,12,12,4,4,10,8,8,8,8,8,8,16,8,3,8,8,8,8
1278,20,20,12,15,4,12,4,4,4,4,4,4,8,6,8,8,8,1,1,22,22,3,16,16
1279,4,0,0,0,6,6,12,12,12,12,12,4,6,8,0,0,3,3,4,6,3,21,6,21
1280,20,12,12,12,12,12,12,4,4,4,4,4,8,8,8,8,16,1,1,16,22,3,16,16
1281,5,0,0,6,6,6,6,10,6,0,10,9,8,11,0,0,3,3,3,3,8,8,4,4
1282,20,20,3,1,1,1,1,3,3,3,6,12,6,6,6,6,4,3,6,6,0,0,0,6
1284,20,6,0,15,3,3,12,12,4,6,6,6,8,10,10,8,8,8,8,8,8,8,8,8
1285,9,9,9,9,9,9,9,9,11,6,10,10,14,9,9,9,9,9,3,3,3,21,8,3
1286,15,12,12,12,12,12,12,12,4,12,4,8,8,8,8,8,16,3,3,0,3,3,0,3
1287,3,12,12,6,9,12,12,12,6,6,10,10,8,10,9,0,8,3,3,6,3,21,8,4
1288,4,9,20,6,15,12,12,12,12,12,12,4,8,8,8,0,3,4,3,3,3,4,4,4
1289,20,1,3,1,1,3,3,3,3,6,6,6,6,6,6,6,6,6,6,6,21,21,6,6
1290,1,20,12,15,15,12,12,12,3,9,4,9,8,9,9,8,3,3,3,3,3,3,16,4
1291,20,20,3,1,3,3,4,3,0,0,0,0,4,0,4,4,4,6,0,0,3,0,21,16
1292,20,20,20,12,4,4,4,12,4,4,4,4,8,8,8,0,8,3,3,3,8,8,4,4
1293,3,7,7,9,6,3,3,6,6,6,10,10,1,10,10,9,8,6,3,8,21,21,6,3
1294,3,3,3,3,6,3,3,6,6,6,10,10,10,10,11,11,11,6,8,0,21,21,6,6
1295,20,12,12,6,12,12,12,4,4,4,10,9,8,8,0,8,8,8,8,16,3,8,8,3
1296,20,20,20,12,4,4,4,4,4,4,6,4,8,6,6,6,4,3,22,22,22,3,0,0
1297,20,1,1,1,1,1,1,1,3,3,4,4,6,8,8,0,0,4,0,6,16,0,16,0
1298,20,20,12,12,12,4,4,4,4,4,6,4,8,8,8,8,16,1,1,16,22,3,16,16
1299,4,20,20,0,4,4,4,3,4,4,4,4,8,8,4,4,0,0,6,6,0,21,6,6
1300,20,20,20,4,4,4,4,4,4,4,4,6,1,6,8,8,6,6,6,6,6,21,6,21
1301,0,6,6,6,0,6,6,0,6,6,10,10,8,10,0,0,0,16,3,6,8,21,8,4
1302,1,6,12,15,3,3,3,3,5,6,10,1,1,1,11,9,6,6,6,6,21,21,8,6
1303,10,7,7,7,7,5,5,5,5,5,5,5,5,5,5,5,5,5,5,5,5,5,5,5
1304,6,6,6,6,9,10,10,10,10,10,10,10,14,9,10,8,8,3,3,3,8,8,8,8
1305,6,6,6,6,10,10,10,10,10,10,10,10,14,10,10,9,8,8,8,3,8,8,8,8
1306,0,6,6,6,6,6,10,10,10,8,8,8,8,9,8,8,0,3,3,16,8,8,8,4
1308,9,9,9,6,9,6,11,11,12,12,8,9,9,9,9,8,3,3,4,19,16,4,3,3
1309,0,0,0,0,6,0,0,12,12,0,0,4,4,4,4,4,4,4,4,0,0,16,0,16
1310,0,12,6,15,12,12,12,12,12,12,12,8,9,9,9,0,3,3,18,3,16,3,3,3
1311,4,4,20,4,4,4,4,3,0,0,0,4,4,4,4,4,0,0,0,0,0,0,0,21
1312,0,15,0,6,15,12,12,12,9,3,12,8,8,9,9,8,3,3,3,3,16,3,0,3
1313,4,4,4,4,4,0,0,0,0,0,0,4,4,4,4,4,4,0,0,0,0,0,0,16
1314,12,4,4,4,0,0,12,4,0,12,12,0,0,0,4,4,4,4,4,0,0,0,0,21
1315,10,5,15,15,15,5,15,15,5,5,3,3,3,3,3,5,5,18,5,19,19,18,18,18
1316,0,9,6,6,6,6,10,10,0,0,8,10,11,9,9,9,0,0,3,19,19,4,4,4
1317,4,4,4,0,0,0,0,0,0,0,0,0,4,4,4,4,0,0,0,0,0,0,0,16
1319,4,20,20,4,4,3,3,3,3,3,0,4,0,0,4,4,4,4,6,0,0,0,0,21
1320,4,4,4,0,0,0,0,6,0,0,0,0,4,4,4,4,4,4,4,0,0,0,0,0
1321,6,6,6,6,10,10,11,10,10,10,10,10,14,10,10,9,8,8,8,8,8,8,8,8
1322,0,4,4,3,0,0,12,12,6,0,0,0,0,0,4,4,0,0,4,0,0,0,0,21
1323,4,4,4,0,0,0,0,0,0,0,0,4,4,4,4,4,4,0,0,0,0,0,0,21
1324,20,12,20,4,4,4,4,3,3,4,4,0,0,0,4,4,4,0,0,0,0,0,0,21
1325,12,12,4,4,4,4,12,12,4,0,12,4,8,8,4,4,4,16,4,0,16,0,0,0
1326,1,15,20,15,15,12,12,12,3,1,9,4,9,10,8,8,3,3,3,3,3,21,4,4
1327,4,20,0,0,0,3,3,3,3,0,0,0,0,0,0,4,0,0,0,0,4,4,21,21
1328,0,0,0,0,6,6,6,6,0,0,0,0,0,4,0,0,0,0,4,4,4,4,4,21
1329,0,4,4,0,6,6,10,10,10,10,8,8,8,11,0,0,0,3,4,16,8,8,8,4
1330,0,6,6,0,0,10,10,10,0,8,0,8,8,0,8,8,0,16,0,0,0,16,16,21
1331,12,12,4,4,0,0,0,12,0,0,12,0,4,4,4,4,4,4,4,0,0,0,0,0
1333,7,7,7,7,7,5,5,5,5,5,5,5,5,5,1,5,5,5,5,5,5,5,11,11
1334,3,7,7,10,6,10,11,5,14,6,5,14,10,10,11,11,11,11,11,11,11,11,11,11
1335,20,20,20,4,4,3,4,4,3,4,4,4,6,6,6,6,16,16,22,22,22,3,0,0
1336,20,20,20,4,4,4,0,4,4,4,4,4,4,8,8,6,4,16,22,22,22,3,0,0
1337,20,20,20,12,12,12,4,4,4,4,4,4,8,8,8,8,8,1,1,3,3,3,3,3
1338,20,6,12,12,12,10,12,4,4,4,4,4,8,8,8,8,8,16,16,16,16,8,16,3
1339,4,20,20,4,4,4,4,4,4,4,4,12,4,4,6,3,9,6,3,3,18,3,4,3
1340,4,4,0,0,0,6,4,12,4,4,0,4,4,4,4,0,0,0,16,16,16,21,16,4
1341,20,20,12,12,12,3,12,4,3,6,6,6,8,8,8,8,8,8,16,16,16,8,8,3
1343,20,20,20,4,4,4,4,4,4,4,4,4,4,8,8,4,4,16,0,22,22,3,16,16
1344,12,4,4,4,4,0,0,0,4,0,0,4,4,0,8,0,4,16,0,0,0,21,0,16
1345,4,20,20,4,4,4,4,4,0,0,4,4,4,4,4,4,4,16,0,0,16,0,0,0
1346,12,20,20,4,0,4,4,0,0,0,0,4,4,4,4,4,4,4,0,0,0,0,0,16
1347,20,12,12,12,12,12,12,4,4,4,4,4,8,8,8,8,8,16,16,16,16,8,8,3
1348,4,4,4,0,0,0,0,0,0,0,0,4,4,4,4,4,4,4,22,0,22,0,0,0
1349,4,4,20,4,0,4,4,0,0,0,0,4,0,4,4,4,4,4,22,0,22,0,0,0
1350,4,4,4,4,4,4,0,4,4,4,0,4,8,8,8,6,4,16,0,0,22,0,0,16
1351,20,20,3,4,3,3,3,3,6,3,6,6,6,6,6,6,4,1,1,22,6,16,6,6
1352,20,20,20,4,4,4,4,4,4,4,4,12,4,6,6,6,4,3,22,22,3,3,3,3
1353,5,20,5,5,12,4,6,4,6,0,0,4,0,0,4,4,16,16,1,0,0,0,0,0
1355,4,20,20,4,4,4,4,0,4,4,0,0,8,6,4,4,0,0,0,16,0,21,21,0
1356,4,20,20,15,12,12,12,12,4,4,12,6,8,6,8,8,0,1,1,16,22,3,0,16
1357,20,20,20,4,4,12,4,4,4,4,4,9,9,8,8,8,16,1,1,3,3,3,3,3
1358,4,20,20,3,4,4,4,4,4,4,6,12,6,6,6,6,4,4,0,0,22,3,0,16
1392,9,9,9,10,10,11,11,9,14,10,10,10,14,11,9,9,9,9,11,19,11,8,8,8
1393,10,9,9,9,9,9,9,9,9,9,9,9,11,9,9,9,9,9,14,19,11,18,19,19
1394,5,9,9,10,10,11,11,9,14,14,14,14,14,14,14,14,14,14,14,19,11,11,11,19
1395,13,13,13,13,13,13,13,13,13,2,7,7,7,7,7,7,7,7,7,7,7,7,7,7
1396,10,13,13,13,13,13,13,7,7,7,7,7,14,14,5,5,5,5,5,5,7,7,7,7
1397,13,13,13,13,13,13,13,13,13,2,7,7,7,7,7,7,7,7,5,5,7,7,7,7
1398,10,10,10,10,10,7,7,7,14,14,14,14,14,14,14,14,14,14,14,14,11,11,11,11
1399,6,6,9,10,10,10,11,11,14,14,14,11,14,14,11,11,11,11,11,11,11,11,11,11
1400,10,10,13,13,13,13,13,7,7,7,7,7,14,7,5,5,5,5,5,5,7,7,7,7
1401,5,9,9,10,10,11,11,9,14,11,9,14,14,14,11,11,14,14,14,19,11,11,19,19
1402,13,13,13,13,13,13,13,7,7,7,7,7,7,7,5,5,5,5,5,5,7,7,7,5
1403,10,10,13,13,7,13,13,7,7,7,7,7,14,14,5,5,5,5,5,5,7,7,7,7
1404,9,9,9,10,9,9,9,9,9,9,9,9,9,9,9,9,9,9,19,19,19,19,19,19
1405,5,9,9,13,10,11,11,11,11,11,11,11,14,14,11,11,14,14,19,19,19,19,19,19
1406,10,9,9,10,10,9,9,9,14,14,14,14,14,14,14,9,9,9,14,19,11,11,8,11
1407,10,10,10,10,10,7,7,1,14,14,14,14,14,14,14,14,14,14,14,11,11,11,11,11
1408,10,10,10,13,13,13,13,7,7,7,7,7,14,14,5,5,5,5,5,5,7,7,7,7
1409,10,10,10,13,13,13,13,13,13,7,7,11,5,5,7,7,7,7,7,5,5,5,5,17
1410,7,7,7,7,13,5,5,5,5,5,2,2,14,7,5,5,5,5,5,5,7,7,7,7
1411,10,5,15,15,15,5,15,11,5,5,11,3,7,3,3,5,5,19,5,19,19,7,18,18
1412,12,4,4,4,0,0,0,0,0,0,0,4,4,4,4,4,0,0,0,0,0,0,0,21
1413,6,6,9,10,10,11,11,11,11,11,11,10,14,14,10,9,8,8,8,19,19,4,8,19
1414,0,6,6,6,6,6,6,6,0,0,8,8,8,10,0,4,16,0,0,0,0,0,0,16
1415,0,4,0,0,0,6,6,6,6,0,0,0,8,4,4,4,4,0,0,0,0,0,0,21
1416,4,4,0,0,0,0,0,0,0,0,0,0,8,0,4,4,0,16,0,16,4,21,16,21
1417,12,4,0,0,0,0,0,0,6,0,0,0,8,0,0,4,0,0,0,0,0,0,0,16
1419,12,4,0,0,0,0,6,0,0,0,0,0,8,8,4,4,4,0,0,0,0,0,0,21
1420,12,4,4,4,0,4,0,0,0,0,0,4,4,4,4,4,0,16,0,0,0,0,0,16
1421,15,12,4,4,4,0,0,0,3,0,4,4,4,4,4,3,4,4,22,22,16,0,0,0
1422,5,6,6,3,6,6,6,6,6,0,0,0,11,11,0,11,0,0,0,0,4,4,21,21
1423,0,0,0,0,0,6,6,10,0,0,0,0,8,0,4,4,0,0,0,16,0,0,0,21
1425,5,6,6,3,6,11,6,10,9,0,10,10,8,11,0,8,0,0,0,3,4,3,3,4
1426,0,0,0,0,0,0,0,0,6,0,0,0,0,4,4,4,0,0,0,0,0,0,0,21
1427,5,6,6,3,6,6,6,6,6,0,0,0,0,0,0,0,0,0,0,4,4,4,21,21
1428,5,0,0,0,0,0,6,0,0,0,0,0,4,4,4,4,0,0,0,0,0,0,0,21
1429,0,0,0,0,0,6,6,10,0,0,0,8,4,4,4,0,0,0,0,16,16,0,0,16
1430,10,10,10,1,1,1,1,1,1,1,1,1,1,1,1,1,1,1,1,1,11,1,11,1
1431,1,1,1,6,1,1,1,1,1,14,1,1,9,9,10,1,1,1,1,1,1,1,1,1
1438,9,9,1,9,9,1,1,1,1,1,1,1,9,9,9,9,9,9,14,1,1,1,1,1
1439,13,13,13,13,13,13,13,13,13,2,7,7,7,7,7,7,7,7,7,7,7,7,7,7
1440,5,13,13,13,13,13,13,7,7,7,7,7,7,7,5,5,5,5,5,5,7,7,7,18
1443,13,13,13,13,13,13,13,13,13,2,7,7,7,7,7,7,7,7,7,7,7,7,7,7
1444,13,13,13,13,2,13,13,13,13,2,7,7,7,7,7,7,7,7,7,7,7,2,7,2
1445,13,13,13,13,13,13,13,13,7,7,7,7,7,7,5,5,5,5,5,7,7,7,7,7
1446,10,10,10,13,13,13,13,13,14,7,7,7,14,14,5,5,5,5,5,5,7,7,7,7
1447,10,13,13,13,7,13,13,7,7,7,7,7,7,7,5,5,5,5,5,5,7,7,7,11
1448,13,13,13,13,13,13,13,13,13,2,7,7,7,7,7,7,7,7,7,7,7,2,7,2
1449,5,9,9,9,9,9,9,9,9,9,9,9,11,9,9,9,9,9,14,19,11,11,11,11
1453,5,13,13,13,13,13,13,13,13,2,7,7,7,7,7,7,7,7,7,7,7,7,7,7
1454,5,13,13,13,13,13,13,7,7,7,7,7,7,7,5,5,5,5,5,5,7,7,7,11
1456,13,13,13,13,2,2,13,13,13,2,7,7,7,7,7,7,7,7,7,7,7,2,7,2
1457,13,13,7,7,13,13,7,7,7,7,7,7,7,7,5,5,5,5,7,7,7,7,7,7
1459,13,13,13,13,13,13,13,13,13,2,7,7,7,7,7,7,7,7,7,7,7,7,7,7
1461,13,13,13,13,13,13,13,13,13,2,7,7,7,7,7,7,7,7,7,7,7,7,7,7
1463,5,13,13,13,13,13,13,7,7,7,7,7,7,7,5,5,5,5,5,5,7,7,7,11
1464,10,10,10,13,13,13,13,13,13,7,7,7,7,7,7,7,7,7,7,7,7,7,7,2
1465,13,13,13,13,13,13,13,13,13,2,7,7,7,7,7,7,7,7,7,7,7,7,7,7
1467,13,13,13,13,13,13,13,13,13,2,7,7,7,7,7,7,7,7,7,7,7,7,7,7
1468,13,13,13,13,13,13,13,13,7,7,7,7,7,7,5,5,5,5,5,7,7,7,7,7
1472,13,13,13,13,13,13,13,13,7,7,7,7,7,7,7,7,7,7,5,7,7,7,7,7
1473,5,10,9,10,10,11,11,11,11,11,11,14,14,14,11,14,11,11,11,11,11,11,11,11
1474,5,10,9,10,10,10,11,11,10,10,11,10,11,14,11,14,11,11,11,11,11,11,11,11
1475,13,13,13,13,2,2,2,2,2,2,2,7,2,2,2,7,7,7,7,7,2,2,2,2
1477,5,13,9,13,13,11,11,11,7,7,7,7,7,7,11,11,5,19,19,19,19,7,7,7
1478,5,9,9,13,13,11,11,11,11,11,0,0,11,11,11,11,11,19,19,19,19,19,19,19
1480,5,13,13,13,13,13,13,5,7,7,7,7,7,7,5,5,7,19,5,5,5,7,7,7
1481,10,10,10,13,13,13,13,13,13,7,7,7,7,7,7,7,7,7,7,5,7,7,7,2
1483,5,9,9,10,10,10,11,11,11,11,11,11,11,14,11,11,11,11,11,11,11,11,11,11
1484,13,13,13,13,13,13,13,7,7,7,7,7,7,7,5,5,5,5,5,5,7,7,7,7
1486,5,9,9,13,13,11,11,11,11,11,11,11,11,11,11,11,11,19,19,19,19,19,19,19
1488,13,13,13,13,13,13,13,13,13,2,7,7,7,7,7,7,7,7,7,7,7,7,7,2
1489,5,13,13,13,13,11,11,11,7,7,11,7,7,7,11,11,5,19,19,19,19,7,19,7
1490,13,13,13,13,13,13,13,7,7,7,7,7,7,7,5,5,5,5,5,5,7,7,7,11
1491,13,13,13,13,13,13,13,7,7,7,7,7,7,7,5,5,5,5,5,5,7,7,7,7
1492,13,13,13,13,13,13,13,7,7,7,7,7,7,7,5,5,5,5,5,5,7,7,7,7
1493,13,13,13,13,13,13,13,13,7,7,7,7,7,7,5,5,5,5,5,7,7,7,7,7
1494,5,9,9,6,6,6,11,11,11,0,0,0,11,11,0,0,0,0,0,19,19,4,4,19
1495,5,13,13,13,13,11,13,7,7,7,7,7,7,7,5,5,5,5,5,5,7,7,7,11
1496,13,13,13,13,13,13,13,13,13,2,7,7,7,7,7,7,7,7,7,7,7,7,7,7
1500,13,13,13,13,13,13,13,13,13,7,7,7,7,7,7,7,7,7,7,7,7,7,7,7
1501,13,13,13,13,13,13,13,13,13,2,7,7,7,7,7,7,7,7,7,7,7,7,7,7
1504,5,9,9,13,13,11,11,11,11,11,11,11,11,11,11,11,11,19,19,19,11,11,19,19
1506,10,10,10,7,7,7,7,7,7,7,5,5,14,14,14,5,14,14,14,14,7,11,11,11
1507,10,10,10,10,10,7,7,7,14,14,14,14,14,14,14,14,14,14,14,14,11,11,11,11
1508,10,10,10,10,10,7,7,7,14,14,14,14,14,14,14,14,14,14,14,14,11,11,11,11
1509,10,10,10,10,10,7,7,1,14,14,14,14,14,14,14,14,14,14,14,14,11,11,11,11
1510,10,10,10,10,10,7,7,9,14,14,14,14,14,14,14,14,14,14,14,19,11,11,8,8
1511,10,10,10,10,10,7,7,7,14,14,14,14,14,14,14,14,14,14,14,14,11,11,11,11
1512,5,10,10,10,10,7,7,9,14,14,14,14,14,14,14,14,14,14,14,19,11,11,8,11
1518,10,10,10,10,10,7,7,7,14,14,14,14,14,14,14,14,14,14,14,19,11,11,11,11
1519,10,10,10,10,10,7,7,1,14,14,14,14,14,14,14,14,14,14,11,1,11,11,8,11
1520,9,9,9,9,9,9,9,9,12,9,9,9,11,9,9,9,9,9,14,19,19,8,8,19
1521,10,10,10,10,10,7,7,7,14,14,14,14,14,14,14,14,14,14,14,14,11,11,11,11
1522,9,9,9,9,9,9,9,9,9,9,9,9,11,9,9,9,9,9,14,19,19,8,8,19
1523,2,2,2,7,2,5,5,5,5,2,2,2,5,5,5,5,5,5,5,5,5,5,5,5
1525,13,13,13,13,2,2,13,13,5,2,7,7,7,11,7,5,7,7,7,5,5,5,7,2
1526,5,9,9,10,10,13,11,11,11,11,11,7,7,11,11,11,11,11,11,5,5,11,5,17
1527,13,7,13,13,7,7,7,7,7,7,7,7,7,7,7,7,7,5,7,7,7,2,2,2
1528,12,12,6,12,0,10,10,10,10,4,8,8,0,0,0,0,0,8,16,16,16,8,16,16
1529,0,6,6,6,12,10,10,10,10,8,8,8,8,0,8,0,8,8,16,16,8,8,8,3
1530,12,12,0,12,12,10,10,10,0,0,8,8,8,8,0,0,8,16,16,16,8,8,8,3
1532,4,0,0,0,0,0,0,6,6,0,0,0,0,0,4,4,4,4,0,0,0,0,0,0
1533,20,12,20,12,12,12,12,12,4,4,4,4,4,8,8,0,0,16,16,16,16,3,16,16
1534,12,12,6,12,12,10,10,10,10,8,8,8,8,0,8,0,0,16,16,16,8,8,16,3
1535,0,0,0,6,6,12,12,12,12,12,12,9,8,9,0,0,3,3,3,3,3,4,4,3
1536,0,6,6,12,0,10,10,10,10,8,8,0,0,0,0,0,0,8,16,16,8,8,8,16
1537,0,4,20,0,0,0,0,0,0,0,0,4,4,4,4,4,0,0,0,0,0,0,0,16
1539,5,6,9,10,10,10,11,11,11,11,11,11,11,11,11,11,11,11,11,11,11,11,11,17
1540,10,10,9,10,10,11,11,11,11,11,11,7,7,11,11,11,5,19,19,7,7,7,7,7
1541,12,12,4,4,4,4,0,0,0,0,0,4,4,4,4,4,4,0,0,0,0,0,0,0
1542,0,6,6,12,0,10,10,10,10,8,8,8,8,0,0,0,8,8,16,16,8,8,16,16
1543,12,12,4,4,4,4,0,0,0,0,0,4,4,4,4,4,4,16,16,0,0,0,0,4
1544,15,12,4,4,15,15,12,12,3,3,12,4,4,9,4,4,4,4,16,0,0,3,0,3
1545,4,4,0,0,0,0,0,12,3,3,0,0,0,4,4,4,4,4,0,0,0,0,0,0
1546,12,12,12,12,12,10,10,10,4,4,4,8,8,0,8,0,16,16,16,16,8,8,16,16
1547,4,4,0,4,0,0,0,0,0,0,0,4,0,4,4,4,4,0,4,0,0,0,0,0
1548,12,4,4,4,4,4,0,0,0,0,12,4,4,4,4,4,4,4,22,22,22,0,0,0
1549,5,9,9,10,10,9,10,9,11,9,11,10,11,9,9,9,11,9,11,19,11,11,4,11
1550,4,6,0,12,6,6,6,0,12,0,10,0,0,0,0,11,0,8,8,16,8,21,8,8
1551,4,4,0,4,0,0,0,0,0,0,0,0,4,4,4,4,4,0,0,0,0,0,0,21
1552,12,12,4,4,4,4,0,0,0,0,0,4,4,4,4,4,4,16,0,0,22,0,0,0
1553,5,6,9,10,10,11,11,11,11,11,11,11,11,11,17,17,11,11,11,11,11,11,17,17
1554,0,0,6,12,0,10,6,6,0,0,0,0,0,0,0,0,0,8,0,16,8,8,21,19
1555,12,12,4,4,4,4,10,10,4,12,12,8,0,4,4,4,16,16,16,3,3,16,3,3
1556,5,6,6,0,6,6,10,10,6,0,10,8,0,0,0,0,0,0,0,16,4,8,16,4
1557,0,0,6,6,0,10,10,10,10,12,12,9,9,0,0,0,0,0,16,16,8,21,21,16
1558,4,0,0,3,15,6,12,3,9,3,6,12,6,0,3,3,3,3,4,0,4,4,4,21
1559,12,4,4,0,0,0,0,0,0,0,0,0,4,4,4,4,4,0,0,0,0,0,21,16
1560,13,13,13,13,2,2,13,13,13,2,7,7,7,5,7,5,5,7,5,5,2,5,7,2
1561,12,12,4,4,4,0,0,0,0,0,0,4,4,4,4,4,4,0,0,0,22,0,0,0
1562,20,6,6,12,12,10,10,10,10,4,10,10,8,8,8,8,8,8,16,16,16,16,16,16
1563,0,0,9,10,10,11,11,11,11,11,11,11,11,11,11,11,11,11,19,7,17,11,19,7
1564,12,12,12,12,12,4,0,10,0,0,0,4,4,4,4,4,4,0,0,16,22,0,16,0
1565,15,12,12,12,12,4,12,4,4,4,6,0,4,8,8,8,16,1,1,6,22,3,0,6
1566,12,4,4,0,0,4,0,0,0,0,0,0,0,4,4,4,4,16,0,0,22,0,0,0
1567,15,12,4,4,4,4,0,0,0,0,0,4,4,4,4,4,4,4,0,0,22,0,0,0
1568,12,12,12,3,0,10,10,10,6,0,0,0,0,0,0,0,0,4,16,3,3,4,16,0
1569,4,4,4,0,0,4,0,0,0,0,0,0,4,0,4,4,4,0,0,0,0,0,21,16
1570,12,0,0,6,0,6,0,12,12,3,0,0,0,0,4,4,4,4,22,22,22,3,0,0
1571,4,0,0,0,6,6,12,12,12,12,6,0,0,0,0,0,4,4,4,0,0,0,0,18
1572,4,0,15,15,15,15,15,15,9,9,6,12,6,0,3,3,3,3,4,18,3,6,18,18
1573,4,0,0,0,6,6,12,12,0,0,0,4,0,0,4,4,4,4,4,0,0,0,0,0
1574,20,6,12,12,12,10,10,10,4,4,4,8,8,8,8,8,16,16,16,16,8,8,8,3
1575,10,7,7,7,7,5,13,13,13,7,7,11,5,5,5,5,5,5,7,7,2,2,2,2
1577,5,9,9,10,10,11,11,11,11,11,11,11,11,5,14,11,14,11,19,19,11,11,5,17
1578,0,9,9,10,10,11,11,11,11,0,10,8,14,10,10,11,9,8,0,16,19,4,4,19
1579,0,12,12,6,12,12,12,9,10,12,9,9,9,4,9,8,16,3,22,3,3,16,3,4
1580,4,4,4,0,0,6,0,6,12,0,0,0,0,0,4,4,4,4,0,0,0,0,0,21
1581,0,0,0,0,6,6,6,6,12,0,8,0,0,11,0,0,0,0,4,0,4,0,4,21
1582,4,0,0,0,6,6,6,12,12,12,12,0,0,0,0,4,4,0,4,0,0,0,0,21
1583,0,6,6,6,12,10,10,10,10,12,8,8,8,10,10,8,8,8,8,16,8,8,8,8
1584,4,0,0,0,6,15,12,12,12,0,12,12,9,9,0,3,3,3,4,19,4,4,4,21
1585,0,0,0,0,6,6,12,12,12,12,0,0,0,0,0,0,0,0,4,0,4,21,21,16
1586,10,5,7,7,7,7,7,7,7,7,7,7,7,14,5,5,5,5,5,5,7,7,7,7
1587,0,9,0,6,15,6,6,12,12,12,12,8,8,8,4,4,4,4,4,0,0,0,0,21
1588,0,9,6,6,6,12,12,12,12,12,12,9,8,9,9,8,9,3,3,3,3,3,8,3
1589,0,9,9,10,10,11,11,11,11,0,0,0,11,11,11,11,0,0,0,19,19,4,4,19
1590,15,0,15,6,0,6,12,12,9,12,9,0,9,9,3,4,3,3,3,22,4,4,0,0
1591,0,0,6,0,6,6,6,10,0,0,0,0,0,0,0,4,0,0,4,0,3,8,0,21
1592,6,6,9,10,10,10,11,6,10,10,10,10,1,10,11,11,11,11,11,11,11,11,11,11
1593,0,0,0,0,6,6,6,6,6,0,0,0,0,0,0,4,0,8,16,16,4,4,4,21
1594,0,0,0,0,15,6,6,6,12,12,0,8,0,8,4,0,4,4,16,3,16,16,21,3
1595,6,6,6,6,10,10,10,10,10,10,10,8,11,11,9,11,11,8,11,16,8,8,8,19
1596,4,4,0,3,6,6,6,6,4,0,8,0,0,0,0,0,0,8,3,3,19,4,8,21
1597,7,7,7,7,7,5,5,5,5,5,5,5,5,5,5,5,5,5,5,5,5,5,5,5
1598,7,7,7,7,7,5,5,5,5,5,5,5,5,5,5,5,5,5,5,5,5,5,5,5
1599,3,5,7,5,7,5,5,5,7,5,5,5,11,11,17,5,5,5,5,5,5,5,5,5
1600,10,10,7,7,7,7,7,7,7,7,7,3,7,7,5,5,5,5,5,5,7,7,7,5
1601,10,7,7,7,7,2,2,2,2,7,7,7,5,5,14,7,2,11,11,11,5,2,5,17
1602,4,4,20,4,0,12,4,3,9,3,12,12,0,0,3,3,3,3,4,18,0,0,18,18
1603,3,3,3,3,3,15,15,9,9,9,3,3,11,11,3,17,6,18,1,1,6,18,18,18
1604,15,12,15,6,9,12,15,12,9,9,9,3,6,6,3,3,9,9,3,3,18,18,18,18
1605,4,4,4,0,4,10,12,0,0,0,12,12,4,4,4,4,4,0,22,0,0,0,0,0
1606,4,4,0,0,0,3,6,3,3,6,6,0,4,0,0,4,0,0,0,0,0,0,21,21
1607,12,12,4,4,0,0,12,0,12,12,12,0,0,0,0,4,4,4,0,0,0,0,0,21
1608,20,6,6,12,12,10,12,1,1,10,10,10,8,10,11,11,11,11,8,8,8,8,11,19
1609,3,3,15,15,15,15,15,3,9,9,6,12,6,3,3,3,3,3,18,18,3,6,18,18
1610,0,0,6,3,6,6,6,10,10,12,9,11,0,11,0,11,11,3,4,3,3,21,6,21
1611,4,0,15,0,6,10,12,10,12,12,12,12,0,0,0,0,3,3,3,16,0,21,0,21
1612,3,0,15,6,9,9,9,9,12,9,11,11,11,9,9,9,3,9,3,19,18,4,4,21
1613,0,0,15,0,0,0,6,12,0,0,0,0,0,0,4,4,4,4,4,0,0,0,0,21
1614,4,4,4,0,0,0,0,0,0,0,0,4,4,0,4,4,4,4,0,0,0,0,0,0
1615,3,3,15,3,15,5,15,15,5,5,6,3,11,11,3,17,6,18,5,19,17,18,18,18
1616,12,4,0,0,0,6,12,6,12,12,12,12,0,0,3,3,4,3,4,0,0,6,18,18
1617,12,4,0,0,4,4,12,4,12,0,12,0,4,4,4,4,4,4,4,22,0,0,0,0
1618,4,0,15,0,0,15,12,6,12,9,12,12,0,0,0,0,0,3,8,19,4,4,6,21
1619,5,3,15,3,15,9,9,11,9,5,3,11,11,9,11,11,11,19,19,19,19,19,19,19
1620,7,13,13,13,13,13,13,13,2,2,7,5,5,5,5,7,7,7,7,7,7,2,7,5
1621,4,15,20,4,4,4,4,4,4,3,4,12,6,4,6,6,4,16,22,22,22,0,0,0
1622,0,0,0,3,6,6,6,6,6,0,0,0,0,0,0,0,0,3,4,19,18,4,0,21
1623,3,3,15,15,15,15,15,15,9,9,9,3,9,9,3,3,3,19,19,19,19,19,19,19
1624,0,6,6,6,15,12,10,1,12,9,10,9,8,10,0,9,9,9,3,3,3,3,3,3
1625,4,20,20,0,3,12,12,12,3,6,9,6,6,0,11,3,3,3,3,3,6,6,18,18
1626,0,0,4,0,0,6,6,0,0,0,0,0,0,0,4,0,0,0,0,0,0,4,0,21
1627,12,0,0,6,6,10,10,12,4,12,9,9,0,9,0,0,0,16,3,3,16,8,0,21
1628,12,4,4,4,0,4,12,4,4,12,12,12,4,0,4,4,3,3,3,3,0,6,18,21
1629,4,0,0,0,0,12,12,12,4,0,0,9,0,0,0,0,0,0,3,19,18,4,6,21
1630,4,4,15,0,15,12,12,4,3,3,4,4,4,0,0,6,3,3,22,22,0,6,18,0
1631,5,6,6,3,6,11,6,12,9,9,11,11,11,11,11,11,11,3,4,3,0,4,6,19
1632,7,7,7,7,7,5,5,5,5,5,5,5,5,5,5,5,5,5,5,5,5,5,5,5
1633,20,20,7,15,3,9,12,1,6,9,10,1,8,10,8,8,8,8,1,3,3,3,3,3
1634,5,6,6,3,6,3,11,6,6,6,10,10,8,11,0,11,11,6,6,0,21,4,6,21
1635,20,20,20,1,4,3,3,3,3,3,12,12,4,0,4,4,4,4,22,0,0,0,0,0
1636,1,20,12,12,12,12,4,4,4,1,10,9,8,9,8,8,8,1,1,3,3,3,3,3
1637,12,12,20,4,4,4,4,4,4,4,12,12,4,4,4,4,4,4,22,0,0,0,0,0
1638,15,15,15,15,12,12,12,12,4,9,9,3,9,9,8,8,16,1,1,3,3,3,3,3
1639,20,20,12,12,12,12,12,4,4,4,10,8,8,8,8,8,8,1,1,3,3,3,3,3
1640,20,20,20,4,4,4,4,4,4,4,4,4,4,4,8,4,4,16,22,22,22,3,0,0
1641,1,12,12,6,12,12,12,10,4,9,10,8,8,8,8,8,8,1,1,3,3,3,3,3
1642,12,12,4,4,4,4,4,0,0,0,4,0,4,4,4,4,4,16,1,0,22,3,3,0
1643,1,6,6,6,10,9,10,1,12,9,10,1,8,10,10,9,8,8,8,8,3,3,8,3
1644,1,20,12,12,12,12,12,10,4,12,4,9,8,8,8,8,8,3,3,3,16,21,4,3
1645,20,20,12,12,12,12,3,4,4,1,10,8,8,8,8,8,16,1,1,6,22,8,8,3
1646,4,20,20,0,15,12,4,4,3,6,12,6,6,6,0,6,3,3,3,6,0,6,4,18
1647,12,20,15,4,15,12,12,4,9,3,4,12,9,4,9,3,4,3,22,22,3,3,3,0
1648,15,12,20,4,4,4,0,0,4,4,4,4,4,4,8,4,4,16,22,0,22,3,0,0
1649,1,1,12,12,12,12,4,4,4,9,10,8,8,9,8,8,8,1,1,3,3,3,3,3
1650,15,3,15,15,15,12,12,12,12,9,9,9,9,9,8,8,3,3,3,3,3,3,3,3
1651,20,12,20,12,4,4,4,4,4,3,9,3,6,6,6,6,4,3,22,22,22,3,3,3
1652,3,3,7,7,7,5,5,5,5,5,5,3,11,5,5,5,6,5,5,5,19,5,18,18
1653,1,20,12,15,12,12,12,12,4,9,9,9,8,9,8,8,16,1,1,16,16,3,3,3
1654,3,20,3,3,15,3,12,4,4,9,9,3,6,6,6,6,4,16,22,22,22,3,3,0
1655,0,4,12,4,15,12,12,12,12,12,12,12,9,9,9,8,4,3,3,22,16,3,3,3
1656,4,20,0,3,3,12,12,12,4,6,9,6,0,11,6,6,6,0,6,6,22,21,4,21
1657,20,20,20,4,4,4,4,4,12,3,12,12,0,4,4,4,4,4,22,22,0,0,0,0
1658,1,6,12,15,12,12,12,1,12,6,10,10,8,10,9,9,8,1,1,3,3,3,3,3
1659,3,3,15,15,1,9,15,9,9,9,3,3,6,0,11,3,6,6,3,18,18,6,18,18
1660,15,12,4,4,4,0,0,0,4,12,12,9,0,0,4,0,0,16,16,0,0,6,18,18
1661,20,20,12,12,15,4,4,4,3,4,4,12,8,6,6,6,4,1,1,22,22,3,3,6
1662,3,3,7,7,1,1,1,1,3,3,4,12,4,4,4,4,6,3,22,22,3,0,3,0
1663,12,12,20,12,12,12,12,4,4,4,4,4,8,8,8,8,16,1,1,6,22,3,0,16
1664,20,20,20,12,4,4,4,4,4,4,4,8,8,8,8,8,4,16,16,16,16,3,3,3
1665,7,7,7,7,7,5,5,5,5,5,5,5,5,5,5,5,5,5,5,5,5,5,5,5
1666,12,5,0,5,3,0,6,3,3,0,0,6,6,6,17,6,6,6,0,6,6,6,6,6
1667,5,6,6,5,5,5,11,11,5,5,6,11,11,11,17,11,17,19,17,17,17,17,17,17
1668,7,7,7,7,7,5,5,5,5,5,5,5,5,5,5,5,5,5,5,5,5,5,5,5
1669,6,6,6,6,10,10,10,1,10,10,10,10,14,10,10,9,8,8,8,8,8,8,8,8
1670,6,6,6,6,12,10,10,10,6,6,10,10,8,10,10,9,8,8,8,8,8,8,8,8
1671,6,6,6,6,10,10,10,10,9,10,10,10,8,10,10,9,8,8,11,8,8,8,8,8
1672,6,6,6,10,10,10,10,1,14,14,14,14,14,14,14,14,14,14,11,1,11,11,8,11
1673,10,10,10,10,10,10,10,1,14,14,14,14,14,14,14,1,14,14,11,1,11,11,11,11
1674,3,6,6,15,6,10,10,1,9,5,10,1,1,1,11,9,9,6,11,19,19,6,6,6
1675,20,15,15,15,3,5,3,3,3,5,6,6,6,6,3,3,6,6,19,6,6,6,6,6
1676,6,6,6,10,10,10,10,1,10,10,10,10,14,10,10,9,14,8,11,8,11,8,8,8
1678,15,12,12,12,4,4,0,0,4,4,4,8,8,8,8,8,16,16,16,16,0,16,0,0
1679,6,6,6,6,12,10,11,10,6,9,10,10,8,10,8,9,8,6,8,8,21,21,8,6
1680,15,12,4,4,15,15,4,4,9,6,6,0,0,9,4,4,4,4,22,0,0,0,0,16
1681,15,12,4,4,4,4,0,4,3,0,0,4,4,4,6,4,4,4,0,0,0,0,0,16
1682,1,12,12,15,12,12,3,1,12,6,10,10,1,10,10,9,8,8,8,8,8,8,8,8
1683,5,5,9,3,10,5,11,11,5,5,6,17,11,11,17,17,6,19,17,19,17,17,17,17
1685,20,12,12,12,12,12,12,4,4,4,6,8,8,8,8,8,8,8,16,16,16,8,8,3
1686,6,6,6,6,6,12,10,10,10,12,8,8,8,9,9,8,8,8,3,3,3,3,3,3
1687,15,12,15,15,15,12,12,12,4,6,9,9,9,9,9,3,3,3,3,22,3,3,3,3
1688,6,12,12,15,12,12,12,12,4,4,4,9,9,9,8,3,16,3,22,22,3,16,3,3
1689,15,12,4,4,15,4,4,0,0,0,0,0,4,4,4,4,4,4,22,0,0,0,0,16
1690,12,12,12,12,12,10,12,0,0,0,0,0,8,0,8,8,8,16,0,16,0,0,16,16
1691,20,20,20,4,3,3,3,4,0,0,0,0,4,6,17,4,6,0,1,0,6,0,21,16
1692,6,6,6,6,12,10,10,10,10,4,10,10,8,10,10,8,8,8,8,8,8,8,8,8
1693,20,20,12,12,12,3,3,4,3,4,6,4,8,8,8,8,16,1,1,6,22,3,16,16
1694,20,6,6,15,12,12,12,10,6,6,10,10,8,10,8,11,8,8,8,8,8,8,8,8
1696,12,12,12,3,15,12,12,12,12,4,4,8,4,8,8,8,16,16,8,3,16,16,0,3
1697,3,3,3,3,3,12,3,6,3,6,12,9,8,10,8,8,3,3,8,16,3,21,4,4
1698,12,12,4,4,4,15,0,0,0,4,0,0,8,8,4,8,16,0,16,0,22,16,21,16
1699,1,6,12,3,12,12,12,10,12,12,10,8,8,10,0,8,8,3,8,8,8,21,4,8
1700,1,6,6,15,6,9,11,6,6,6,10,10,1,10,11,9,8,8,8,8,8,21,8,6
1701,6,6,6,6,12,10,10,10,10,10,10,10,8,10,10,9,8,8,8,8,8,8,8,8
1702,4,4,0,12,0,6,6,0,0,0,0,0,0,0,4,0,16,3,0,3,0,0,0,16
1703,3,3,3,3,3,3,3,6,6,6,12,17,6,6,0,6,11,6,6,6,6,6,6,6
1704,10,6,9,10,10,9,10,1,14,14,14,14,14,14,14,14,14,14,11,1,11,11,11,11
1705,6,6,6,15,12,12,10,10,12,6,10,10,8,10,8,8,8,1,8,16,8,21,8,4
1706,3,12,12,15,0,3,3,3,3,6,10,17,10,0,0,8,8,0,17,17,6,6,21,6
1707,7,7,7,7,7,5,5,5,5,5,5,5,5,5,5,5,5,5,5,5,5,5,5,5
1708,6,6,9,10,10,11,11,11,11,0,0,8,8,10,10,11,11,19,19,19,4,4,4,19
1709,6,6,6,6,10,10,10,10,10,10,10,10,14,14,11,14,11,11,11,19,19,8,8,8
1710,6,12,6,6,6,6,6,10,10,0,8,8,8,0,0,0,0,8,3,4,8,8,16,16
1711,0,0,4,0,0,10,10,10,10,8,8,8,8,0,0,8,8,16,16,16,8,8,8,8
1712,0,0,0,6,0,0,10,10,4,8,8,8,8,11,0,0,8,0,16,3,4,4,4,4
1714,0,4,0,0,0,0,0,6,0,0,0,0,9,9,9,4,4,0,0,0,0,0,0,0
1715,12,12,20,0,12,4,10,10,4,4,10,10,8,10,0,8,16,16,0,16,8,8,16,4
1717,9,9,15,0,0,6,0,12,0,0,8,0,8,9,9,3,3,3,16,16,16,16,0,16
1718,12,0,4,4,0,0,6,12,12,12,12,0,0,9,4,4,16,0,16,0,0,0,4,21
1719,5,0,0,5,5,5,5,5,5,5,0,0,17,17,0,0,0,0,0,16,4,4,21,21
1722,12,4,0,4,4,0,0,0,0,12,0,4,4,8,4,4,4,16,0,0,16,0,0,16
1724,4,4,4,0,0,0,0,12,0,0,0,0,0,4,4,4,0,0,0,0,0,0,0,21
1725,0,0,4,0,0,0,0,0,0,0,8,0,4,0,0,4,4,0,4,16,16,0,0,21
1726,10,5,7,7,7,7,5,7,7,7,7,3,5,5,5,5,5,5,5,5,5,7,5,5
1727,4,0,0,0,0,6,6,6,6,0,0,0,0,0,4,0,0,0,0,0,0,0,0,21
1728,0,6,6,12,0,10,6,10,10,0,10,8,8,0,0,0,0,8,16,16,8,8,8,8
1730,20,12,20,4,12,12,12,4,4,4,4,4,9,8,8,8,16,1,1,22,22,3,16,3
1731,5,6,6,6,9,9,6,12,6,10,10,10,14,10,10,0,8,3,3,16,8,4,4,8
1732,12,4,4,4,4,0,0,0,0,0,0,0,4,0,4,4,4,0,22,0,22,0,16,21
1733,15,12,6,12,12,10,12,4,4,4,10,8,8,8,8,8,16,16,16,16,16,8,3,3
1737,12,4,0,0,0,0,6,10,0,0,0,0,4,4,4,4,0,0,0,16,0,8,0,16
1738,0,0,0,0,0,6,6,0,6,0,0,0,0,0,0,11,0,0,0,0,4,4,21,21
1739,12,4,4,4,4,0,0,0,0,0,0,4,4,4,4,4,4,0,16,0,0,0,16,16
1740,12,5,0,5,3,0,11,11,5,5,5,17,3,3,3,3,6,17,6,19,17,17,17,17
1741,20,4,0,0,0,4,0,0,0,0,0,4,4,4,4,4,4,0,0,0,0,0,0,0
1742,5,6,6,5,6,11,11,6,6,6,6,17,17,17,0,11,11,0,19,17,17,17,17,6
1743,12,4,4,4,0,0,0,0,0,0,12,4,4,4,4,4,4,0,0,0,0,0,0,0
1744,12,12,4,4,4,4,0,0,0,0,0,4,17,4,4,4,17,17,0,16,16,16,16,16
1745,15,12,4,4,4,0,0,0,0,4,0,8,8,8,8,4,0,0,0,0,22,8,16,16
1746,15,12,4,4,4,4,0,0,4,0,0,4,4,4,4,4,4,16,0,16,0,0,0,16
1747,0,0,0,0,0,0,0,0,0,0,0,4,4,4,4,4,0,0,0,16,16,0,16,16
1749,12,12,4,4,4,4,0,0,0,0,4,4,4,4,4,4,0,0,0,0,22,0,16,16
1750,12,4,4,4,12,0,0,0,0,0,0,4,4,4,4,8,0,0,0,16,16,16,16,16
1751,15,12,4,4,4,4,0,4,0,3,0,4,4,4,4,4,4,0,0,16,0,16,0,0
1752,5,6,0,3,6,6,6,6,6,6,0,0,8,0,0,11,11,8,8,19,21,21,17,6
1753,12,4,4,0,0,4,0,0,0,0,0,4,4,4,4,4,0,0,0,16,0,0,0,16
1754,20,15,3,3,3,3,3,4,4,0,0,0,4,4,4,6,3,3,22,0,0,0,3,0
1755,12,4,0,0,0,0,0,10,0,0,0,4,4,4,4,4,0,8,0,16,8,8,16,16
1756,12,4,4,0,0,0,0,0,0,0,0,0,8,4,4,4,0,0,0,0,0,0,16,16
1757,12,12,4,0,4,6,0,0,0,0,0,8,4,4,4,4,0,8,0,16,4,0,16,16
1758,7,7,7,7,7,5,5,5,5,5,5,5,5,5,5,5,5,5,5,5,5,5,5,5
1759,15,12,12,12,0,4,0,4,4,4,4,8,8,8,8,8,8,8,16,16,8,8,8,3
1760,15,12,5,5,0,0,5,5,3,3,12,17,17,0,0,0,0,17,17,17,17,17,6,17
1761,12,4,0,0,0,0,0,0,0,0,0,4,4,4,4,4,0,0,0,0,0,0,0,16
1762,12,12,4,0,0,0,0,0,0,0,0,4,4,4,4,4,0,0,0,0,0,0,21,21
1764,10,10,7,7,7,7,7,7,7,7,5,5,14,14,14,5,5,5,5,5,2,7,7,2
1765,6,6,9,10,13,5,11,5,11,11,11,11,5,5,14,11,5,5,17,5,5,5,5,17
1766,0,0,6,6,6,6,12,12,12,12,0,0,9,8,0,0,3,3,0,3,3,21,4,19
1768,5,3,6,3,10,11,11,11,11,0,11,10,11,11,11,11,11,9,0,19,19,19,4,19
1769,0,9,0,6,6,6,6,6,12,0,12,0,11,11,11,0,0,0,4,0,0,0,0,21
1770,0,9,6,6,9,6,10,10,12,12,9,10,14,11,9,9,9,9,3,19,19,8,4,19
1771,0,0,0,0,6,6,6,6,6,0,0,0,11,0,0,0,0,0,0,0,0,4,21,21
1773,12,4,0,0,0,6,6,10,12,0,8,8,4,8,4,4,4,4,4,0,0,0,16,21
1774,12,12,0,6,4,6,10,10,4,12,12,8,9,8,4,8,16,17,3,17,3,16,3,3
1775,0,0,0,3,6,6,6,6,12,12,0,0,0,0,0,0,0,0,4,4,4,4,4,21
1776,6,6,6,6,12,12,10,10,4,4,4,8,8,8,8,8,8,16,16,3,8,8,8,3
1777,0,0,15,0,6,6,12,0,12,0,12,0,9,0,0,0,0,0,0,0,0,0,0,21
1778,5,9,6,10,10,11,11,11,11,11,11,10,11,11,11,11,11,19,8,0,19,19,6,19
1780,0,6,6,6,6,10,10,10,10,8,8,8,8,0,0,0,8,8,3,8,8,8,8,8
1781,0,0,15,6,9,6,12,12,12,12,12,9,9,8,0,0,0,4,0,0,0,4,0,16
1782,0,0,0,6,9,6,12,12,12,12,12,9,8,9,0,0,3,3,3,3,3,21,6,4
1783,10,10,7,7,7,7,7,7,7,7,7,7,14,14,5,7,5,5,7,7,7,7,7,7
1784,12,12,4,4,4,0,0,12,4,3,4,4,4,4,4,4,4,0,22,0,22,3,0,16
1785,0,6,6,6,6,6,11,11,12,0,0,0,0,9,0,0,0,0,4,19,19,4,4,21
1786,9,9,9,10,9,11,9,11,11,9,11,10,11,9,9,9,11,19,19,19,19,19,4,19
1787,0,0,15,15,15,15,12,15,9,9,9,12,9,9,3,3,3,3,18,19,4,4,4,18
1788,5,6,6,3,10,11,11,11,11,6,11,11,11,11,11,9,11,19,19,19,19,8,4,19
1845,13,13,13,13,2,5,5,5,5,5,7,11,5,5,5,5,5,5,5,5,5,5,5,17
1846,5,6,6,0,6,6,6,6,6,0,0,0,11,11,0,11,0,0,0,0,4,21,21,21
1848,0,0,0,0,0,6,6,0,0,0,0,4,4,4,4,4,0,0,0,16,0,0,0,16
1849,12,4,4,0,0,0,0,0,6,0,10,0,10,10,0,11,0,0,0,16,21,21,21,21
1850,0,4,0,0,0,10,6,10,10,4,4,8,8,10,8,4,8,0,16,4,8,8,8,4
1851,0,4,0,0,0,6,6,0,0,0,12,4,4,4,4,4,0,0,16,0,0,0,0,16
1852,0,0,0,0,0,6,6,10,0,0,0,0,0,0,0,0,0,0,0,16,4,4,4,4
1853,0,0,0,0,0,6,6,10,0,0,0,0,0,0,0,0,0,0,0,16,4,0,16,16
1854,12,4,0,4,0,6,0,0,0,12,12,8,4,8,4,4,4,4,4,0,16,16,0,0
1855,12,4,0,0,0,6,6,10,0,0,12,8,8,4,4,4,4,0,0,0,0,16,0,0
1856,0,0,0,0,0,6,6,10,0,0,0,4,0,4,4,4,4,0,0,0,0,0,0,16
1857,0,0,15,0,6,6,12,12,12,12,0,0,0,0,4,4,4,4,4,0,16,4,0,21
1858,0,6,6,12,0,10,10,10,10,8,8,8,8,0,8,0,0,16,16,16,16,0,0,16
1859,5,6,6,3,6,6,6,10,10,10,10,8,8,10,0,11,8,8,8,16,8,8,21,21
1860,0,0,0,0,6,6,12,6,11,0,0,0,4,0,4,0,0,0,4,0,0,4,0,16
1861,5,6,6,10,10,10,11,10,11,10,11,8,11,11,11,9,11,8,8,19,19,11,19,19
1862,0,0,0,0,0,6,6,10,0,0,0,0,0,8,0,4,0,0,0,0,0,0,0,4
1863,5,13,13,13,5,5,15,5,5,5,11,7,7,11,11,11,17,19,19,19,5,5,7,7
1864,12,12,0,0,4,4,4,0,0,0,0,4,4,4,4,4,0,0,0,0,0,0,0,16
1865,0,4,0,0,0,0,0,0,0,0,0,0,4,4,4,4,4,0,0,0,0,0,0,16
1868,0,4,4,0,0,10,10,10,10,8,8,0,0,0,0,0,0,8,0,16,0,8,16,16
1869,0,0,0,6,0,10,6,6,10,12,8,0,8,8,8,0,0,3,16,16,16,8,4,4
1870,12,4,0,0,0,6,0,0,0,0,0,0,4,4,4,4,0,0,0,0,0,0,0,16
1871,0,6,6,12,0,10,10,10,10,0,8,8,0,8,8,0,0,8,16,16,4,0,16,16
1872,0,0,0,0,0,6,6,6,6,0,0,0,0,0,4,0,0,0,0,0,0,0,0,21
1873,0,0,0,0,0,6,6,6,0,0,8,0,0,4,0,0,0,0,0,4,4,8,16,16
1874,7,7,2,7,7,5,2,2,5,5,5,5,5,5,5,5,5,5,5,5,5,2,2,2
1875,5,6,10,10,10,10,11,11,14,14,14,11,11,14,14,14,5,19,11,11,11,11,11,11
1876,5,6,9,10,10,10,11,11,11,7,11,11,11,5,5,5,5,14,11,11,11,11,11,7
1877,10,10,10,7,7,5,5,5,7,7,7,5,5,5,5,5,5,5,5,5,5,11,5,5
1878,6,6,6,6,12,10,10,10,10,10,10,10,8,10,10,9,8,8,8,8,8,8,8,8
1879,6,6,6,10,10,10,11,11,11,11,11,11,11,14,11,14,11,11,11,11,11,11,11,11
1880,4,6,0,0,0,6,6,10,0,0,0,0,0,0,0,4,0,0,16,16,16,16,16,16
1881,10,7,7,7,7,7,5,7,7,7,7,5,5,14,5,5,5,5,5,5,5,5,5,11
1883,5,6,6,3,10,11,11,11,11,11,11,11,11,11,11,11,17,19,19,19,19,19,19,19
1884,0,4,0,0,0,10,0,0,4,0,0,4,4,4,4,4,16,16,0,16,16,0,0,16
1885,5,6,9,10,10,10,11,10,10,10,10,8,8,10,11,11,11,8,8,8,19,8,11,19
1886,0,6,6,12,0,10,10,10,10,8,8,8,8,0,8,8,8,16,16,16,8,8,8,4
1887,4,4,0,4,0,0,0,0,0,0,0,0,0,4,4,4,4,16,0,22,22,3,0,0
1888,0,4,0,4,12,6,10,10,4,0,0,0,0,0,9,0,16,3,3,3,8,16,3,3
1889,0,12,4,0,0,10,6,10,10,0,0,8,8,0,0,0,0,16,16,16,16,8,16,4
1890,13,13,13,7,7,7,13,7,7,7,7,5,5,5,5,5,5,5,5,5,5,7,7,7
1891,12,4,4,4,15,15,0,12,0,4,0,0,0,4,4,4,4,4,22,0,22,0,0,0
1892,12,12,4,4,0,4,0,12,0,0,0,4,4,4,4,4,4,16,4,0,0,0,0,0
1893,5,3,15,3,6,6,0,6,6,0,0,0,0,0,8,6,11,0,0,0,4,17,6,6
1894,5,6,6,6,6,6,10,10,12,12,0,0,11,0,10,0,0,16,16,3,8,8,4,21
1895,0,6,6,12,0,10,10,10,10,0,10,8,8,0,0,8,8,8,16,16,8,8,16,16
1896,4,4,15,4,0,0,0,0,0,0,0,4,4,4,4,4,4,0,0,0,0,0,0,16
1897,4,4,20,0,0,6,6,0,0,0,0,0,0,4,4,4,4,4,0,0,16,8,0,16
1898,5,6,6,0,6,10,10,10,6,0,10,8,0,0,8,0,0,8,16,16,8,8,16,16
1899,5,6,9,6,10,10,10,10,10,10,10,8,11,11,10,11,8,8,8,8,8,8,4,19
1900,0,6,6,6,10,10,10,10,10,10,10,8,8,10,10,8,8,8,8,8,8,8,8,8
1901,12,12,12,4,12,4,12,4,4,4,12,8,4,8,8,8,16,16,3,3,16,16,3,16
1902,0,4,4,4,12,0,0,0,0,0,0,4,4,4,9,4,16,16,16,16,16,8,16,3
1903,12,12,6,12,12,10,6,10,10,0,12,8,8,4,4,8,16,16,16,16,16,16,0,0
1904,3,3,6,3,6,6,6,6,6,6,10,0,0,0,0,11,11,6,8,16,8,21,16,16
1905,10,7,7,15,7,15,15,7,9,9,3,3,7,14,5,5,14,1,1,1,18,18,18,18
1906,5,3,15,15,15,5,15,11,9,9,3,3,3,3,3,3,6,18,18,19,19,18,18,18
1907,12,0,0,0,0,0,6,0,12,0,0,0,0,0,4,4,4,0,16,16,16,0,0,21
1908,4,6,6,0,12,4,6,0,0,0,0,4,4,4,0,0,0,0,0,16,0,0,16,16
1909,4,6,0,0,0,6,6,0,6,0,0,0,4,0,4,4,0,0,0,0,0,0,16,16
1910,0,4,4,0,0,6,6,6,0,0,0,0,8,4,0,0,0,0,0,16,4,8,21,16
1912,0,6,6,6,10,6,6,6,11,0,0,11,11,11,0,0,0,8,19,0,4,4,21,19
1915,0,4,0,0,0,0,0,0,10,0,0,4,4,4,4,4,4,0,0,16,16,6,0,0
1916,0,4,0,0,0,0,0,0,0,0,0,0,0,4,4,4,0,0,0,16,0,0,0,21
1917,5,6,6,0,6,6,6,6,6,0,0,0,0,0,0,4,0,0,0,16,0,21,21,16
1918,4,4,4,4,4,4,0,0,0,0,0,4,4,4,4,4,4,0,0,0,0,0,0,16
1919,10,7,10,7,7,10,5,5,5,5,5,5,5,14,5,5,5,5,5,5,5,5,5,5
1920,5,6,6,5,5,5,5,5,5,5,5,17,17,17,17,17,17,17,17,17,17,17,17,17
1921,12,4,4,4,4,4,0,0,0,0,0,4,4,4,4,4,4,0,16,16,0,16,0,0
1922,5,6,9,3,10,11,11,11,11,11,6,11,11,11,11,11,17,19,19,19,17,4,19,19
1923,6,6,6,12,12,10,10,10,10,8,8,8,8,0,8,0,0,8,0,16,16,8,8,0
1924,12,4,0,4,0,6,6,6,6,0,6,0,0,0,3,0,0,6,0,0,0,0,0,21
1925,20,20,12,4,4,4,12,0,4,0,0,8,4,0,8,0,8,0,0,16,8,21,21,21
1926,12,12,4,4,4,4,0,0,0,0,12,4,4,4,4,4,4,4,22,22,22,0,0,0
1927,4,6,0,0,0,6,6,0,0,0,0,0,0,0,4,4,0,0,0,0,0,0,0,21
1928,12,4,4,0,0,0,0,0,0,0,0,0,4,8,8,4,4,0,0,16,0,0,0,16
1929,12,4,4,4,0,0,0,0,0,0,0,4,4,4,4,4,0,0,0,0,0,0,21,16
1930,12,0,6,3,0,0,0,0,6,0,10,9,0,0,0,0,0,16,0,16,4,16,0,21
1931,5,6,6,12,6,10,6,6,10,10,8,8,0,0,0,8,8,8,8,8,8,8,8,8
1932,5,12,0,0,0,6,6,0,6,0,10,0,0,0,0,11,0,0,0,0,4,4,21,21
1933,12,4,4,4,0,0,0,0,0,0,0,4,4,4,4,4,4,0,0,0,0,0,0,0
1934,12,6,6,3,6,6,6,6,6,6,10,10,10,10,0,11,11,8,0,16,21,21,21,8
1935,12,4,4,4,4,4,0,0,0,4,10,8,0,4,0,4,4,0,0,0,22,0,0,0
1936,5,5,5,5,5,5,11,11,5,6,5,17,17,17,17,17,17,17,17,17,17,17,17,19
1937,6,6,6,6,6,6,6,10,12,12,8,9,9,9,9,3,17,17,17,0,0,16,17,0
1938,1,6,12,12,12,4,12,4,4,4,4,4,4,8,8,4,16,16,16,16,16,16,0,16
1939,5,6,6,3,6,6,6,6,6,6,10,10,10,11,0,11,11,0,0,16,21,21,8,8
1940,12,0,4,4,4,4,10,0,10,0,0,4,0,0,8,4,0,0,0,0,0,0,16,16
1941,12,4,4,0,0,0,0,0,0,0,0,4,4,4,4,4,4,0,0,0,0,0,0,16
1942,12,4,0,4,0,4,0,12,12,0,12,9,8,11,0,0,3,3,3,6,4,16,0,6
1943,12,0,4,0,0,4,0,10,10,0,8,4,8,8,8,4,16,16,16,16,16,0,16,16
1944,12,0,12,0,0,0,0,0,0,0,0,0,4,4,4,4,0,0,0,16,0,0,16,16
1945,12,4,0,0,0,0,0,0,0,0,0,4,4,4,4,4,0,0,0,0,0,0,0,16
1947,20,6,6,12,0,10,10,10,10,10,10,8,14,10,0,9,8,8,8,8,8,8,8,8
1948,3,20,12,0,12,3,12,12,6,0,8,9,8,11,8,0,3,0,8,6,8,4,4,6
1949,12,4,4,4,4,4,0,0,4,0,0,4,4,0,4,4,0,0,0,0,0,0,21,16
1950,12,12,12,12,12,10,10,10,6,6,10,10,8,10,0,8,8,8,8,16,21,8,8,8
1951,0,6,6,0,6,10,10,10,10,0,8,8,0,0,0,0,0,0,16,16,4,4,21,16
1952,7,7,7,7,7,5,5,5,5,5,5,5,5,5,5,5,5,5,5,5,5,5,5,5
1954,1,1,1,1,1,1,1,1,1,1,1,1,1,1,1,1,1,1,1,1,1,1,1,1
1955,1,1,1,1,1,1,1,1,1,1,1,1,3,1,1,1,1,1,1,1,1,18,18,1
1956,1,1,1,1,1,1,1,1,1,1,1,1,1,1,1,1,1,1,1,1,1,1,1,1
1957,1,1,1,1,1,1,1,1,1,1,1,1,1,1,1,1,1,1,1,1,1,18,18,1
1958,1,1,1,1,1,1,1,1,1,1,1,1,1,1,1,1,1,1,1,1,1,1,1,1
1959,1,1,1,1,1,1,1,1,1,1,1,1,1,1,1,1,1,1,1,1,1,1,1,1
1960,1,1,1,1,1,1,1,1,1,1,1,1,1,1,1,1,1,1,1,1,1,1,1,1
1961,10,10,10,7,7,1,7,7,1,1,1,1,1,1,1,1,1,1,1,1,11,1,11,1
1962,1,1,1,1,1,1,1,1,1,1,1,1,1,1,1,1,1,1,1,1,1,1,1,1
1963,1,1,1,1,1,1,1,1,1,1,1,1,1,1,1,1,1,1,1,1,1,1,1,1
1965,1,1,1,1,1,15,1,1,1,1,1,1,1,1,1,1,1,1,1,1,1,1,1,1
1966,1,1,1,1,1,1,1,1,1,3,1,1,1,1,1,1,1,1,1,1,1,1,18,18
1967,1,1,1,1,1,1,1,1,1,1,1,1,1,1,1,1,1,1,1,1,1,1,18,18
1968,1,1,1,1,1,1,1,1,1,1,1,1,1,1,1,1,1,1,1,1,1,1,1,1
1969,1,1,1,1,1,1,1,1,1,1,1,1,1,1,1,1,1,1,1,1,1,1,1,1
1970,1,1,1,1,1,1,1,1,1,1,1,1,1,14,1,1,1,1,1,1,1,1,8,11
1971,7,7,7,7,7,5,5,5,5,5,5,5,5,5,5,5,5,5,5,5,5,5,5,5
1972,1,1,1,1,1,1,1,1,1,1,1,1,1,14,1,1,1,1,8,11,1,11,1,11
1973,1,1,1,6,1,10,10,1,10,10,10,1,1,1,10,9,14,8,8,8,8,8,8,8
1974,7,7,10,10,7,10,11,1,14,14,14,5,5,5,14,5,5,11,11,11,11,11,11,11
1975,6,9,1,6,1,1,10,10,10,9,10,1,1,10,10,9,8,9,11,3,8,8,8,8
1976,6,6,6,6,10,10,10,10,10,10,10,10,14,10,10,9,8,8,8,8,11,8,8,8
1977,7,7,7,7,7,5,5,2,5,5,5,5,5,5,5,5,5,5,5,5,5,5,5,5
1978,10,10,10,10,10,10,11,1,14,14,14,14,14,14,14,5,5,14,11,11,11,11,11,11
1979,2,2,13,2,2,5,2,2,2,2,2,5,5,5,2,2,5,5,5,5,2,2,5,2
1980,5,7,7,7,10,10,11,11,14,14,11,11,11,14,11,14,11,11,11,11,11,11,11,11
1981,10,10,10,10,10,10,11,11,14,14,14,14,14,14,14,14,14,14,11,11,11,11,8,11
1982,10,7,7,10,10,10,11,11,14,11,11,11,11,14,11,11,11,11,11,11,11,11,11,11
1983,5,6,6,3,10,11,11,11,11,11,11,11,11,11,11,11,11,19,19,19,19,19,19,19
1984,0,9,9,6,6,6,9,10,6,12,0,0,11,9,9,9,8,3,0,19,16,4,4,19
1985,10,10,10,10,10,10,7,5,5,5,5,3,14,14,5,5,5,19,1,19,18,18,11,11
1986,10,7,7,7,7,5,5,5,5,5,5,5,5,14,14,5,5,5,14,11,5,11,11,11
1987,3,15,15,15,1,15,15,9,9,9,9,3,3,1,1,1,1,9,1,1,1,1,1,1
1988,9,10,10,10,10,9,10,10,10,10,10,10,14,10,10,9,8,8,8,3,8,8,8,19
1989,6,9,6,9,9,10,10,10,10,10,10,10,8,9,10,0,8,3,8,3,8,8,8,19
1990,10,10,10,10,10,10,7,1,14,14,14,14,14,14,14,14,14,14,11,11,11,11,8,11
1991,10,10,10,10,10,10,10,1,10,10,10,10,14,10,10,9,14,8,11,8,11,8,8,8
1992,6,6,6,6,10,10,10,10,10,10,10,10,14,10,10,9,14,8,8,8,8,8,8,8
1993,10,10,10,10,10,7,7,7,14,14,14,14,14,14,14,5,14,14,14,5,7,11,11,11
1994,6,6,6,6,10,10,10,10,10,10,10,10,14,10,10,9,8,8,8,8,11,8,8,8
1995,3,7,7,7,3,5,5,5,5,5,5,3,5,5,5,5,5,1,1,14,5,5,5,11
1996,10,10,10,10,10,10,10,10,10,10,10,10,14,10,10,9,14,8,11,8,11,8,8,8
1997,9,9,9,9,10,10,10,10,10,10,10,10,14,9,10,9,8,8,11,8,11,8,8,8
1999,7,7,7,10,10,10,7,1,14,14,14,14,14,14,14,1,14,1,11,1,11,11,11,11
2000,7,7,7,7,7,5,5,5,5,5,5,5,5,5,14,5,5,5,5,5,2,2,2,11
2001,10,10,10,10,10,10,10,10,10,10,10,10,14,10,10,14,8,8,11,8,11,8,8,8
2002,10,10,10,10,10,10,7,1,10,14,14,10,14,14,14,9,14,1,14,8,11,11,8,8
2004,7,7,7,7,7,5,5,5,5,5,5,5,5,14,14,5,5,5,5,11,5,11,11,11
2005,10,10,10,10,10,10,11,1,14,14,14,14,14,14,14,5,14,14,11,11,5,11,11,11
2006,10,10,10,7,7,5,5,7,14,7,5,5,14,14,14,5,5,14,14,11,5,11,11,11
2007,5,9,9,10,10,10,10,10,10,0,10,10,9,10,9,8,8,8,8,16,19,8,8,8
2008,1,1,1,10,1,10,11,1,14,14,14,14,14,14,14,14,14,8,8,11,11,11,11,11
2009,6,6,6,6,10,10,11,11,10,10,10,10,14,10,10,9,8,8,8,8,8,8,8,8
2010,10,10,10,10,10,10,7,1,14,14,14,14,14,14,14,14,14,14,11,11,11,11,11,11
2011,5,10,10,10,10,10,7,1,14,14,14,14,14,14,14,14,14,14,11,1,11,11,8,11
2012,1,1,1,10,1,12,1,10,4,4,10,1,1,10,10,1,1,1,1,3,3,3,3,1
2015,4,12,6,12,12,12,10,10,6,6,10,9,8,11,9,8,8,3,3,3,19,8,8,4
2017,20,1,3,1,1,3,3,12,3,3,6,6,8,6,6,6,6,6,6,6,6,21,16,4
2018,20,20,20,15,12,12,12,12,4,9,9,9,9,9,9,8,8,3,3,3,3,3,3,4
2019,3,3,15,15,9,9,9,9,9,9,3,3,3,3,3,9,9,9,14,19,18,18,18,18
2021,4,3,15,15,15,6,12,15,6,9,9,11,9,9,11,11,3,3,3,19,18,19,18,19
2022,4,20,20,1,6,12,12,12,3,3,4,0,0,4,0,4,0,3,3,0,0,21,4,0
2023,15,15,9,9,9,9,9,12,12,6,9,12,6,8,0,0,3,3,3,6,0,4,18,18
2024,3,7,1,15,1,1,15,9,1,9,1,3,1,1,1,1,1,1,1,1,1,18,18,18
2025,1,1,3,3,3,1,15,9,9,9,3,3,3,3,3,3,3,6,18,1,18,18,18,18
2027,5,9,9,9,9,9,9,9,11,9,9,3,9,9,9,9,9,9,3,19,19,4,4,19
2028,12,12,6,12,12,10,0,12,4,4,4,8,8,8,8,0,16,16,3,3,16,16,0,0
2030,15,15,15,15,15,12,12,12,9,9,4,12,9,1,9,3,3,3,3,3,3,3,3,18
2031,0,9,6,6,6,6,10,10,12,9,9,9,9,9,9,0,0,3,3,3,8,4,8,19
2032,10,10,7,7,10,10,5,7,7,7,7,3,7,14,5,5,5,14,14,5,7,7,11,11
2033,3,10,7,7,7,7,7,7,7,7,7,3,7,5,5,5,5,5,5,5,7,7,7,5
2034,1,15,15,15,1,9,15,9,4,3,1,3,6,6,1,1,1,9,3,3,0,0,3,19
2035,15,12,12,6,12,10,10,10,10,12,10,10,8,8,10,8,8,8,16,16,8,8,8,8
2036,4,12,12,6,9,12,12,12,4,12,12,9,8,8,10,8,8,3,3,3,8,8,4,4
2037,4,12,20,12,4,4,12,12,4,12,4,4,9,8,8,8,16,3,16,16,16,8,0,0
2039,15,9,9,15,9,9,12,12,12,12,12,9,9,9,9,9,3,3,3,3,16,3,3,3
2040,10,10,10,10,10,7,15,9,9,9,5,3,3,3,5,5,14,1,1,1,18,18,18,18
2041,15,15,15,15,15,9,9,12,12,12,12,9,8,9,9,8,3,3,3,3,16,3,3,4
2042,4,9,6,6,9,6,6,10,12,8,8,9,8,8,8,8,8,16,16,16,16,16,16,0
2043,4,20,20,4,4,4,12,3,3,3,0,12,0,4,4,4,16,0,4,0,4,6,21,21
2044,10,7,7,13,13,13,13,13,13,7,7,7,5,5,5,5,5,5,5,5,7,7,7,2
2045,5,6,6,10,10,11,11,11,10,10,10,10,8,11,11,11,11,11,19,19,11,11,11,19
2046,0,0,0,6,6,6,10,12,4,4,0,0,8,8,4,4,16,3,16,16,3,8,8,4
2047,5,9,9,10,10,11,11,11,11,11,11,11,11,14,11,5,5,19,19,19,19,19,19,19
2048,5,9,9,13,13,11,11,11,11,11,11,11,11,14,11,11,11,19,19,19,19,19,19,19
2049,0,12,0,0,0,0,0,12,0,0,12,4,8,8,4,4,16,16,16,22,0,0,0,21
2050,0,4,0,0,12,6,12,12,4,12,12,0,8,9,0,0,3,4,4,3,3,3,0,21
2051,6,6,6,6,10,10,10,10,10,10,10,10,14,10,10,9,8,8,8,8,8,8,8,8
2052,0,0,0,12,6,10,10,10,0,0,8,8,8,8,8,8,16,16,0,16,16,16,3,3
2053,0,0,0,0,4,10,0,6,4,0,0,8,4,4,4,4,4,4,4,0,16,16,4,21
2054,4,0,0,4,0,3,12,0,0,0,12,4,8,0,0,4,0,0,0,16,0,0,0,16
2055,6,6,0,6,12,10,10,10,10,10,10,8,8,10,8,8,8,8,16,16,8,8,8,8
2056,12,4,4,4,4,0,0,0,0,4,0,8,4,4,4,4,4,16,22,16,16,16,0,16
2057,3,20,0,3,0,6,6,0,0,0,10,8,8,0,0,4,0,0,0,0,8,21,16,21
2058,0,4,4,4,15,6,10,10,10,8,8,4,4,0,4,4,4,0,4,16,16,16,0,21
2059,0,0,0,0,0,6,6,12,4,12,8,8,8,8,8,4,0,8,16,16,8,8,4,4
2060,5,6,9,3,10,11,11,15,9,11,11,11,11,11,11,17,6,6,19,19,19,19,19,19
2061,5,6,15,3,3,0,12,4,4,0,12,0,4,4,4,4,4,4,4,0,0,0,0,0
2062,6,6,6,10,10,10,10,10,10,10,10,10,14,14,11,14,14,19,11,19,11,8,8,8
2063,10,10,13,7,13,13,13,7,7,7,7,3,7,7,5,5,5,5,5,5,7,7,7,7
2064,0,0,0,6,6,6,10,10,12,12,8,9,11,9,9,0,3,0,4,4,16,4,4,3
2065,0,0,0,4,0,6,6,6,11,0,0,0,8,8,4,4,0,0,4,0,16,16,0,0
2066,0,0,0,6,6,6,12,12,12,12,12,0,4,8,0,3,3,3,3,4,16,4,3,3
2067,4,4,0,0,0,0,0,6,12,4,0,0,0,4,4,4,0,0,0,0,0,0,21,21
2068,0,0,0,0,6,6,6,6,12,12,8,0,0,0,0,4,0,4,0,4,4,0,4,21
2069,5,6,3,3,6,3,11,6,6,6,10,10,10,10,0,8,8,8,8,8,8,21,21,6
2070,6,6,6,6,10,10,10,10,10,10,10,10,14,10,10,9,14,11,11,8,11,8,8,8
2072,12,4,0,0,0,0,0,0,0,0,0,0,0,0,4,4,0,0,0,0,0,0,0,21
2073,6,6,6,6,12,10,10,10,10,10,10,10,8,10,10,8,8,8,16,16,8,8,8,8
2074,5,5,5,5,5,5,5,11,5,5,5,17,17,17,17,17,17,17,17,17,17,17,17,17
2075,12,12,4,4,0,0,0,0,0,0,0,4,4,4,4,4,0,0,0,0,0,0,21,16
2076,12,12,4,4,4,4,0,0,0,0,12,4,4,17,4,4,17,17,17,0,17,0,0,0
2077,12,12,4,4,4,0,0,0,0,0,0,8,8,8,8,4,0,0,0,0,0,0,16,16
2078,20,12,4,4,4,4,3,0,0,0,0,4,8,8,8,4,4,0,22,16,22,0,16,16
2079,15,4,4,4,0,0,0,0,0,0,0,4,4,4,4,4,4,4,0,22,22,3,0,0
2080,0,4,0,0,0,6,0,0,0,0,0,0,0,4,4,4,4,0,0,0,0,0,0,21
2081,0,4,0,0,0,0,0,0,0,0,8,8,8,0,0,4,0,0,16,16,16,0,0,4
2082,12,4,4,0,0,0,0,0,0,0,0,4,4,4,4,4,4,0,0,0,0,0,0,21
2085,12,4,4,4,4,0,0,0,0,0,0,4,4,4,4,4,0,0,0,16,0,0,0,16
2087,12,4,0,0,0,0,0,0,0,0,0,4,4,4,4,0,0,0,0,0,0,0,0,16
2088,4,6,0,0,0,6,6,0,0,0,0,0,0,0,0,4,0,0,0,0,0,21,21,21
2089,12,4,0,0,0,0,6,4,6,12,12,0,0,0,4,4,4,0,0,0,0,0,0,21
2090,12,12,4,4,4,4,0,0,0,0,0,8,8,8,4,4,0,0,0,16,16,0,16,16
2091,12,12,4,4,4,4,0,0,4,4,4,4,4,4,8,4,4,16,22,0,22,0,0,0
2093,12,0,0,0,0,6,6,6,6,0,0,0,0,0,4,4,0,0,0,0,6,6,0,0
2094,12,12,4,4,4,0,0,10,0,0,12,4,8,4,8,0,0,16,16,0,0,0,16,16
2095,12,4,4,4,4,0,0,0,0,0,0,4,4,4,4,4,0,0,0,0,0,0,0,0
2096,12,4,4,4,4,4,0,0,0,0,0,4,4,4,4,4,0,0,0,0,0,0,21,16
2098,0,4,0,0,0,0,0,0,0,0,0,4,4,4,4,4,0,0,0,0,0,0,16,21
2100,0,9,0,0,6,6,6,6,6,0,11,11,11,9,0,11,0,3,0,19,4,4,6,17
2101,13,13,13,13,13,5,5,5,5,5,7,7,7,7,7,5,5,5,5,5,5,5,7,7
2105,0,9,9,10,10,11,11,11,11,0,0,8,11,11,9,11,11,8,0,19,19,4,4,19
2108,5,6,6,10,10,11,11,11,11,11,11,11,11,11,11,11,11,19,19,19,19,19,19,19
2109,5,6,9,10,10,11,11,11,11,10,10,10,11,14,11,11,11,11,11,19,19,11,11,19
2110,0,0,0,6,6,6,6,6,11,0,0,0,11,0,0,0,0,0,4,4,4,4,4,21
2111,0,6,6,6,6,10,10,11,11,0,0,8,11,11,0,9,0,0,0,19,19,4,4,19
2112,0,0,6,6,6,6,10,12,12,0,0,0,0,9,9,4,0,0,4,0,4,0,0,21
2113,5,0,9,6,6,6,6,6,11,0,0,0,11,0,0,0,0,0,0,4,19,4,19,19
2114,5,6,6,3,6,6,11,6,11,0,0,0,11,0,0,0,0,0,0,4,4,4,21,21
2116,0,0,0,6,0,6,6,12,0,0,0,0,4,0,4,4,4,4,4,16,0,0,4,21
2117,0,0,0,0,6,6,12,6,12,12,12,0,0,0,0,4,3,3,4,19,4,4,4,21
2118,0,0,0,6,6,6,6,11,11,0,0,0,0,0,0,0,0,0,4,4,19,4,4,21
2119,13,13,13,13,13,5,15,15,5,7,7,7,7,7,5,5,5,19,5,19,19,7,7,5
2120,5,0,9,6,6,6,11,11,11,0,0,0,11,0,0,0,0,0,4,19,19,4,4,19
2121,0,6,6,12,0,10,10,10,10,8,8,8,8,0,0,0,0,0,16,16,4,8,16,4
2122,6,9,9,6,6,6,10,10,9,12,12,9,9,9,9,8,16,3,3,3,17,8,4,3
2124,5,9,9,10,10,11,11,11,11,11,11,11,11,11,11,11,11,19,19,19,19,19,19,19
2125,0,0,0,0,0,6,6,6,6,0,0,0,0,0,4,4,0,0,0,0,0,0,0,21
2126,5,9,9,6,6,6,11,11,11,0,0,0,11,0,0,9,0,0,0,19,19,4,4,21
2127,4,4,20,4,4,4,3,12,0,0,0,0,0,0,4,4,4,4,4,0,0,0,0,0
2128,0,0,0,6,6,6,6,6,0,0,0,0,0,8,0,0,0,0,0,0,4,4,21,4
2129,0,0,0,0,0,6,6,6,0,0,0,0,0,0,0,0,0,0,0,4,0,4,4,21
2130,4,15,4,4,15,15,15,15,12,9,12,0,9,9,0,3,3,3,18,18,18,3,18,18
2131,0,9,9,10,10,11,11,11,11,0,0,10,11,11,9,9,0,0,3,19,19,4,4,19
2132,0,0,0,6,15,6,12,12,12,12,12,0,9,9,4,4,3,4,3,0,16,4,0,3
2133,0,4,0,6,0,6,6,6,12,12,0,0,0,0,0,0,0,0,4,4,16,4,4,21
2134,0,0,0,6,6,6,10,10,12,12,8,8,9,9,8,8,0,16,4,3,16,8,4,3
2136,0,0,15,15,6,15,12,15,9,9,9,3,9,0,3,3,3,3,18,19,18,4,18,19
2137,0,0,0,6,6,6,6,6,12,12,0,0,0,0,0,4,0,0,4,4,0,0,0,21
2138,0,0,0,6,6,6,6,6,12,12,0,0,0,9,4,4,16,4,4,0,0,4,0,21
2139,0,0,0,12,0,6,10,10,10,12,0,0,0,9,0,0,0,0,0,4,4,4,0,21
2140,0,0,0,0,0,6,6,10,0,0,0,0,0,0,4,4,0,8,0,16,0,8,0,21
2142,0,0,0,0,0,6,6,6,6,0,0,0,0,0,4,4,4,4,4,0,0,4,0,21
2143,0,0,0,0,6,15,12,6,12,0,12,0,0,0,0,4,4,0,4,4,4,4,4,21
2144,7,7,7,7,7,5,5,5,5,5,5,5,5,5,5,5,5,5,5,5,5,5,5,5
2145,6,9,6,6,6,6,10,10,10,10,10,8,8,11,10,8,8,3,8,8,8,8,8,8
2146,10,10,10,10,10,7,7,1,14,14,14,14,14,14,14,14,14,14,11,1,11,11,8,11
2148,1,1,1,1,1,1,1,1,1,1,1,1,1,14,1,1,14,8,11,8,11,8,8,11
2149,20,1,1,1,1,1,1,1,1,1,9,6,6,6,6,6,1,1,1,3,1,1,1,6
2150,4,4,15,4,15,6,12,12,4,3,12,12,4,4,4,4,4,3,22,16,16,3,0,3
2151,0,9,9,6,9,9,9,9,9,9,9,9,9,9,9,9,9,9,3,3,18,3,3,3
2152,4,4,4,0,6,0,12,12,4,12,0,0,0,4,4,4,4,0,0,0,0,0,0,16
2153,6,6,1,12,12,10,10,10,10,4,10,10,8,8,8,8,8,1,16,16,16,16,16,16
2154,20,12,20,12,12,12,12,12,4,4,4,8,8,8,0,0,3,16,16,3,16,21,0,0
2155,1,1,1,12,12,12,1,1,4,4,4,9,9,9,9,9,8,3,3,3,3,3,3,3
2156,4,0,4,0,0,0,0,12,0,0,0,0,0,4,4,4,0,4,0,0,0,0,0,0
2157,4,12,12,12,12,12,12,12,4,4,4,8,4,8,4,8,16,16,3,0,16,16,0,0
2158,5,6,9,10,10,10,10,10,10,9,10,9,11,11,9,9,9,8,3,3,19,8,8,19
2159,20,12,20,4,4,4,4,4,4,4,0,4,4,4,4,4,4,4,0,0,0,0,0,0
2160,0,0,0,12,15,6,12,12,12,12,12,4,0,0,4,4,16,16,16,16,16,16,0,0
2161,7,7,7,7,7,5,5,5,5,5,5,5,5,5,5,5,5,5,5,5,5,5,5,5
2162,0,0,0,0,6,6,6,6,12,0,12,0,0,0,4,4,4,0,4,0,0,0,0,21
2163,3,20,3,12,12,12,12,1,4,4,6,10,8,8,0,8,8,16,1,3,3,8,16,3
2164,13,13,13,13,2,2,13,13,13,2,7,7,7,7,2,7,7,7,7,5,7,7,7,2
2165,6,6,6,10,10,10,11,11,11,11,11,11,14,14,11,14,11,11,11,11,11,11,11,11
2167,6,6,6,10,10,11,11,11,11,11,11,11,14,14,11,5,5,19,19,19,11,11,11,11
2168,0,9,9,10,10,11,11,11,11,11,11,11,11,11,11,11,11,11,17,17,17,11,17,17
2169,5,10,10,13,13,13,5,5,14,7,7,7,7,14,5,5,7,5,5,5,7,7,7,2
2171,0,0,0,0,6,6,11,6,11,12,0,8,8,9,0,0,0,0,3,4,19,4,4,4
2172,0,0,6,0,0,10,10,10,0,0,0,8,8,0,4,0,0,0,0,16,0,0,0,0
2173,0,0,6,6,12,10,10,10,10,10,5,11,8,8,8,8,8,8,11,11,11,11,16,16
2174,0,0,6,6,12,10,10,10,10,10,8,8,8,10,10,8,8,3,3,3,8,8,8,19
2175,0,0,0,12,0,6,6,10,0,0,0,0,0,4,0,4,0,0,0,0,4,0,0,21
2176,0,0,6,6,12,10,10,10,10,10,8,8,8,10,10,8,0,3,16,16,8,8,16,16
2177,0,9,9,9,13,11,11,11,11,11,11,11,11,11,11,11,11,19,19,19,19,19,19,19
2178,9,6,6,12,12,10,10,10,0,12,12,8,8,8,4,0,16,16,16,16,8,8,16,16
2179,6,6,6,6,12,10,10,10,4,10,8,8,8,10,8,0,0,8,0,16,8,8,16,4
2180,0,6,6,6,12,10,10,10,10,10,8,8,8,10,10,8,8,8,8,16,8,8,8,8
2181,0,0,0,6,0,10,6,6,0,0,0,4,8,8,4,4,4,0,4,0,16,16,0,0
2182,5,9,0,6,0,6,6,10,11,0,0,0,0,0,0,0,0,0,0,4,16,4,4,21
2183,0,9,9,6,6,6,11,11,11,0,0,0,11,9,9,8,0,0,0,19,19,4,4,19
2184,0,0,0,12,0,6,6,10,0,0,0,8,8,8,4,0,16,0,0,16,0,16,0,0
2185,0,0,0,0,0,6,6,10,0,0,0,4,4,4,0,4,0,0,0,16,0,0,0,21
2186,6,6,6,10,10,10,11,11,11,11,11,11,14,14,11,14,11,11,11,11,11,11,11,11
2187,9,9,15,15,9,15,15,12,12,9,9,9,9,9,9,8,3,3,3,19,19,4,4,3
2188,6,6,9,10,10,10,11,11,11,11,11,11,11,14,11,11,11,11,11,11,11,11,11,11
2189,0,9,9,10,10,10,10,11,11,9,0,0,11,11,9,9,0,0,0,19,19,4,4,19
2190,2,7,7,2,2,5,5,2,2,2,2,5,5,5,5,2,2,2,2,2,2,2,5,5
2191,1,15,15,15,15,15,15,15,9,9,3,3,3,3,3,3,1,1,1,1,1,1,18,18
2192,10,15,15,15,7,15,15,15,9,9,3,3,3,3,5,5,14,1,1,1,18,18,18,18
2193,10,10,10,7,7,7,7,7,7,7,5,3,14,14,14,5,14,14,14,14,7,11,11,11
2194,1,15,15,15,15,15,15,15,9,9,3,3,3,1,3,3,1,1,1,1,1,1,18,1
2195,15,15,4,15,15,15,4,4,3,3,12,12,6,6,3,3,3,3,22,18,3,0,3,0
2196,12,0,15,4,15,4,4,4,12,3,12,0,4,4,4,4,4,4,22,22,22,0,3,3
2197,15,12,4,4,4,4,4,4,3,3,12,12,4,4,4,4,4,3,22,0,0,3,3,0
2198,15,15,15,4,4,15,4,4,0,3,12,12,4,4,4,4,4,4,22,22,0,3,3,0
2199,15,15,15,15,15,12,12,12,9,9,9,3,9,9,9,3,3,9,3,22,3,3,3,3
2200,4,0,0,3,6,6,12,12,6,3,6,11,6,0,3,3,0,3,4,19,18,4,18,18
2201,15,15,15,15,15,15,15,4,9,3,12,12,9,1,9,3,4,3,22,22,3,3,3,0
2202,1,15,15,15,15,15,15,15,9,9,1,3,9,1,9,3,3,9,3,3,3,3,3,3
2203,1,15,15,15,15,15,15,15,9,9,3,3,3,3,3,3,1,1,6,6,6,1,18,18
2204,15,15,15,15,15,12,12,12,12,3,12,12,9,4,9,3,3,3,3,3,3,3,3,0
2205,15,15,15,15,15,15,12,12,12,9,12,12,0,9,0,0,3,3,3,0,16,4,4,3
2206,15,15,15,15,15,12,12,4,4,3,4,12,4,4,9,4,4,3,22,22,16,3,0,0
2207,15,12,4,0,0,0,0,12,0,12,12,0,9,4,4,4,4,4,22,22,0,0,0,16
2208,15,15,15,4,15,15,15,4,9,9,12,12,9,1,3,3,3,3,22,18,3,3,3,18
2210,7,7,7,7,7,13,13,7,7,7,7,3,5,5,5,5,7,7,7,7,7,7,7,5
2211,10,9,9,10,9,11,11,9,11,9,11,9,11,9,9,9,9,9,3,19,19,4,4,19
2212,15,15,15,15,15,12,12,4,9,3,4,12,4,1,9,3,3,3,22,22,3,3,3,18
2213,12,4,4,4,4,4,4,4,4,3,12,12,4,4,4,4,4,16,22,0,16,16,0,0
2215,1,15,15,15,1,12,12,12,5,9,9,9,9,1,1,3,1,9,3,3,18,3,18,18
2216,10,10,10,7,7,7,7,7,7,7,5,3,14,14,14,5,14,14,14,14,7,11,11,11
2217,10,10,10,10,10,7,7,7,14,14,14,14,14,14,14,14,14,14,14,14,11,11,11,11
2218,10,10,10,10,10,7,7,1,14,14,14,14,14,14,14,14,14,14,11,1,11,11,11,11
2219,10,10,10,10,10,7,1,1,14,14,14,14,14,14,14,14,14,14,1,1,11,11,11,11
2220,10,10,10,7,7,7,7,7,7,7,5,3,14,14,14,5,14,14,14,14,7,11,11,11
2221,10,10,10,7,7,7,7,7,7,7,5,5,14,14,14,5,14,14,14,14,7,11,11,11
2222,10,10,10,10,10,7,7,7,14,14,14,14,14,14,14,14,14,14,14,14,11,11,11,11
2223,10,10,10,10,10,7,7,1,14,14,14,14,14,14,14,14,14,14,14,1,11,11,8,11
2224,10,10,10,10,10,7,7,7,9,9,5,3,14,14,5,5,14,14,14,1,18,18,18,11
2225,10,10,10,10,10,7,7,1,14,14,14,14,14,14,14,14,14,14,14,1,11,11,8,11
2226,10,10,10,7,7,7,7,7,7,7,5,5,14,14,14,5,14,14,14,14,7,11,11,11
2227,10,10,10,10,10,7,7,7,14,14,14,14,14,14,14,14,14,14,14,14,11,11,11,11
2228,10,10,10,7,10,7,7,7,7,7,5,3,3,14,14,5,14,14,14,14,7,18,11,11
2229,10,10,10,10,10,7,1,1,14,14,14,14,14,14,14,14,14,14,1,1,11,11,11,11
2230,10,9,9,1,9,9,9,9,9,9,1,3,9,9,9,9,9,9,14,14,11,8,1,1
2231,10,9,9,9,9,9,9,9,9,9,3,3,3,3,3,9,9,9,14,19,18,18,18,18
2232,10,10,10,10,10,7,7,9,14,14,14,14,14,14,14,14,14,14,14,1,11,11,11,11
2233,10,10,10,10,10,10,7,1,14,14,14,14,14,14,14,14,14,14,14,1,11,11,8,11
2234,9,9,9,9,10,9,7,9,14,9,9,9,14,9,9,9,9,9,11,19,19,8,8,19
2235,10,10,10,15,7,7,7,7,9,9,3,3,3,3,5,5,14,1,14,1,18,18,18,18
2236,10,10,10,10,10,7,7,1,14,14,14,14,14,14,14,14,14,14,14,1,11,11,11,11
2237,10,10,10,15,15,15,15,15,9,9,3,3,3,3,3,5,5,1,1,1,18,18,18,18
2238,10,10,10,7,7,1,1,7,1,1,1,1,1,1,1,1,1,14,14,14,1,11,11,1
2241,10,10,10,10,10,7,7,1,14,14,14,14,14,14,14,14,14,14,14,1,11,11,11,11
2242,10,10,10,7,7,7,7,7,14,14,5,5,14,14,14,5,14,14,14,14,11,11,11,11
2243,10,10,10,10,10,7,7,7,14,14,5,3,14,14,14,5,14,14,14,14,11,11,11,11
2244,1,1,1,1,1,1,1,1,1,1,1,1,1,1,1,1,1,1,1,1,1,1,1,1
2245,10,10,10,10,10,7,1,1,14,14,14,14,14,14,14,14,14,14,1,1,11,11,11,11
2248,10,10,10,10,10,7,1,1,14,14,14,14,14,14,14,14,14,14,1,1,11,11,8,11
2249,1,1,1,1,1,1,1,1,1,1,1,1,1,1,1,1,1,1,1,1,1,1,1,1
2250,1,1,1,1,1,1,1,1,1,1,1,1,1,1,1,1,1,1,1,1,1,1,1,1
2251,7,7,7,7,7,5,5,5,5,5,5,5,5,5,5,5,5,5,5,5,5,5,5,5
2252,7,7,7,7,7,5,5,5,5,5,11,11,5,5,11,11,5,5,5,5,5,5,5,5
2253,6,6,6,6,10,10,10,10,10,10,10,10,8,10,10,9,8,8,8,8,8,8,8,8
2254,12,12,4,4,4,4,0,0,0,0,12,12,0,4,4,4,4,0,0,0,0,0,0,16
2255,12,4,4,0,0,0,0,0,0,4,0,4,0,0,4,4,0,0,0,0,0,0,0,16
2256,12,4,4,4,4,0,0,0,0,0,0,4,4,4,4,4,0,0,0,0,0,0,21,16
2257,12,4,4,4,0,0,0,0,0,0,0,0,4,0,4,4,0,0,0,0,0,0,21,21
2258,12,4,0,4,0,0,6,0,0,0,0,0,0,0,4,4,0,0,0,0,0,0,21,21
2259,4,4,0,0,0,0,6,0,0,0,0,0,0,0,4,4,0,0,0,0,0,0,16,21
2260,20,20,20,4,4,4,0,4,4,4,4,4,8,8,4,4,0,16,16,0,0,0,0,16
2262,4,4,0,15,15,0,4,3,0,3,12,4,6,4,17,4,4,4,0,0,0,0,0,0
2264,3,9,9,6,9,6,12,11,0,0,0,0,4,4,4,4,0,0,0,16,0,0,16,16
2265,12,4,0,0,0,6,10,10,10,0,0,0,4,4,4,4,0,0,0,0,0,0,16,16
2266,12,4,4,4,4,0,0,0,0,0,0,4,4,4,4,4,4,0,0,0,0,16,0,0
2267,12,4,4,0,0,0,0,10,10,4,0,4,8,8,8,0,0,0,16,16,8,8,16,4
2268,4,4,4,0,0,4,12,0,0,0,0,0,0,4,4,4,0,0,0,0,0,0,16,16
2269,4,4,4,12,12,4,12,3,4,12,4,8,8,8,8,8,8,16,16,16,0,8,16,4
2270,12,0,0,0,0,6,6,0,6,0,0,0,0,0,4,4,0,0,0,0,0,0,21,21
2271,12,12,4,4,4,4,0,0,4,4,4,4,4,8,8,4,4,16,16,16,0,0,0,0
2272,3,3,6,3,6,6,6,6,6,6,10,10,8,0,0,11,11,8,8,16,21,21,8,8
2274,3,3,3,3,3,3,12,6,6,6,10,17,0,0,0,6,6,6,8,16,4,21,8,6
2275,7,7,7,7,7,5,5,5,5,5,5,5,5,5,5,5,5,5,5,5,5,5,5,5
2276,6,6,6,6,12,10,10,10,10,10,10,10,8,10,0,8,8,8,8,8,8,8,8,8
2278,9,9,6,6,9,6,12,10,10,10,10,10,14,10,10,9,8,8,8,8,11,8,8,8
2279,7,7,7,7,7,5,5,5,5,7,5,5,14,14,14,5,14,14,14,14,7,11,11,11
2280,5,7,7,10,10,10,11,11,11,14,14,5,5,5,14,5,5,11,7,11,5,11,5,5
2281,7,7,7,7,7,5,5,5,5,5,5,5,5,5,5,5,5,5,5,5,5,5,5,5
2282,7,7,7,7,7,5,5,5,5,5,5,5,5,5,14,5,5,5,5,5,5,5,2,2
2286,20,20,3,3,6,3,3,3,5,6,6,5,11,17,5,5,5,11,1,6,5,17,17,5
2287,5,6,6,6,6,6,11,11,6,6,10,10,10,10,11,11,11,8,8,19,21,21,11,8
2288,6,6,7,10,10,10,11,11,14,14,14,14,5,14,14,5,5,11,11,11,5,11,11,11
2289,1,7,7,10,10,3,3,5,5,5,5,5,5,5,14,5,5,11,11,11,5,5,5,5
2292,20,20,12,12,12,12,4,4,4,9,9,9,8,6,8,8,8,1,1,3,3,3,3,3
2293,0,6,6,6,10,10,10,10,10,10,10,10,8,10,10,11,8,8,8,8,8,8,8,8
2294,15,12,12,12,12,4,12,4,4,4,4,8,8,8,8,8,16,1,1,3,22,8,3,3
2295,15,12,15,3,3,3,3,3,3,3,6,9,6,9,9,6,4,4,0,0,0,6,6,21
2296,1,6,12,15,12,3,12,6,6,6,10,10,8,10,8,8,8,8,8,8,8,21,8,3
2297,6,6,6,6,12,10,10,10,10,10,10,10,14,10,10,9,8,8,8,8,8,8,8,8
2298,20,20,12,12,12,10,10,4,4,4,8,8,8,8,8,0,8,16,16,16,8,8,8,8
2299,20,6,12,12,0,0,12,6,6,6,10,10,8,10,8,8,8,8,8,16,16,8,3,3
2300,20,20,12,12,12,10,12,4,3,6,6,4,8,8,8,8,8,16,16,16,8,8,16,3
2301,0,6,6,12,6,6,6,6,6,0,10,9,0,0,0,11,0,0,0,0,0,0,21,21
2302,1,6,12,12,12,12,4,4,4,4,10,8,8,8,8,8,8,1,1,6,3,3,3,3
2303,6,6,6,6,12,10,10,10,10,10,10,1,1,10,10,9,8,8,8,8,1,1,1,1
2304,1,12,12,15,12,12,12,12,4,12,12,9,8,9,9,8,8,3,3,3,8,3,3,3
2305,4,20,3,4,4,4,4,4,4,3,4,12,6,6,6,6,4,4,22,0,3,6,3,6
2307,20,6,12,12,12,3,3,4,3,6,10,9,8,8,8,8,8,8,8,16,8,8,8,3
2308,20,4,6,12,12,10,12,4,4,4,6,4,8,8,8,8,16,16,0,16,16,3,16,16
2309,6,6,6,12,12,4,12,0,0,0,6,8,0,0,0,8,8,8,16,16,8,8,8,8
2310,5,6,6,6,12,10,10,10,10,10,10,8,8,8,8,8,8,8,8,8,8,8,16,8
2311,6,6,6,10,10,11,11,11,5,5,11,11,14,14,14,5,5,14,11,11,11,11,11,11
2312,7,7,7,7,7,5,5,5,5,5,5,3,5,5,5,5,5,5,5,5,5,5,5,5
2314,1,6,12,15,12,12,12,4,12,6,9,9,8,10,9,8,11,3,3,8,3,8,8,3
2315,0,12,6,12,12,0,12,3,4,6,8,9,8,8,8,8,8,8,8,16,16,8,0,3
2316,6,6,12,15,9,12,12,12,12,12,10,8,8,11,9,8,8,3,8,3,19,8,8,19
2317,20,20,20,4,4,4,4,4,4,4,4,4,4,8,8,8,16,16,16,22,16,3,3,3
2318,10,7,7,7,7,5,5,5,5,5,5,5,14,14,14,5,5,5,5,5,2,2,2,2
2320,10,10,10,10,7,5,5,5,14,14,14,14,14,14,14,5,14,5,5,5,5,11,11,11
2321,6,6,6,6,12,10,10,10,0,8,4,8,8,8,8,8,0,16,16,16,16,16,8,3
2322,0,9,0,6,6,10,6,12,0,12,12,0,0,8,8,0,16,0,16,0,16,16,0,16
2323,0,4,0,0,0,6,6,6,0,12,12,0,0,9,4,4,4,4,0,0,0,0,4,21
2324,6,6,6,6,10,10,10,10,10,10,10,10,8,10,10,9,8,8,8,16,8,8,8,8
2325,6,6,6,6,12,10,10,10,10,10,10,10,14,10,10,8,8,8,3,8,8,8,8,8
2326,6,6,6,12,0,10,10,10,4,10,10,10,8,10,8,8,8,16,16,16,8,8,8,8
2327,9,9,9,9,9,6,10,10,12,12,10,10,8,9,9,8,8,3,3,19,8,8,8,19
2328,6,6,6,6,12,12,12,12,12,9,9,9,9,9,9,8,16,3,3,3,3,3,3,3
2329,6,6,6,6,12,10,10,10,10,10,10,10,8,10,10,8,8,8,16,16,4,8,8,8
2330,6,6,6,6,12,10,10,10,4,8,8,8,8,10,8,8,8,16,16,16,8,8,16,16
2332,15,12,12,12,12,4,12,4,4,4,4,4,8,9,8,8,8,16,16,16,16,8,16,3
2333,6,9,9,10,10,11,11,11,11,11,11,11,11,11,11,11,11,19,19,19,19,19,19,19
2334,9,6,9,9,10,6,10,11,9,9,9,3,9,9,9,9,9,9,3,19,11,11,11,11
2335,6,6,6,6,10,10,10,10,14,14,14,14,14,14,14,14,14,11,11,11,11,11,11,11
2336,9,9,9,9,10,11,11,11,14,9,11,11,14,14,14,9,9,19,19,19,19,19,19,19
2337,10,10,10,7,7,7,7,7,7,7,5,3,14,14,14,5,5,5,5,14,7,11,11,11
2338,1,1,1,1,1,1,1,1,1,1,1,1,1,1,1,1,1,1,1,1,1,11,11,1
2339,1,1,1,15,1,1,1,1,1,1,1,1,1,1,11,1,1,6,1,1,1,1,1,1
2340,15,9,9,15,9,9,15,9,9,9,5,3,3,3,3,1,9,9,1,1,18,18,18,18
2341,1,1,1,1,1,1,1,1,1,1,1,1,1,1,1,1,1,1,1,1,1,1,1,1
2342,1,1,1,1,1,1,1,1,1,1,1,1,9,1,9,3,3,3,1,1,3,3,3,3
2343,1,1,1,1,1,1,1,1,1,1,1,1,1,1,1,1,1,1,1,1,1,1,1,1
2344,10,10,10,1,1,1,1,1,1,1,1,1,1,1,1,1,1,1,1,1,1,1,11,1
2345,1,1,1,1,1,1,1,1,1,1,1,1,1,1,1,1,1,1,1,1,1,1,1,1
2348,1,1,1,1,1,1,1,1,1,1,1,1,1,1,1,1,1,1,1,1,1,1,11,1
2349,1,1,1,1,1,1,1,1,1,1,1,1,1,1,1,1,1,1,1,1,1,1,1,1
2351,2,2,13,2,2,2,2,2,2,2,2,2,2,2,2,2,2,7,7,7,2,2,2,2
2352,2,2,2,2,2,2,2,2,2,2,2,2,2,2,2,2,2,2,2,2,2,2,2,2
2353,2,2,2,2,2,2,2,2,2,2,2,2,2,2,2,2,2,2,2,2,2,2,2,2
2354,2,2,2,2,2,5,5,2,2,2,2,2,2,14,2,2,2,2,7,7,2,2,2,2
2355,2,2,2,2,2,2,2,2,2,2,2,2,2,2,2,2,2,2,2,2,2,2,2,2
2356,2,2,13,2,2,2,2,2,2,2,2,2,2,2,7,5,5,7,7,7,2,2,2,2
2357,2,2,2,2,2,2,2,2,2,2,2,2,2,2,2,2,2,2,2,2,2,2,2,2
2358,2,2,2,2,2,2,2,2,2,2,2,2,2,2,2,2,2,2,2,2,2,2,2,2
2359,2,2,2,2,2,2,2,2,2,2,2,2,2,2,2,2,2,2,2,2,2,2,2,2
2360,2,2,2,2,2,2,2,2,2,2,2,2,2,2,2,2,2,2,2,2,2,2,2,2
2361,2,2,2,2,2,2,2,2,2,2,2,2,2,2,2,2,2,2,2,2,2,2,2,2
2362,10,10,7,7,7,13,13,13,13,7,7,7,7,14,5,7,7,7,5,7,7,7,7,7
2363,2,2,13,13,2,2,2,13,2,2,2,2,2,2,2,7,7,7,7,7,7,2,2,2
2364,2,2,2,2,2,2,2,2,2,2,2,2,2,2,2,2,2,2,2,2,2,2,2,2
2365,2,2,2,2,2,2,2,2,2,2,2,2,2,2,2,2,2,2,2,2,2,2,2,2
2366,2,2,2,2,2,2,2,2,2,2,2,2,2,2,2,2,2,2,2,2,2,2,2,2
2367,2,2,2,2,2,2,2,2,2,2,2,2,2,2,2,7,2,7,7,7,2,2,2,2
2368,2,2,2,2,2,2,2,2,2,2,2,2,2,2,2,2,2,2,7,7,2,2,2,2
2369,2,2,2,2,2,2,2,2,2,2,2,2,2,2,2,2,2,2,2,7,2,2,2,2
2370,13,13,13,13,2,2,13,2,2,2,2,7,7,7,7,7,7,7,7,7,7,7,7,7
2371,13,13,13,13,2,13,13,13,13,2,7,7,7,7,7,7,7,7,7,7,7,7,7,7
2372,2,2,2,2,2,2,2,2,2,2,2,2,2,2,2,2,2,2,2,2,2,2,2,2
2373,2,2,2,2,2,2,2,2,2,2,2,2,2,2,2,2,2,2,2,2,2,2,2,2
2374,2,2,2,2,2,2,2,2,2,2,2,2,2,2,2,2,2,2,2,2,2,2,2,2
2375,2,2,2,2,2,2,2,2,2,2,2,2,2,2,2,2,2,2,2,2,2,2,2,2
2376,2,2,2,2,2,2,2,2,2,2,2,2,2,2,2,2,2,7,7,7,2,2,2,2
2377,2,2,2,2,2,2,2,2,2,2,2,2,2,2,2,7,2,7,7,7,2,2,2,2
2378,2,2,2,2,2,2,2,2,2,2,2,2,2,2,2,2,2,2,2,2,2,2,2,2
2379,2,2,2,2,2,2,2,2,2,2,2,2,2,2,2,2,2,2,2,2,2,2,2,2
2380,2,2,13,13,2,2,13,2,2,2,2,2,2,2,2,7,2,7,7,7,2,2,2,2
2381,2,2,2,2,2,2,2,2,2,2,2,2,2,2,2,2,2,2,7,7,2,2,2,2
2382,2,2,2,2,2,2,2,2,2,2,2,2,2,2,2,7,2,7,7,7,2,2,2,2
2383,2,2,13,13,13,13,13,13,13,2,2,2,2,2,7,7,7,7,7,7,7,2,7,2
2384,2,2,2,2,2,2,2,2,2,2,2,2,2,2,2,2,2,7,7,7,2,2,2,2
2385,2,2,2,2,2,2,2,2,2,2,2,2,2,2,2,2,2,2,7,7,2,2,2,2
2386,2,2,13,13,13,13,13,13,13,2,2,2,2,2,2,7,7,7,7,7,7,2,2,2
2387,2,2,2,2,2,2,2,2,2,2,2,2,2,2,2,2,2,2,7,7,2,2,2,2
2388,2,2,2,2,2,2,2,2,2,2,2,2,2,2,2,2,2,2,2,7,2,2,2,2
2389,2,2,2,2,2,2,2,2,2,5,2,2,2,2,2,2,2,7,7,7,2,2,2,2
2390,2,2,2,2,2,2,2,2,2,2,2,2,2,2,2,2,2,7,7,7,2,2,2,2
2391,2,2,13,7,13,13,13,13,7,7,7,7,7,7,7,7,7,7,7,7,7,7,7,2
2392,13,13,13,13,13,13,13,13,13,2,7,7,7,7,7,7,7,7,7,5,7,7,7,2
2393,13,13,13,13,13,13,13,7,7,7,7,7,5,7,7,7,7,7,5,5,7,7,7,7
2395,13,13,13,13,13,13,13,7,7,7,11,7,7,7,5,5,5,19,5,5,19,7,7,7
2398,2,2,13,13,2,13,13,13,13,2,2,2,2,2,7,7,7,7,7,7,7,2,7,2
2399,2,2,2,2,2,2,2,2,2,2,2,2,2,2,2,2,2,2,7,7,2,2,2,2
2400,2,2,2,2,2,2,2,2,2,2,2,2,2,2,2,2,2,2,2,2,2,2,2,2
2401,2,2,2,2,2,2,2,2,2,2,2,2,2,2,2,2,2,7,7,7,2,2,2,2
2402,2,2,13,13,2,13,13,13,13,2,2,2,2,2,2,7,7,7,7,7,7,2,2,2
2403,13,13,13,13,13,13,13,13,7,2,7,7,7,7,7,7,7,7,7,7,7,7,7,7
2404,2,2,2,2,2,2,2,2,2,2,2,2,2,2,2,2,2,7,7,7,2,2,2,2
2405,2,2,2,2,2,2,2,2,2,2,2,2,2,2,2,2,2,2,7,7,2,2,2,2
2406,2,2,13,13,2,13,13,13,2,2,2,2,2,2,7,7,7,7,7,7,7,2,7,2
2407,2,2,13,13,2,13,13,13,13,2,2,2,2,2,2,2,7,7,7,7,7,2,2,2
2408,2,2,13,13,13,13,13,13,13,2,2,2,2,2,7,7,7,7,7,7,7,2,2,2
2409,13,13,13,13,13,13,13,13,13,2,7,7,7,7,7,7,7,7,7,7,7,7,7,7
2410,10,13,13,13,13,13,13,7,7,7,7,7,14,7,5,5,5,5,5,5,7,7,7,7
2411,13,13,13,13,13,13,13,13,13,2,7,7,7,7,7,7,7,7,5,7,7,7,7,7
2412,13,13,13,13,2,13,13,13,13,2,7,7,2,7,7,7,7,7,7,7,7,2,7,7
2416,13,13,13,13,13,2,5,5,5,2,7,7,7,5,5,7,7,7,5,7,7,2,7,7
2422,13,13,13,13,13,13,13,5,5,7,7,7,7,7,7,7,5,5,5,7,7,7,7,7
2423,2,2,2,2,2,2,2,2,2,2,2,2,2,2,2,2,2,2,2,2,2,2,2,2
2424,2,2,2,2,2,2,2,2,2,2,2,2,2,2,2,2,2,2,2,2,2,2,2,2
2425,2,2,2,2,2,2,2,2,2,2,2,2,2,2,2,2,2,2,2,2,2,2,2,2
2426,2,2,2,2,2,2,2,2,2,2,2,2,2,2,2,2,2,2,2,2,2,2,2,2
2427,2,2,2,2,2,2,2,2,2,2,2,2,2,2,2,2,2,2,2,2,2,2,2,2
2428,2,2,13,13,2,2,2,2,2,2,2,2,2,2,2,2,2,2,7,7,2,2,2,2
2429,2,2,13,2,2,2,2,2,2,2,2,2,2,2,2,2,2,7,7,7,2,2,2,2
2430,2,2,13,13,2,13,13,13,2,2,2,2,2,2,7,7,7,7,7,7,7,2,2,2
2431,2,2,13,13,2,13,13,13,2,2,2,2,2,2,7,7,7,7,7,7,7,2,2,2
2432,13,13,13,13,13,13,13,13,13,2,7,7,7,7,7,7,7,7,7,7,7,7,7,7
2433,2,2,13,13,2,13,13,13,2,2,2,2,2,2,7,7,7,7,7,7,2,2,2,2
2434,2,2,2,2,2,2,2,2,2,2,2,2,2,2,2,2,2,2,7,7,2,2,2,2
2435,2,2,2,2,2,2,13,2,2,2,2,2,2,2,2,2,2,7,7,7,2,2,2,2
2436,2,2,2,2,2,2,2,2,2,2,2,2,2,2,2,2,2,2,7,7,2,2,2,2
2437,13,13,13,13,13,13,13,13,13,2,7,7,7,7,7,7,7,7,7,7,7,7,7,7
2439,2,2,2,2,2,2,2,2,2,2,2,2,2,2,2,2,2,2,2,2,2,2,2,2
2440,2,2,2,2,2,2,2,2,2,2,2,2,2,2,2,2,2,2,2,2,2,2,2,2
2441,2,2,2,2,2,2,2,2,2,2,2,2,2,2,2,2,2,2,2,2,2,2,2,2
2442,2,2,2,2,2,2,2,2,2,2,2,2,2,2,2,2,2,2,2,2,2,2,2,2
2443,2,2,2,2,2,2,2,2,2,2,2,2,2,2,2,2,2,2,2,2,2,2,2,2
2444,2,2,2,2,2,2,2,2,2,2,2,2,2,2,2,2,2,2,2,2,2,2,2,2
2445,13,13,13,13,13,13,13,13,13,5,7,7,7,7,7,7,7,7,7,7,7,7,7,7
2446,13,13,13,13,2,13,13,13,13,2,7,7,2,7,7,7,7,7,7,7,7,2,7,7
2447,13,13,13,13,2,13,13,13,13,2,7,7,2,7,7,7,7,7,7,7,7,2,7,2
2449,13,13,13,13,13,13,13,13,13,2,7,7,7,7,7,7,7,7,7,7,7,7,7,7
2450,2,2,2,2,2,2,2,2,2,2,2,2,2,2,2,2,2,7,7,7,2,2,2,2
2451,2,2,2,2,2,2,2,2,2,2,2,2,2,2,2,2,2,7,7,7,2,2,2,2
2452,2,2,2,2,2,2,2,2,2,2,2,2,2,2,2,2,2,7,7,7,2,2,2,2
2453,2,2,2,2,2,2,2,2,2,2,2,2,2,2,2,2,2,7,7,7,2,2,2,2
2454,2,2,2,2,2,2,2,2,2,2,2,2,2,2,2,2,2,7,7,7,2,2,2,2
2455,2,2,2,2,2,2,2,2,2,2,2,2,2,2,2,2,2,5,7,7,2,2,2,2
2456,2,2,2,2,2,2,2,2,2,2,2,2,2,2,2,2,2,2,2,2,2,2,2,2
2457,2,2,2,2,2,2,2,2,2,2,2,2,2,2,2,2,2,2,2,2,2,2,2,2
2458,2,2,2,2,2,2,2,2,2,2,2,2,2,2,2,2,2,2,2,2,2,2,2,2
2459,2,2,2,2,2,2,2,2,2,2,2,2,2,2,2,2,2,2,2,2,2,2,2,2
2460,2,2,2,2,2,2,2,2,2,2,2,2,2,2,2,2,2,2,2,2,2,2,2,2
2461,2,2,2,2,2,2,2,2,2,2,2,2,2,2,2,2,2,2,2,2,2,2,2,2
2462,13,13,13,13,2,2,2,2,2,2,2,2,2,2,2,7,7,7,7,7,2,2,2,2
2463,13,13,13,13,2,2,2,2,2,2,2,2,2,2,2,7,7,7,7,7,2,2,2,2
2464,13,13,13,13,2,2,2,2,2,2,2,2,2,2,2,7,7,7,7,7,2,2,2,2
2465,13,10,10,13,13,13,13,13,13,2,7,7,7,7,7,7,7,7,7,7,7,7,7,7
2466,13,13,13,13,2,2,2,2,2,2,2,2,2,2,2,7,7,7,7,7,2,2,2,2
2467,13,13,13,13,2,13,2,2,2,2,2,2,2,2,2,7,7,7,7,7,2,2,2,2
2468,13,13,13,13,2,2,2,2,2,2,2,2,2,2,2,2,2,2,2,2,2,2,2,2
2469,13,13,13,13,2,2,2,2,2,2,2,7,2,2,2,7,7,7,7,7,2,2,2,2
2470,13,13,13,13,2,2,2,2,2,2,2,7,2,2,2,7,7,7,7,7,2,2,2,2
2471,13,13,13,13,2,2,2,2,2,2,2,7,2,2,2,7,7,7,7,7,2,2,2,2
2472,13,13,13,13,13,13,13,13,2,2,7,7,7,7,7,7,7,7,7,7,7,7,7,2
2473,13,13,13,13,2,2,2,2,2,2,2,2,2,2,2,7,7,7,7,7,2,2,2,2
2474,2,13,13,13,2,2,2,2,2,2,2,2,2,2,2,7,7,7,7,7,2,2,2,2
2475,13,13,13,13,2,2,2,2,2,2,2,2,2,2,2,2,2,2,2,2,2,2,2,2
2476,2,2,2,2,2,2,2,2,2,2,2,2,2,2,2,2,2,2,2,2,2,2,2,2
2477,13,13,13,13,2,2,2,2,2,2,2,2,2,2,2,2,2,2,2,2,2,2,2,2
2478,13,13,13,13,13,13,13,13,13,2,7,7,7,7,7,7,7,7,7,7,7,7,7,7
2479,2,2,2,2,2,2,2,2,2,2,2,2,2,2,2,2,2,2,2,2,2,2,2,2
2480,2,2,2,2,2,2,2,2,2,2,2,2,2,2,2,2,2,2,2,2,2,2,2,2
2481,2,2,2,13,2,2,2,2,2,2,2,2,2,2,2,2,2,2,2,2,2,2,2,2
2482,13,13,13,13,2,2,2,2,2,2,7,7,2,7,7,7,7,7,7,7,2,2,7,2
2483,13,13,13,13,2,2,2,2,13,2,2,7,2,2,2,7,7,7,7,7,2,2,7,2
2484,13,13,13,13,2,2,2,2,2,2,7,7,2,7,7,7,7,7,7,7,2,2,7,2
2485,2,2,2,2,2,2,2,2,2,2,2,2,2,2,2,2,2,2,2,2,2,2,2,2
2486,2,2,2,2,2,2,2,2,2,2,2,2,2,2,2,2,2,2,2,2,2,2,2,2
2487,13,13,13,13,2,2,2,2,2,2,2,7,2,2,2,7,7,7,7,7,2,2,2,2
2488,2,2,2,2,2,2,2,2,2,2,2,2,2,2,2,2,2,2,2,2,2,2,2,2
2489,2,2,2,2,2,2,2,2,2,2,2,2,2,2,2,2,2,2,2,2,2,2,2,2
2490,2,2,2,13,2,2,2,2,2,2,2,2,2,2,2,2,2,2,2,2,2,2,2,2
2491,13,13,13,13,13,13,13,13,13,2,7,7,7,7,7,7,7,7,7,7,7,7,7,7
2492,13,13,13,13,2,2,13,13,13,2,7,7,7,7,7,7,7,7,7,7,7,7,7,7
2493,13,13,13,13,13,2,13,13,13,2,7,7,7,7,7,7,7,7,7,7,7,7,7,2
2494,2,2,2,2,2,2,2,2,2,2,2,2,2,2,2,2,2,2,2,2,2,2,2,2
2495,2,2,2,2,2,2,2,2,2,2,2,2,2,2,2,2,2,2,2,2,2,2,2,2
2496,13,13,13,13,2,2,2,2,2,2,2,2,2,2,2,7,7,7,7,7,2,2,7,2
2497,2,2,2,2,2,2,2,2,2,2,2,2,2,2,2,2,2,2,2,2,2,2,2,2
2498,13,13,13,13,13,13,13,13,13,2,7,7,7,7,7,7,7,7,7,7,7,7,7,7
2499,13,13,13,13,2,2,2,2,2,2,2,2,2,2,2,7,7,7,7,7,2,2,2,2
2500,13,13,13,13,13,13,13,13,13,2,7,7,7,7,7,7,7,7,7,7,7,7,7,7
2501,13,13,13,13,13,13,13,13,13,2,7,7,7,7,7,7,7,7,7,7,7,7,7,7
2502,13,13,13,13,2,2,2,2,2,2,2,2,2,2,2,7,7,2,2,7,2,2,2,2
2503,2,2,2,2,2,2,2,2,2,2,2,2,2,2,2,2,2,2,2,2,2,2,2,2
2504,13,13,13,13,13,13,13,13,13,2,7,7,7,7,7,7,7,7,7,7,7,7,7,7
2505,13,13,13,13,2,2,2,2,2,2,2,2,2,2,2,2,2,2,2,2,2,2,2,2
2506,2,2,2,2,2,2,2,2,2,2,2,2,2,2,2,2,2,2,2,2,2,2,2,2
2507,13,13,13,13,2,2,2,2,2,2,2,2,2,2,2,2,2,2,2,2,2,2,2,2
2508,2,13,13,2,2,2,2,2,2,2,2,2,2,2,2,7,7,2,2,2,2,2,2,2
2509,2,2,2,2,2,2,2,2,2,2,2,2,2,2,2,2,2,2,2,2,2,2,2,2
2510,2,13,2,2,2,2,2,2,2,2,2,2,2,2,2,2,2,2,2,2,2,2,2,2
2511,13,13,13,13,13,13,13,13,2,2,7,7,7,7,7,7,7,7,7,7,7,7,7,2
2512,13,13,13,13,2,2,2,2,2,2,2,2,2,2,2,2,7,2,2,2,2,2,2,2
2513,13,13,13,13,2,2,13,2,2,2,2,7,7,7,7,7,7,7,7,7,2,2,2,2
2514,13,13,13,13,2,2,2,2,2,2,2,2,2,2,2,2,2,2,2,2,2,2,2,2
2515,13,13,13,13,2,2,2,2,2,2,2,2,2,2,2,7,7,7,7,7,2,2,2,2
2516,13,13,13,13,2,2,2,2,13,2,2,7,2,2,2,7,7,7,7,7,2,2,7,2
2517,13,13,13,13,2,2,2,2,2,2,2,2,2,2,2,7,7,2,2,2,2,2,2,2
2518,2,13,13,13,2,2,2,2,2,2,2,2,2,2,2,2,2,2,2,2,2,2,2,2
2519,13,13,13,2,2,2,2,2,2,2,2,2,2,2,2,2,2,2,2,2,2,2,2,2
2520,13,13,13,13,2,2,2,2,2,2,2,2,2,2,2,7,7,7,7,7,2,2,2,2
2521,13,13,13,13,2,2,2,2,2,2,2,7,2,7,7,7,7,7,7,7,2,2,2,2
2522,2,2,2,2,2,2,2,2,2,2,2,2,2,2,2,2,2,2,2,2,2,2,2,2
2523,13,13,13,13,2,2,2,2,2,2,2,7,2,2,2,7,7,7,7,7,7,2,2,2
2524,13,13,13,13,13,13,13,13,13,2,7,7,7,7,7,7,7,7,7,7,7,7,7,7
2525,13,13,13,13,2,2,2,2,2,2,2,7,2,2,2,7,7,7,7,7,2,2,2,2
2526,13,13,13,13,13,13,13,13,13,2,7,7,7,7,7,7,7,7,7,7,7,7,7,7
2527,2,2,2,2,2,2,2,2,2,2,2,2,2,2,2,2,2,2,2,2,2,2,2,2
2528,13,13,13,13,2,2,2,2,2,2,2,7,2,2,2,7,7,7,7,7,2,2,2,2
2529,13,13,13,13,2,2,2,2,2,2,2,2,2,2,2,2,2,2,2,2,2,2,2,2
2530,13,13,13,13,2,2,2,2,2,2,2,2,2,2,2,7,7,7,7,7,2,2,2,2
2531,2,13,13,2,2,2,2,2,2,2,2,2,2,2,2,7,7,7,7,7,2,2,2,2
2532,2,2,2,2,2,2,2,2,2,2,2,2,2,2,2,2,2,2,2,2,2,2,2,2
2533,2,2,2,2,2,2,2,2,2,2,2,2,2,2,2,2,2,2,2,2,2,2,2,2
2534,13,13,13,13,2,2,2,2,2,2,2,2,2,2,2,7,7,7,7,7,2,2,2,2
2535,2,2,2,2,2,2,2,2,2,2,2,2,2,2,2,2,2,2,2,2,2,2,2,2
2536,2,2,2,2,2,2,2,2,2,2,2,2,2,2,2,2,2,2,2,2,2,2,2,2
2537,2,2,2,2,2,2,2,2,2,2,2,2,2,2,2,2,2,2,2,2,2,2,2,2
2538,13,13,13,13,2,2,13,13,13,2,7,7,7,7,2,2,7,7,7,7,7,7,7,2
2539,2,2,2,2,2,2,2,2,2,2,2,2,2,2,2,2,2,2,2,2,2,2,2,2
2540,2,2,2,2,2,2,2,2,2,2,2,2,2,2,2,2,2,2,2,2,2,2,2,2
2541,2,2,2,2,2,2,2,2,2,2,2,2,2,2,2,2,2,2,2,2,2,2,2,2
2542,2,2,2,2,2,2,2,2,2,2,2,2,2,2,2,2,2,2,2,2,2,2,2,2
2543,2,2,2,2,2,2,2,2,2,2,2,2,2,2,2,2,2,2,2,2,2,2,2,2
2544,2,2,2,2,2,2,2,2,2,2,2,2,2,2,2,2,2,2,2,2,2,2,2,2
2545,2,2,2,2,2,2,2,2,2,2,2,2,2,2,2,2,2,2,2,2,2,2,2,2
2546,13,13,13,13,2,2,2,2,2,2,2,2,2,2,2,7,7,7,7,7,2,2,2,2
2547,13,13,13,13,13,13,13,7,7,7,7,7,7,7,5,5,5,5,5,1,7,7,7,5
2548,13,13,13,13,2,2,13,2,2,2,2,2,2,2,2,7,7,7,7,7,2,2,2,7
2549,13,13,13,13,2,2,2,2,2,2,2,2,2,2,2,7,7,2,2,2,2,2,2,2
2550,13,13,13,13,13,13,13,13,13,2,7,7,7,7,7,7,7,7,7,7,7,7,7,7
2551,13,13,13,13,2,2,2,2,2,2,2,2,2,2,2,7,7,7,7,7,2,2,2,2
2552,13,13,13,13,13,13,13,13,13,2,7,7,7,7,7,7,7,7,7,7,7,7,7,7
2553,13,13,13,13,13,13,13,13,2,2,7,7,7,7,7,7,7,7,7,7,7,7,7,7
2554,13,13,13,13,13,13,13,13,13,2,7,7,7,7,7,7,7,7,7,7,7,7,7,2
2555,13,13,13,13,2,2,2,2,2,2,2,2,2,2,2,7,7,7,7,7,2,2,2,2
2556,13,13,13,13,2,2,2,2,2,2,2,2,2,2,2,7,7,7,7,7,2,2,2,2
2557,2,2,2,2,2,2,2,2,2,2,2,2,2,2,2,2,2,2,2,2,2,2,2,2
2558,2,2,2,2,2,2,2,2,2,2,2,2,2,2,2,2,2,2,2,2,2,2,2,2
2559,2,2,2,2,2,2,2,2,2,2,2,2,2,2,2,2,2,2,2,2,2,2,2,2
2560,13,13,13,13,2,2,2,2,2,2,2,2,2,2,2,7,7,7,2,2,2,2,2,2
2561,13,13,13,13,2,2,2,2,2,2,2,2,2,2,2,2,2,2,2,2,2,2,2,2
2562,13,13,13,13,2,2,2,2,2,2,2,2,2,2,2,7,7,7,7,7,2,2,2,2
2563,2,2,2,2,2,2,2,2,2,2,2,2,2,2,2,2,2,2,2,2,2,2,2,2
2564,2,2,2,2,2,2,2,2,2,2,2,2,2,2,2,2,2,2,2,2,2,2,2,2
2565,13,13,13,13,2,2,2,2,2,2,2,7,2,2,2,7,7,7,7,7,2,2,2,2
2566,2,2,2,2,2,2,2,2,2,2,2,2,2,2,2,2,2,2,2,2,2,2,2,2
2567,2,2,2,2,2,2,2,2,2,2,2,2,2,2,2,2,2,2,2,2,2,2,2,2
2568,13,13,13,13,2,2,2,2,13,2,2,7,7,7,7,7,7,7,7,7,7,7,7,2
2569,13,13,13,13,2,2,2,2,2,2,2,2,2,2,2,7,7,7,7,7,2,2,2,2
2570,13,13,13,13,13,13,13,13,13,2,7,7,7,7,7,7,7,7,7,7,7,7,7,7
2571,13,13,13,13,13,13,13,7,7,7,7,7,7,7,5,5,5,5,5,5,7,7,7,5
2572,13,13,13,13,13,13,13,13,2,2,7,7,7,7,7,7,7,7,7,7,7,7,2,2
2573,2,2,2,2,2,2,2,2,2,2,2,2,2,2,2,2,2,2,2,2,2,2,2,2
2574,2,13,13,2,2,2,2,2,2,2,2,2,2,2,2,2,2,2,2,2,2,2,2,2
2575,13,13,13,13,2,2,2,2,2,2,2,2,2,2,2,7,7,2,7,7,2,2,2,2
2576,13,13,13,13,13,13,13,2,2,2,2,7,2,2,2,7,7,7,7,7,2,2,2,2
2577,13,13,13,13,2,2,2,2,2,2,2,2,2,2,2,7,7,2,2,2,2,2,2,2
2578,13,13,13,13,2,2,2,2,2,2,2,2,2,2,2,7,7,7,2,2,2,2,2,2
2579,13,13,13,13,2,2,2,2,2,2,2,2,2,2,2,2,2,2,2,2,2,2,2,2
2580,13,13,13,13,2,2,2,2,2,2,2,2,2,2,2,7,7,7,7,7,2,2,2,2
2581,13,13,13,13,2,2,2,2,2,2,2,2,2,2,2,7,7,7,7,7,2,2,2,2
2582,13,13,13,13,2,2,2,13,2,2,2,7,7,7,7,7,7,7,7,7,7,7,7,7
2583,13,13,13,13,2,2,2,2,2,2,2,2,2,2,2,2,2,2,2,2,2,2,2,2
2584,13,13,13,13,2,2,2,2,2,2,2,2,2,2,2,7,7,7,7,7,2,2,2,2
2585,13,13,13,13,13,13,13,2,13,2,2,7,2,2,2,7,7,7,7,7,7,7,7,7
2586,13,13,13,13,13,13,13,13,13,2,7,7,7,7,7,7,7,7,7,7,7,7,7,7
2587,13,13,13,13,2,2,13,13,13,2,7,7,7,7,7,7,7,7,7,7,7,7,7,7
2588,13,13,13,13,13,13,13,13,7,2,7,7,7,7,7,7,7,7,7,7,7,7,7,7
2589,13,13,13,13,2,2,2,2,2,2,2,7,2,7,7,7,7,7,7,7,7,7,7,2
2590,13,13,13,13,13,13,13,13,13,2,7,7,7,7,7,7,7,7,7,7,7,7,7,7
2591,5,13,13,13,13,11,11,11,7,7,7,7,7,7,5,5,5,19,19,19,19,7,7,7
2592,13,13,13,13,13,13,13,13,13,2,7,7,7,7,7,7,7,7,7,7,7,7,7,7
2593,5,9,9,10,10,11,11,11,10,0,10,10,11,14,10,11,11,11,11,11,11,11,11,19
2595,13,13,13,13,10,11,11,11,11,11,11,11,11,14,11,11,5,19,5,5,7,7,7,7
2596,10,13,13,13,13,13,13,11,7,7,7,7,7,7,5,5,5,19,19,19,19,7,7,7
2597,13,13,13,13,13,13,13,13,7,7,7,7,7,7,7,7,7,19,5,7,7,7,7,7
2598,5,13,13,13,13,11,11,11,11,11,11,11,11,11,11,11,11,11,19,19,19,19,19,7
2599,13,13,13,13,2,2,2,2,2,2,2,7,2,7,7,7,7,7,7,7,2,2,2,2
2600,7,7,13,13,2,2,13,2,7,5,5,5,5,5,5,5,5,5,5,1,5,5,5,5
2601,5,13,13,13,13,11,13,7,7,7,7,7,7,3,3,5,11,19,19,19,19,7,7,7
2602,13,13,13,13,13,13,13,13,13,2,7,7,7,7,7,7,7,7,7,7,7,7,7,7
2604,13,13,13,13,13,13,13,13,13,7,7,7,7,7,5,7,7,7,7,7,7,7,7,7
2605,13,13,13,13,2,2,2,2,2,2,2,7,7,7,7,7,7,7,7,7,7,7,7,2
2606,13,13,13,13,13,13,13,7,7,7,7,7,7,7,5,5,7,5,5,5,7,7,7,7
2607,5,13,13,13,13,11,13,7,9,11,11,3,7,3,11,5,5,19,19,19,19,7,7,7
2618,0,0,0,6,6,6,12,12,12,0,12,0,9,9,4,4,16,4,4,0,16,16,0,0
2619,5,10,9,10,10,11,11,11,11,11,11,14,14,14,11,14,14,19,19,19,19,19,7,7
2620,10,10,10,7,7,7,7,7,7,7,5,3,14,14,5,5,5,1,1,1,18,18,18,1
2621,10,10,10,7,7,7,7,7,7,7,5,3,14,14,5,5,5,1,1,1,18,18,11,11
2644,13,13,13,13,13,13,13,13,7,7,7,7,7,7,7,7,5,5,5,5,7,7,7,7
2646,13,13,13,13,2,2,5,5,5,2,7,7,7,5,5,7,7,7,5,5,5,5,7,2
2647,5,9,9,13,13,11,11,11,7,11,11,7,7,7,11,11,17,19,19,19,19,19,7,7
2648,5,13,13,13,13,13,13,7,7,7,7,7,7,7,5,5,5,5,5,5,7,7,7,7
2649,13,13,13,13,13,13,13,13,13,2,7,7,7,7,7,7,7,7,7,7,7,7,7,7
2651,13,13,13,13,13,13,13,13,13,2,7,7,7,7,7,7,7,7,7,7,7,7,7,7
2652,13,13,13,13,13,13,13,7,7,7,7,7,7,7,5,5,5,5,5,5,7,7,7,11
2710,5,6,6,3,10,11,11,11,11,11,11,11,11,11,11,11,17,19,19,19,19,19,19,19
2808,13,13,13,13,13,13,13,13,13,2,7,7,7,7,7,7,7,7,7,7,7,7,7,7
2809,3,7,7,7,3,5,5,15,5,5,5,3,11,5,5,5,6,1,1,1,5,5,5,5
2813,5,9,9,10,10,11,11,9,14,14,14,14,11,14,11,11,14,14,14,19,11,11,11,11
2814,13,13,13,13,13,13,13,13,13,2,7,7,7,7,7,7,7,7,7,7,7,7,7,7
2872,1,1,1,1,1,1,1,1,9,9,9,9,9,9,1,1,1,1,1,1,1,1,1,1
2876,5,5,5,5,5,5,5,5,5,5,5,17,17,17,5,5,5,5,5,5,5,5,5,5
2879,10,10,10,10,10,7,7,7,14,14,14,14,14,14,14,14,14,14,14,14,11,11,11,11
2880,10,10,10,1,1,1,1,1,1,1,1,1,14,1,1,1,1,1,1,1,11,11,11,1
2881,5,5,5,5,5,5,5,5,5,5,5,17,17,17,17,17,17,17,17,17,17,17,17,17
2882,10,10,10,10,10,7,1,1,14,14,14,14,14,14,14,14,14,14,1,1,11,11,11,11
2883,5,9,9,10,10,11,11,11,11,11,11,11,11,14,11,11,11,19,19,19,19,19,19,19
2884,5,6,15,15,13,5,15,11,5,5,11,3,7,11,11,11,5,19,19,19,19,19,19,19
2885,3,3,7,7,3,15,3,3,3,3,3,3,11,11,3,17,6,6,5,1,6,19,6,6
2886,10,10,10,10,10,9,9,9,11,10,10,10,14,14,14,14,14,8,3,19,19,8,8,11
2887,7,7,7,7,7,5,5,5,5,5,5,5,5,5,5,5,5,5,5,5,5,5,5,5
3005,1,1,5,5,5,5,5,5,5,5,5,17,17,17,17,17,17,5,5,17,17,17,17,17
3007,0,0,15,15,15,15,15,15,6,5,6,11,11,0,11,11,3,18,18,19,18,18,19,19
3009,10,5,5,5,5,5,5,5,5,5,5,5,5,5,5,5,5,5,5,5,5,5,5,5
3011,7,7,7,7,7,5,5,5,5,5,5,5,5,5,14,5,5,5,5,11,5,11,11,11
3012,20,6,12,12,12,4,12,4,4,4,6,10,8,10,10,8,8,8,16,16,8,8,8,8
3013,13,13,13,13,13,13,13,7,7,7,7,7,7,7,5,5,5,5,5,5,7,7,7,7
