t,date,K,SW,CH,S_Dbw,WB,AVI,AVU,ANUI,modularity,density_modularity,MQ,conductance,method,Kset
0,2023-01,4,0.23230661397502553,473.7882870756474,0.8155347960417103,5.6621633329621295,0.8331408277797375,0.5108175951038197,0.584421132455402,0.4787775045093549,11.646474595739631,3.33256331111895,0.1668591722202625,kefrin_warm,4
1,2023-02,4,0.2347441537327984,485.3064719045123,0.8120131852239305,5.527778469837719,0.8590401176021019,0.5098888295923545,0.5973791242896752,0.5006325862420785,12.305441551124062,3.4361604704084074,0.1409598823978982,kefrin_warm,4
2,2023-03,4,0.2336628365189625,487.1949254460369,0.812619710049096,5.506351824602094,0.8476580432988983,0.5133375079443785,0.590647039942401,0.4940433390276797,12.036619964680892,3.390632173195593,0.15234195670110176,kefrin_warm,4
3,2023-04,4,0.22979287662593015,476.4935554173302,0.8151465297362394,5.630016683682302,0.8380241336070805,0.5159113648215436,0.5850709475915494,0.4875976784621602,11.963747047386022,3.352096534428322,0.16197586639291944,kefrin_warm,4
4,2023-05,4,0.2300714450924145,475.1305174141559,0.8135110482044725,5.646167880915703,0.8243348482406203,0.5158944751798177,0.5783710928032614,0.4811685808336104,11.49211191947372,3.2973393929624812,0.17566515175937966,kefrin_warm,4
5,2023-06,4,0.22876896576216618,473.7838787180518,0.807161729709475,5.662216016985075,0.8175662547807735,0.5150705277991005,0.5753034910447765,0.4819768049367307,11.449235951604082,3.270265019123094,0.18243374521922656,kefrin_warm,4
6,2023-07,4,0.22934019425350355,473.3392062336301,0.803553596616525,5.667535313655298,0.833351522499028,0.5103156934464288,0.5846963330202718,0.48451228307360616,11.757300683575867,3.333406089996112,0.166648477500972,kefrin_warm,4
7,2023-08,4,0.22978398830849148,473.2422856855387,0.8013381473098883,5.668696031210643,0.8250658249839139,0.5142386607017502,0.5792859504550106,0.48216820746217287,11.597507128176893,3.3002632999356556,0.17493417501608616,kefrin_warm,4
8,2023-09,4,0.23277281747157386,483.3200677683602,0.8030769711111228,5.55049716651199,0.8122309556989702,0.5178345298900565,0.5717515483069835,0.47209590806859514,11.164314471844891,3.2489238227958808,0.18776904430102986,kefrin_warm,4
9,2023-10,4,0.231355700143083,481.4557391095606,0.8047103658355625,5.571990213738414,0.8047881763709109,0.5236320250342429,0.5661888938770221,0.47042157463498824,11.06507745262735,3.2191527054836437,0.19521182362908904,kefrin_warm,4
10,2023-11,4,0.23113037572496686,488.93322465111606,0.805225378766405,5.486775149266885,0.7929557107279752,0.5296918977507288,0.5584107785170197,0.47100383927401324,10.723272148211912,3.171822842911901,0.20704428927202487,kefrin_warm,4
11,2023-12,4,0.23076298813207205,491.2627251442229,0.8033154314436636,5.4607576137169795,0.816576706875199,0.5242546957137257,0.5717947193676046,0.4851241449537984,11.194552563684862,3.266306827500796,0.183423293124801,kefrin_warm,4
12,2024-01,4,0.2339409451183944,497.6110617953091,0.7919352045579332,5.391091301282556,0.7957628786547124,0.5259073315247643,0.5609899634512757,0.47232807906372126,10.514441926882176,3.1830515146188496,0.20423712134528754,kefrin_warm,4
13,2024-02,4,0.2338988014089402,498.03532199474097,0.7885081956249019,5.386498804787574,0.7865321963879958,0.5267192482917671,0.5561354755070326,0.47040992620974587,10.53966715847114,3.146128785551983,0.21346780361200418,kefrin_warm,4
14,2024-03,4,0.23392231075423628,498.20629852959195,0.7902396666491491,5.384650243451958,0.7919381421310704,0.5303567871089958,0.557699080397264,0.47886218680786485,10.705955940029252,3.1677525685242816,0.2080618578689297,kefrin_warm,4
15,2024-04,4,0.23115477550387956,494.28292704248094,0.7926017196224293,5.4273909129701865,0.773765460713662,0.5240478329705558,0.5505307035630178,0.45977331250913783,10.367340320316153,3.095061842854648,0.226234539286338,kefrin_warm,4
16,2024-05,4,0.2321667291863334,499.8147990951614,0.7837821226498927,5.367321398892602,0.7815985357507471,0.5233894849543808,0.5546869470368212,0.4688949749400519,10.538670577153361,3.1263941430029885,0.21840146424925283,kefrin_warm,4
17,2024-06,4,0.22998898401328743,494.3638878221172,0.78444595005474,5.426502082271731,0.7757728467495673,0.525654325034616,0.5510578671653489,0.45412154660664616,10.368979623273393,3.103091386998269,0.2242271532504328,kefrin_warm,4
18,2024-07,4,0.2300500329636154,493.57079512024967,0.7834212623838993,5.43522164031825,0.7984938945262465,0.5195780260958088,0.5643545469327188,0.46684937171837115,10.953094101294186,3.193975578104986,0.20150610547375353,kefrin_warm,4
19,2024-08,4,0.23288195633190184,500.11760551372134,0.7843631429965362,5.364071644530546,0.8042624734619988,0.5227382329865324,0.5662150522346198,0.4693560226089673,10.99803550167583,3.217049893847995,0.1957375265380013,kefrin_warm,4
20,2024-09,4,0.23541292556751617,510.9971171041236,0.7852303957866441,5.249866539110105,0.7896754844171073,0.5250641318247248,0.5582204054904947,0.4629181456746748,10.375975953611707,3.1587019376684293,0.2103245155828926,kefrin_warm,4
21,2024-10,4,0.23523567587879712,508.59459957402595,0.7838939756057403,5.274666048191501,0.7802780861028247,0.5271346202270374,0.5528744256052424,0.46307127763745004,10.372239617884341,3.1211123444112987,0.21972191389717532,kefrin_warm,4
22,2024-11,4,0.2369792646314662,511.43714736868696,0.7810673415201504,5.245349659227578,0.7710120589919747,0.5289844797153721,0.5476508079166137,0.4609425933894543,10.13094799629591,3.0840482359678987,0.22898794100802533,kefrin_warm,4
23,2024-12,4,0.2357483605717955,505.3578830862387,0.7828503992416939,5.3084492326181305,0.7833373372001724,0.5289862119920683,0.5538400570194094,0.4694574100338324,10.42098536455081,3.1333493488006896,0.2166626627998276,kefrin_warm,4
0,2023-01,4,0.23230661397502553,473.7882870756474,0.8155347960417103,5.6621633329621295,0.8331408277797375,0.5108175951038197,0.584421132455402,0.4787775045093549,11.646474595739631,3.33256331111895,0.1668591722202625,kefrin_fixed0.5,4
1,2023-02,4,0.23538835478980596,485.7256486302078,0.8120471050590836,5.523008048333539,0.8496053471719842,0.5102131894182261,0.5926873299574218,0.4951570926648691,12.09150265393724,3.398421388687937,0.15039465282801584,kefrin_fixed0.5,4
2,2023-03,4,0.23524722573994078,487.09621803201827,0.8122199628173726,5.507467657017052,0.8374614872855709,0.5131486042317142,0.5857430040261682,0.4880878515060383,11.866518486716261,3.3498459491422836,0.1625385127144291,kefrin_fixed0.5,4
3,2023-04,4,0.23039501930507783,475.95669460564255,0.8118335056390955,5.636367125562568,0.8305857482120136,0.5194037986335333,0.5802572991631992,0.48184464311209474,11.81750375224059,3.3223429928480543,0.1694142517879864,kefrin_fixed0.5,4
4,2023-05,4,0.23003029126489116,474.74890395918646,0.8117809762754822,5.650706392988938,0.8206856588602703,0.51757284747437,0.5760149088330538,0.4775173879433304,11.445218932094926,3.2827426354410814,0.17931434113972977,kefrin_fixed0.5,4
5,2023-06,4,0.22775226440043042,472.5353504137873,0.8085571480791832,5.677176669041846,0.816248784520932,0.513514035664104,0.5751652675046923,0.476071711427863,11.455513188533935,3.264995138083728,0.1837512154790681,kefrin_fixed0.5,4
6,2023-07,4,0.22909085864971188,473.400519819822,0.804803549688808,5.666801269436078,0.8243565613333291,0.5108240110693126,0.5800829699649878,0.47880324840855076,11.575195594928514,3.2974262453333165,0.17564343866667081,kefrin_fixed0.5,4
7,2023-08,4,0.228281139375091,472.66606507935563,0.8007517433520731,5.67560665946322,0.8234008133843713,0.512590808931221,0.5790166106362696,0.4805120389537141,11.58566210168022,3.2936032535374853,0.1765991866156286,kefrin_fixed0.5,4
8,2023-09,4,0.23235545480993144,482.82821252436224,0.8034190386425675,5.556151436638153,0.8098914594318767,0.5169012647318149,0.5708953156970491,0.4677038206215087,11.120975501637474,3.2395658377275067,0.19010854056812332,kefrin_fixed0.5,4
9,2023-10,4,0.23221221876180353,480.2122548161773,0.8025544335381138,5.586418588366883,0.8057593891576182,0.5202756966600857,0.5677492402676914,0.4684773483620921,11.117758013196669,3.223037556630473,0.19424061084238167,kefrin_fixed0.5,4
10,2023-11,4,0.23283957890655993,486.8898273603091,0.8008462686142493,5.509802250769627,0.794846717098704,0.523126357224026,0.5614096339733872,0.465899641667554,10.773319041149117,3.179386868394816,0.20515328290129597,kefrin_fixed0.5,4
11,2023-12,4,0.23331732800822363,491.2692204512573,0.8003857511458441,5.460685414409826,0.8054734752065046,0.5233026301978805,0.5666337358258385,0.4756007043066848,11.00908852101428,3.2218939008260183,0.19452652479349541,kefrin_fixed0.5,4
12,2024-01,4,0.23464281649915045,494.79197122830067,0.7945991668049941,5.421807189003204,0.8055564924051819,0.5246926551754159,0.5662288043696133,0.4786002284891342,10.697198496491868,3.2222259696207276,0.1944435075948181,kefrin_fixed0.5,4
13,2024-02,4,0.23493094285283103,495.67781888779905,0.793149521537023,5.412117638602489,0.7979893890485217,0.5251272149422108,0.5623421789981684,0.4758601507531026,10.762465500921332,3.1919575561940867,0.20201061095147832,kefrin_fixed0.5,4
14,2024-03,4,0.23431329588576227,497.8393663424272,0.7932330765314747,5.38861899647658,0.7900360140175341,0.5303829549044377,0.556746982709652,0.47580654191501126,10.68480573497606,3.1601440560701364,0.20996398598246596,kefrin_fixed0.5,4
15,2024-04,4,0.2297196030807758,493.5058192037697,0.7959396641721472,5.435937251955661,0.7766527393249947,0.5212314966344479,0.5528502034219691,0.4595645241332358,10.46907910114683,3.1066109572999787,0.22334726067500532,kefrin_fixed0.5,4
16,2024-05,4,0.23206011901492846,498.5422942583064,0.7865558210886086,5.381021224403309,0.7795104086798246,0.5236439991989241,0.55355644606987,0.46474736578449605,10.504505582110156,3.1180416347192983,0.22048959132017554,kefrin_fixed0.5,4
17,2024-06,4,0.23023100777384897,493.96157713275966,0.7860057939272155,5.4309217373513645,0.7707977855170776,0.526418417130041,0.5483130879706766,0.4509395236989293,10.26803655844077,3.0831911420683102,0.2292022144829225,kefrin_fixed0.5,4
18,2024-07,4,0.23061274448842403,493.26067377562873,0.7830863994019478,5.43863885627124,0.7850955925447646,0.5245486610204401,0.5560872663703041,0.45875117231108614,10.663498484591965,3.1403823701790583,0.2149044074552355,kefrin_fixed0.5,4
19,2024-08,4,0.232535913230912,499.797901225608,0.782140958368852,5.3675028648343925,0.7944023331721597,0.5247442558336266,0.5606788392944181,0.4652823025959353,10.778210630250278,3.1776093326886388,0.20559766682784034,kefrin_fixed0.5,4
20,2024-09,4,0.23645560442108127,510.41854017342683,0.782396288648229,5.255817442985451,0.784778091159277,0.5259865507130748,0.5554839249932376,0.4567232436166028,10.293281475435391,3.139112364637108,0.21522190884072293,kefrin_fixed0.5,4
21,2024-10,4,0.23640342834508934,507.98125478252325,0.7834784907066344,5.28103476537765,0.7825498533638338,0.5286465089216639,0.5535503603771803,0.4612069893827531,10.410341419731719,3.130199413455335,0.21745014663616632,kefrin_fixed0.5,4
22,2024-11,4,0.23691455675093515,510.3767879932041,0.778320557261411,5.256247403442626,0.774102400658041,0.5302577482782048,0.5488243758252761,0.461712649424059,10.161177608085927,3.096409602632164,0.22589759934195897,kefrin_fixed0.5,4
23,2024-12,4,0.23684439172074923,505.4121294738011,0.7834607079182183,5.307879471471464,0.771939025520755,0.5305988178570278,0.547633752684161,0.45907355086616125,10.19411128001869,3.08775610208302,0.228060974479245,kefrin_fixed0.5,4
0,2023-01,4,0.23230661397502553,473.7882870756474,0.8155347960417103,5.6621633329621295,0.8331408277797375,0.5108175951038197,0.584421132455402,0.4787775045093549,11.646474595739631,3.33256331111895,0.1668591722202625,kefrin_t_affect,4
1,2023-02,4,0.2350984710947968,485.69429638775154,0.8113383428584938,5.523364566185833,0.8504659978310283,0.510154165907755,0.5931268011292716,0.49610841276620854,12.116441985576017,3.401863991324113,0.14953400216897167,kefrin_t_affect,4
2,2023-03,4,0.23521325805459603,487.16436474541985,0.8108999030430101,5.5066972479987575,0.8419306747417997,0.5125205631906102,0.5881429863941334,0.49122209908576236,11.960199419009715,3.367722698967199,0.1580693252582003,kefrin_t_affect,4
3,2023-04,4,0.23056452489401957,476.01046608389106,0.8116606060300829,5.6357304257126986,0.8321385370105776,0.5194849569252327,0.5809873288815733,0.48350253174381885,11.849222997108068,3.3285541480423104,0.16786146298942237,kefrin_t_affect,4
4,2023-05,4,0.2295867851719727,474.6519657180211,0.8121542326994353,5.651860437591388,0.8210650595303699,0.5173804330244713,0.576265674490969,0.47795071206110884,11.445422887648066,3.2842602381214796,0.1789349404696302,kefrin_t_affect,4
5,2023-06,4,0.22765977303535917,473.0271104031948,0.8073067864780089,5.671274664109713,0.8164517212005457,0.5139210541464865,0.5751313595280434,0.47793260001298005,11.450674121372085,3.2658068848021826,0.18354827879945435,kefrin_t_affect,4
6,2023-07,4,0.22904060011309943,473.1516051424373,0.804102357700256,5.669782449240722,0.8294248523651258,0.5111136246967233,0.5824897661700051,0.48176129233999976,11.679967423882221,3.317699409460503,0.1705751476348743,kefrin_t_affect,4
7,2023-08,4,0.22850956163714756,472.62550066026984,0.8008585447339358,5.676093784442255,0.8240995053919714,0.5124998159505758,0.5793925657530948,0.4807381624604433,11.604635561546374,3.2963980215678856,0.17590049460802867,kefrin_t_affect,4
8,2023-09,4,0.2319360411739519,482.7588703611439,0.802948495797894,5.556949507027822,0.8114844996745298,0.5152088925466694,0.5722400663717114,0.4692536527984005,11.154548756032177,3.2459379986981194,0.18851550032547013,kefrin_t_affect,4
9,2023-10,4,0.2323015365192085,480.08958739694594,0.8027512503175588,5.587845971024141,0.8078318622859477,0.5192693152673792,0.5691031606630887,0.46947032723609294,11.158022516273043,3.231327449143791,0.19216813771405233,kefrin_t_affect,4
10,2023-11,4,0.2316281062286645,487.94606044558316,0.803098692312535,5.497875450038281,0.7947653255780205,0.5235612035065967,0.5612320265233418,0.46931005799233483,10.772521698470134,3.179061302312082,0.20523467442197957,kefrin_t_affect,4
11,2023-12,4,0.23207337773976466,490.85965310446784,0.8020940647655657,5.4652417441523236,0.8122981383324214,0.5221478202290813,0.5703781286462929,0.4799480795919821,11.133831601802193,3.2491925533296855,0.18770186166757866,kefrin_t_affect,4
12,2024-01,4,0.23494496767118547,494.9266414006423,0.79545164501526,5.4203319083303345,0.8080022813113894,0.5238596494000083,0.56770445696294,0.4796625549472617,10.751304652309853,3.2320091252455576,0.19199771868861049,kefrin_t_affect,4
13,2024-02,4,0.23506829862286022,495.5524531098438,0.7929991834773468,5.413486806152544,0.7995315803312139,0.5251125348605973,0.5631122499691302,0.4766302358269663,10.788482201740887,3.1981263213248554,0.2004684196687861,kefrin_t_affect,4
14,2024-03,4,0.2339932170808773,497.745187008709,0.7928265546446568,5.38963858754445,0.7936088453509699,0.5292036418732259,0.5588870681685567,0.4790963076927397,10.75689959559603,3.1744353814038795,0.20639115464903007,kefrin_t_affect,4
15,2024-04,4,0.2297196030807758,493.5058192037697,0.7959396641721472,5.435937251955661,0.7766527393249947,0.5212314966344479,0.5528502034219691,0.4595645241332358,10.46907910114683,3.1066109572999787,0.22334726067500532,kefrin_t_affect,4
16,2024-05,4,0.2319373557567101,498.5592082260821,0.7862549760012595,5.380838669516972,0.7805406985871532,0.5237871936649948,0.5540318543323386,0.4654196071318857,10.524069382981537,3.122162794348613,0.21945930141284675,kefrin_t_affect,4
17,2024-06,4,0.23009813466822648,493.9949085250452,0.7858992726951962,5.430555295957382,0.7709293070519256,0.5266644543329855,0.5483056601594729,0.4511072771031359,10.269607301865607,3.0837172282077026,0.22907069294807442,kefrin_t_affect,4
18,2024-07,4,0.23107671227556462,493.6760229094692,0.7831716074128415,5.434063114624095,0.7870118007302124,0.5228992242326521,0.5575602317156223,0.45829803100527544,10.707462731429874,3.1480472029208495,0.21298819926978763,kefrin_t_affect,4
19,2024-08,4,0.2331679703801822,500.21456354645244,0.7842956073607994,5.363031911040194,0.7994557175952057,0.5226801868569434,0.5638468587368672,0.46574142654047906,10.901975867583445,3.197822870380823,0.20054428240479427,kefrin_t_affect,4
20,2024-09,4,0.23625353212046937,510.2937151148805,0.7834749356505448,5.257103090252108,0.7868081328195264,0.524518784099913,0.5569551626514546,0.45685317782219514,10.316498412724473,3.1472325312781058,0.21319186718047362,kefrin_t_affect,4
21,2024-10,4,0.23620779601876893,508.02363745975833,0.7832059593974323,5.280594186681259,0.7827041301761675,0.5289190931980309,0.5535440158128352,0.46146378023553736,10.406579429657473,3.13081652070467,0.2172958698238326,kefrin_t_affect,4
22,2024-11,4,0.23725819856097427,510.46066892978706,0.7798570746611865,5.255383675868792,0.7744576191095657,0.5281529359190599,0.5496380374828339,0.46153263510577874,10.182614917754865,3.0978304764382627,0.22554238089043427,kefrin_t_affect,4
23,2024-12,4,0.2365411179646046,504.98051692073875,0.7843750470679629,5.312416176023946,0.779363557873596,0.5302867139115164,0.5514548935204162,0.46412863023527723,10.344871939309499,3.117454231494384,0.220636442126404,kefrin_t_affect,4
0,2023-01,4,0.23230661397502553,473.7882870756474,0.8155347960417103,5.6621633329621295,0.8331408277797375,0.5108175951038197,0.584421132455402,0.4787775045093549,11.646474595739631,3.33256331111895,0.1668591722202625,kefrin_t_affect_fe_noreset,4
1,2023-02,4,0.2353001189510705,485.1958271394283,0.8137044881898539,5.529039032513695,0.8456805466946256,0.5114077777746238,0.5903580186850463,0.49218353810430965,12.035830145894552,3.3827221867785022,0.15431945330537444,kefrin_t_affect_fe_noreset,4
2,2023-03,4,0.2352301333448324,487.36980268263056,0.8130301008395605,5.504376044433733,0.8368672069286497,0.5131116063849751,0.5854649027821761,0.48714668251279497,11.86254310926762,3.3474688277145987,0.1631327930713503,kefrin_t_affect_fe_noreset,4
3,2023-04,4,0.23004255767122592,475.45698514737086,0.8121083133234505,5.642290996808381,0.8314838420970831,0.5197880968766694,0.5805659198820462,0.48231010193509694,11.836025149247376,3.3259353683883326,0.16851615790291685,kefrin_t_affect_fe_noreset,4
4,2023-05,4,0.228277134946309,471.92521192095126,0.8110913799735713,5.684516526987373,0.8251186341214312,0.5185302902210216,0.577875273461947,0.480242515002792,11.558077987894762,3.3004745364857246,0.17488136587856892,kefrin_t_affect_fe_noreset,4
5,2023-06,4,0.2252502249006115,466.7316766050646,0.8111678738092486,5.7477707238128275,0.828787289476441,0.5148782384263609,0.5809021058038382,0.4791354578420942,11.678654941918305,3.315149157905764,0.17121271052355908,kefrin_t_affect_fe_noreset,4
6,2023-07,4,0.2263369402629931,471.75378515801464,0.8089829358337666,5.686582177116191,0.811082061949274,0.5125928561266262,0.5728972428364808,0.46582434052432786,11.317423525827568,3.244328247797096,0.18891793805072604,kefrin_t_affect_fe_noreset,4
7,2023-08,4,0.2283700842707186,472.46676658915237,0.801726721259135,5.678000774601485,0.8180562124665238,0.5133394946188482,0.5761200390839141,0.4749899723258031,11.483401729524408,3.2722248498660953,0.18194378753347606,kefrin_t_affect_fe_noreset,4
8,2023-09,4,0.2312160680447231,482.1887139292742,0.8034624573515313,5.5635202342379,0.8103352036934497,0.5150231438303106,0.5717290222018244,0.4668892270390208,11.143047806234028,3.2413408147737988,0.18966479630655042,kefrin_t_affect_fe_noreset,4
9,2023-10,4,0.23131608787742086,479.43836473612566,0.8041392423898668,5.595435960038698,0.8016388330082331,0.5180959460067024,0.5663987869613144,0.4634317430596595,11.015600927912748,3.2065553320329325,0.19836116699176692,kefrin_t_affect_fe_noreset,4
10,2023-11,4,0.23218124335007237,484.904753724461,0.8026272123046746,5.532357944651223,0.7972273292612309,0.5197115871713858,0.5636791261134506,0.4635957632156168,10.830943522538806,3.1889093170449234,0.20277267073876915,kefrin_t_affect_fe_noreset,4
11,2023-12,4,0.232229787047699,490.7051154266002,0.8010657458241194,5.466962911797769,0.8059962955069429,0.5206412746906239,0.567748984997127,0.4742371509197122,11.018313804900686,3.2239851820277714,0.1940037044930571,kefrin_t_affect_fe_noreset,4
12,2024-01,4,0.23424168341978624,494.5260897955922,0.7965326425418309,5.424722217943086,0.8034234824970582,0.5223278231656915,0.5659304999312317,0.4746813070163639,10.654199137223856,3.213693929988233,0.19657651750294175,kefrin_t_affect_fe_noreset,4
13,2024-02,4,0.2344521556520507,494.4794873407688,0.7968353332372959,5.425233473472513,0.7975606937145353,0.5227928954493564,0.5628678440846374,0.472236362903686,10.760819889633284,3.1902427748581412,0.20243930628546472,kefrin_t_affect_fe_noreset,4
14,2024-03,4,0.23354459607696906,498.4547380874172,0.7956489205151824,5.3819664288078055,0.7841553318985501,0.5299209535590936,0.5539618399174369,0.46982514208297094,10.590785473498093,3.1366213275942005,0.2158446681014498,kefrin_t_affect_fe_noreset,4
15,2024-04,4,0.2299100513817953,494.25311169404284,0.7965134721989016,5.42771831516018,0.7704249797056282,0.5225346736103932,0.5492937332492973,0.4554326426914731,10.335349041393044,3.0816999188225127,0.22957502029437182,kefrin_t_affect_fe_noreset,4
16,2024-05,4,0.23307729868209484,499.3449681424402,0.7850851003679873,5.3723714822764075,0.7726035003087028,0.5259628158163212,0.5493636827480503,0.45989313236484053,10.355602770449705,3.0904140012348114,0.22739649969129716,kefrin_t_affect_fe_noreset,4
17,2024-06,4,0.23046745703809277,494.3449877736546,0.7854132975598832,5.426709551053398,0.7671713848332221,0.5283529339103922,0.5458984195769213,0.44954754332940705,10.18302481320678,3.0686855393328885,0.23282861516677789,kefrin_t_affect_fe_noreset,4
18,2024-07,4,0.23030815167646174,493.5337642672058,0.7840067179640453,5.4356294561728,0.7804123359736868,0.5263078554211578,0.5531947180285212,0.4565343349710711,10.555975775475757,3.121649343894747,0.2195876640263133,kefrin_t_affect_fe_noreset,4
19,2024-08,4,0.23272373831603532,500.1892410379352,0.7823389601790008,5.363303419121742,0.7876671192914498,0.529146272870754,0.5559514793183505,0.4606495529437564,10.636241583030909,3.1506684771657993,0.21233288070855016,kefrin_t_affect_fe_noreset,4
20,2024-09,4,0.236477565245402,510.5003101524228,0.7816356722700235,5.254975586333508,0.7822318497629468,0.5288404537113469,0.5533318347273866,0.45621703311218065,10.242715421319227,3.128927399051787,0.21776815023705315,kefrin_t_affect_fe_noreset,4
21,2024-10,4,0.23652604776007027,507.89811717327973,0.7830075298913839,5.281899215529913,0.7799910558626189,0.5312245382600527,0.5514836084509249,0.45961560381278016,10.345131755780614,3.1199642234504754,0.22000894413738123,kefrin_t_affect_fe_noreset,4
22,2024-11,4,0.23687336782906115,509.7987145685446,0.7792605276595339,5.262207592926308,0.7726113072945646,0.528641748459362,0.5485603033902723,0.4590374139092318,10.129731237742341,3.0904452291782585,0.22738869270543532,kefrin_t_affect_fe_noreset,4
23,2024-12,4,0.23634620945108542,505.44990472252084,0.7833120127895825,5.307482782372631,0.766368735224429,0.5312215004435492,0.5446396453365008,0.45566071585300266,10.079141703305023,3.065474940897716,0.233631264775571,kefrin_t_affect_fe_noreset,4
0,2023-01,4,0.23230661397502553,473.7882870756474,0.8155347960417103,5.6621633329621295,0.8331408277797375,0.5108175951038197,0.584421132455402,0.4787775045093549,11.646474595739631,3.33256331111895,0.1668591722202625,kefrin_t_affect_fe,4
1,2023-02,4,0.23503235106269865,485.37903007491497,0.813242663153953,5.526952135226392,0.8449752153258043,0.5113000807155063,0.5900517003832074,0.4922984079026047,12.033759948108276,3.3799008613032173,0.15502478467419564,kefrin_t_affect_fe,4
2,2023-03,4,0.23517370425669637,486.90548307783985,0.8129281758228282,5.509625091319415,0.8380849353340554,0.5139683196982914,0.5857665273612872,0.4879261310640324,11.886235022171258,3.3523397413362215,0.16191506466594463,kefrin_t_affect_fe,4
3,2023-04,4,0.23138373095213186,476.3294982310395,0.8142803340384307,5.631955771434215,0.8347432858412757,0.5180064421143805,0.5827575310453871,0.48375745392341196,11.922598542237791,3.3389731433651026,0.16525671415872442,kefrin_t_affect_fe,4
4,2023-05,4,0.22962739831049545,473.75570760521555,0.8130483451011733,5.662552711453884,0.8271634823096513,0.5154012883524556,0.5799279475879063,0.4813054908352685,11.573201717186603,3.3086539292386052,0.17283651769034863,kefrin_t_affect_fe,4
5,2023-06,4,0.22886579514812588,473.7998841880087,0.8077379744125768,5.662024741234755,0.8158410162772439,0.515587511573999,0.5742781329266915,0.4809301854689873,11.414109178663157,3.2633640651089757,0.18415898372275613,kefrin_t_affect_fe,4
6,2023-07,4,0.22950720519917678,473.3083668784861,0.8035796765235377,5.6679045932762815,0.8336708421157174,0.510381375502343,0.5848310409230029,0.48489261550382806,11.764317468248745,3.3346833684628696,0.16632915788428254,kefrin_t_affect_fe,4
7,2023-08,4,0.22980502352995383,473.0164036604098,0.8005738652977898,5.671403033609421,0.8261093595361356,0.5140278348644917,0.5798710556997847,0.48233206953464214,11.625641519599284,3.3044374381445425,0.17389064046386438,kefrin_t_affect_fe,4
8,2023-09,4,0.2327764023201318,483.31152541944493,0.8030963851331264,5.550595269455861,0.8122737792049706,0.5168080553012753,0.572108543956992,0.47151845358865097,11.16649515226913,3.2490951168198823,0.18772622079502932,kefrin_t_affect_fe,4
9,2023-10,4,0.23166090414762994,481.5482409831237,0.804420937667314,5.570919875420504,0.8031816208717362,0.5242074217547095,0.5652093846787293,0.4690736081739099,11.030400714203804,3.2127264834869447,0.19681837912826378,kefrin_t_affect_fe,4
10,2023-11,4,0.23145651772652828,488.24202001020456,0.8033473799897922,5.4945427814889785,0.7949105036133522,0.524485689336349,0.5610132976524322,0.46972938646535445,10.750002781478017,3.179642014453409,0.2050894963866478,kefrin_t_affect_fe,4
11,2023-12,4,0.23154823752997547,491.39365300924646,0.8035797400009214,5.459302639011064,0.8130390622455342,0.5237508415880452,0.5702216415737137,0.48118205505757145,11.14866159738623,3.252156248982137,0.1869609377544658,kefrin_t_affect_fe,4
12,2024-01,4,0.23276120522670776,497.11971361670464,0.7956380619453323,5.396419802283458,0.7954177130986858,0.5238458463406166,0.5614675227409992,0.47094828021357554,10.538884024105359,3.1816708523947432,0.2045822869013142,kefrin_t_affect_fe,4
13,2024-02,4,0.23243599558157274,496.9941709952173,0.7934353035510461,5.397782958489635,0.7859677954523032,0.5248202122840604,0.5564406134290554,0.4676057790915946,10.567087898518224,3.143871181809213,0.21403220454769675,kefrin_t_affect_fe,4
14,2024-03,4,0.23253283635564712,497.5180219942005,0.7912970420308876,5.392099477952053,0.7932865174015913,0.5327174260157828,0.5576324214007606,0.47817139076288173,10.763309888557162,3.173146069606365,0.20671348259840866,kefrin_t_affect_fe,4
15,2024-04,4,0.23086418738782666,493.6798829151731,0.7990045731867744,5.434020626535471,0.779435834419254,0.5179246825614694,0.5552767049557356,0.4575858955110948,10.563094684919633,3.117743337677016,0.22056416558074599,kefrin_t_affect_fe,4
16,2024-05,4,0.2318358778973297,496.79169013007595,0.7946170853617758,5.399982970657699,0.7778094428757562,0.520195694732859,0.5537535068261371,0.4579327723937989,10.510211559307056,3.1112377715030246,0.2221905571242438,kefrin_t_affect_fe,4
17,2024-06,4,0.22979189227496008,493.921745854885,0.7955447750007079,5.431359702585029,0.7668364772448235,0.5204295547575467,0.5480988106561597,0.4400057340593645,10.278044861089603,3.067345908979294,0.23316352275517657,kefrin_t_affect_fe,4
18,2024-07,4,0.23008587558990626,492.56054437863486,0.7881944573817253,5.446369379932473,0.7978127751351894,0.5156539691609541,0.5652652814462542,0.45680372163044924,11.00335315460968,3.191251100540758,0.20218722486481056,kefrin_t_affect_fe,4
19,2024-08,4,0.2322655487683814,498.41592898017717,0.7868561076917469,5.38238549509392,0.8044267497613825,0.5189428344263176,0.5675162438489202,0.4638363492642264,11.062936429918489,3.21770699904553,0.19557325023861746,kefrin_t_affect_fe,4
20,2024-09,4,0.23628149045493793,509.88374257351137,0.7861682847230714,5.261330069334187,0.7881998123387619,0.5239293397871843,0.5578355016643091,0.45810391589182425,10.363711023282649,3.1527992493550476,0.21180018766123804,kefrin_t_affect_fe,4
21,2024-10,4,0.23558511591475506,508.2009034791689,0.7854886686717746,5.278752257819685,0.7815021579479545,0.5273370164689164,0.5534267031417506,0.4614138490786275,10.400623627239087,3.126008631791818,0.2184978420520455,kefrin_t_affect_fe,4
22,2024-11,4,0.23731446250084515,511.2312493006531,0.7813801042673159,5.247462220543957,0.7725061099714299,0.5284183652385366,0.5485744854742678,0.4614867695966123,10.169103645135024,3.0900244398857195,0.22749389002857012,kefrin_t_affect_fe,4
23,2024-12,4,0.23608899408532993,505.3423681716819,0.783879401193806,5.308612211504249,0.7832456576279704,0.5275931979375587,0.5542217766907656,0.4691679226751304,10.422016318983017,3.1329826305118815,0.21675434237202967,kefrin_t_affect_fe,4
0,2023-01,5,0.16068399634978428,417.58790846202413,0.7814617236026529,6.01969058265633,0.7234609625819022,0.5015938101316528,0.53083109522971,0.47174927530734645,13.074048961604856,3.617304812909511,0.2765390374180979,kefrin_warm,5
1,2023-02,5,0.16087957849020154,424.7669403655979,0.7780726428622917,5.917951142422735,0.7463649432252545,0.5039312936836491,0.5423704033129305,0.492988464424877,13.733075590801004,3.7318247161262725,0.25363505677474557,kefrin_warm,5
2,2023-03,5,0.16217057701580181,426.10024918964956,0.7760870919169435,5.899433301859381,0.7349341229738575,0.5066440108883975,0.5355296666845952,0.48252148237135056,13.410914734819203,3.6746706148692874,0.2650658770261424,kefrin_warm,5
3,2023-04,5,0.15864990778386326,417.416412716809,0.7799614202695769,6.022163775590258,0.7564178896676905,0.49541609019041355,0.5502255065767122,0.5020368803451405,14.146768401978305,3.7820894483384526,0.24358211033230942,kefrin_warm,5
4,2023-05,5,0.1558364040839866,416.4406179845204,0.7761949779486088,6.036274780702201,0.7561421441087356,0.4984054930790818,0.5491765172633556,0.5064066933251854,13.93072032942304,3.780710720543678,0.24385785589126446,kefrin_warm,5
5,2023-06,5,0.15412257055265996,414.48053444935846,0.7722816487193119,6.06482039823545,0.7552403632281832,0.4970506153400304,0.5491088982929263,0.5059540254391769,14.006707381452532,3.776201816140916,0.24475963677181672,kefrin_warm,5
6,2023-07,5,0.15075563297509992,412.8749157307831,0.771241183610339,6.088405723439738,0.7758118625857039,0.4942872988957483,0.560770849773346,0.5273404143857858,14.511948016350013,3.8790593129285194,0.22418813741429613,kefrin_warm,5
7,2023-08,5,0.15093342202934876,411.44207335852514,0.7698118580843327,6.10960852758865,0.7786796190067422,0.4971819539396928,0.5613539780540301,0.5394335928525961,14.567080185307535,3.893398095033711,0.22132038099325765,kefrin_warm,5
8,2023-09,5,0.14952459724550432,417.81879050547707,0.7717221057744332,6.0163641682052305,0.759391202967199,0.5162958777162411,0.5455120103219305,0.5155183684716176,13.847450676455379,3.796956014835995,0.24060879703280103,kefrin_warm,5
9,2023-10,5,0.15329948475067767,417.7537092372306,0.7718983302978375,6.017301449195539,0.7453534812625532,0.5077808744792425,0.5407082532699184,0.5026240833290131,13.590308870038795,3.726767406312766,0.2546465187374468,kefrin_warm,5
10,2023-11,5,0.15664444609743897,423.4907925672299,0.7705030858425779,5.935784305395348,0.745755806463664,0.509568340956492,0.5403974525993052,0.508362355125846,13.427837643567067,3.7287790323183203,0.2542441935363359,kefrin_warm,5
11,2023-12,5,0.15763070761518067,429.1520822751399,0.7676027848280542,5.85748060844401,0.7700275512935282,0.4982299033702682,0.5565187240472528,0.5270355294368492,14.149995024564483,3.850137756467641,0.22997244870647174,kefrin_warm,5
12,2024-01,5,0.15244456952669158,431.36049653592926,0.7663353745760934,5.827492364708511,0.7409921151702457,0.518070665414895,0.5354429239288827,0.5012278719222231,13.092876924394687,3.7049605758512283,0.25900788482975434,kefrin_warm,5
13,2024-02,5,0.15227859026642382,430.672798358226,0.7658629998205077,5.836797702531256,0.7258187224335576,0.5250574855375683,0.5255380014303115,0.4889336818061181,12.955711489882052,3.629093612167788,0.2741812775664424,kefrin_warm,5
14,2024-03,5,0.15318132470702667,430.8087840934995,0.7664231504082071,5.834955304566014,0.7449533517458473,0.5192158888599385,0.5371775707197465,0.5135167979194329,13.514855628664721,3.7247667587292366,0.2550466482541527,kefrin_warm,5
15,2024-04,5,0.1491888841357558,430.26369602290265,0.7667315273887828,5.842347433063919,0.7300384615012805,0.5207169949186246,0.5289583992483073,0.5050472620424956,13.214224022246405,3.6501923075064027,0.26996153849871946,kefrin_warm,5
16,2024-05,5,0.15266090394678755,435.79227466765934,0.7632631242949118,5.7682298336220335,0.7321621918097454,0.5011948946286551,0.5356150579910386,0.5054622714013369,13.301061339302583,3.660810959048727,0.2678378081902546,kefrin_warm,5
17,2024-06,5,0.15466141228938501,432.99039493603084,0.7633803737406484,5.805556034034835,0.7546792604432765,0.4954102248887078,0.5493067483133087,0.5310297444089388,13.870499273920561,3.7733963022163826,0.24532073955672334,kefrin_warm,5
18,2024-07,5,0.1594315664566314,434.8328562065429,0.7595508924203264,5.780956899002095,0.7704609952915364,0.4705988049741072,0.5654435796785523,0.5365025674089522,14.385337731251646,3.8523049764576824,0.2295390047084635,kefrin_warm,5
19,2024-08,5,0.16651752815187076,438.8175040890273,0.7607833148339923,5.72846337389953,0.7863903728385451,0.48335209197569545,0.5698053890068924,0.5594794198596404,14.644453923441855,3.931951864192725,0.213609627161455,kefrin_warm,5
20,2024-09,5,0.1624633386173859,440.908218458476,0.7619011787120513,5.701299941263721,0.7667257294264042,0.5090192883209884,0.5514908725656943,0.5418787672970885,13.719896702677536,3.833628647132021,0.23327427057359573,kefrin_warm,5
21,2024-10,5,0.1645037149034721,443.34706653200004,0.7631143275368089,5.6699371435190535,0.7594611720451553,0.5013797471641198,0.5500239171705018,0.5428477150285203,13.833525654394892,3.7973058602257765,0.24053882795484466,kefrin_warm,5
22,2024-11,5,0.16441162295147227,442.9974833979952,0.7621327779711138,5.674411467799721,0.7501848161898164,0.5078518021846816,0.5432253498056209,0.5382391620789829,13.482703532325473,3.7509240809490816,0.24981518381018364,kefrin_warm,5
23,2024-12,5,0.16062313039046758,438.3554954315815,0.7693462568051036,5.73450093861626,0.7371553224420551,0.5018801032203857,0.5380838791560446,0.5223204050739829,13.226751437322454,3.685776612210275,0.262844677557945,kefrin_warm,5
0,2023-01,5,0.16068399634978428,417.58790846202413,0.7814617236026529,6.01969058265633,0.7234609625819022,0.5015938101316528,0.53083109522971,0.47174927530734645,13.074048961604856,3.617304812909511,0.2765390374180979,kefrin_fixed0.5,5
1,2023-02,5,0.1598468286850257,424.44872522170954,0.7807056509318216,5.92238791313827,0.7310296583863759,0.5079253577609438,0.533089132004961,0.477162487702032,13.371221812457417,3.6551482919318796,0.2689703416136241,kefrin_fixed0.5,5
2,2023-03,5,0.16118386128614245,425.4552190817475,0.7768592106708194,5.908377397333103,0.7320108831192905,0.5103251610705906,0.5329282882351672,0.47764405516549596,13.367678699982735,3.6600544155964525,0.2679891168807095,kefrin_fixed0.5,5
3,2023-04,5,0.16084956607041176,417.59660516705975,0.7774220258789495,6.019565218913532,0.7250916678467733,0.5098425448743437,0.5293866460726651,0.47087354656162356,13.334357070470046,3.6254583392338664,0.27490833215322674,kefrin_fixed0.5,5
4,2023-05,5,0.1606230465136755,416.71763908842985,0.7755746023096058,6.032262050386995,0.7212425135372846,0.5060550496740412,0.5283872779249171,0.4683915670470531,13.05685407785602,3.606212567686423,0.2787574864627153,kefrin_fixed0.5,5
5,2023-06,5,0.1560355544420467,413.94630344918255,0.772958306082644,6.072647536780327,0.7363079836325144,0.5016058363096472,0.5377115465264288,0.48158572550682194,13.525647811402697,3.681539918162572,0.2636920163674857,kefrin_fixed0.5,5
6,2023-07,5,0.15423796302882856,412.55839683182205,0.7719596570566563,6.093076808771685,0.7496604441421106,0.49673817339104154,0.5462464732295425,0.49316459468726426,13.83593646028273,3.748302220710553,0.25033955585788936,kefrin_fixed0.5,5
7,2023-08,5,0.15342502436932812,411.8600125167893,0.7695700126848001,6.103408739875003,0.7489901337278319,0.5039906509348429,0.5437378003025439,0.49793408003261974,13.81076671249755,3.7449506686391594,0.25100986627216815,kefrin_fixed0.5,5
8,2023-09,5,0.1529289639051684,417.37388647130757,0.7699569764689149,6.022777374148942,0.7359970453301139,0.5133617742163848,0.5341700912971078,0.4840445282318364,13.275160506031181,3.6799852266505693,0.26400295466988616,kefrin_fixed0.5,5
9,2023-10,5,0.15502572002978124,417.10503627011923,0.7709938640147951,6.026659429669613,0.7313780672680819,0.5093403267839408,0.5328722962686269,0.48403576557838013,13.2368509926199,3.6568903363404095,0.26862193273191803,kefrin_fixed0.5,5
10,2023-11,5,0.15860970196461044,423.6125013711803,0.770238943762951,5.934078885451462,0.7307143818665583,0.5117241228230699,0.53184476594879,0.489446115358023,13.075114572543672,3.6535719093327916,0.2692856181334417,kefrin_fixed0.5,5
11,2023-12,5,0.1594255365385669,428.62601705493427,0.7676868168737768,5.86466966534565,0.7438536237195866,0.501715144210187,0.5416925430379554,0.4993763011099088,13.461801995002832,3.7192681185979333,0.2561463762804134,kefrin_fixed0.5,5
12,2024-01,5,0.15548381066036912,429.4276091277228,0.7669030806864475,5.853722365699932,0.7356936943356179,0.5074639828921227,0.5356974512537902,0.4924442828936647,12.962540515318098,3.6784684716780895,0.2643063056643821,kefrin_fixed0.5,5
13,2024-02,5,0.15356891007712276,428.2406638651098,0.7665916545716973,5.869946999689406,0.725255838307084,0.5117991659448262,0.5289261931099437,0.4832184311276758,12.902206879488046,3.6262791915354198,0.27474416169291604,kefrin_fixed0.5,5
14,2024-03,5,0.15407078473137825,430.3320826816328,0.7679387773041917,5.841418990504865,0.727982188183746,0.5188422687232607,0.5284009565997105,0.49105093168233876,13.096167086919392,3.6399109409187305,0.2720178118162539,kefrin_fixed0.5,5
15,2024-04,5,0.15241153586340014,428.27308797320313,0.7695470501179799,5.86950259213412,0.7161191061377581,0.5242720724819893,0.5206468158646053,0.4826876835545353,12.80359998906017,3.5805955306887904,0.2838808938622418,kefrin_fixed0.5,5
16,2024-05,5,0.155271572427081,434.0675264898402,0.7638392277216693,5.791149640536025,0.7106076478625025,0.512993224219984,0.5207683599257698,0.4757018871380782,12.73561600643661,3.5530382393125124,0.28939235213749753,kefrin_fixed0.5,5
17,2024-06,5,0.15487437324850653,432.4765076106165,0.7645527970219379,5.812454447267396,0.7188980643721449,0.505329370290627,0.5273296042767539,0.4872817234862417,12.948593019899064,3.5944903218607243,0.2811019356278552,kefrin_fixed0.5,5
18,2024-07,5,0.1556131647029931,432.7344602197186,0.7636060709259197,5.808989648579541,0.7219746146064161,0.4901230012277791,0.5332726818833963,0.4897975386155361,13.104582371368437,3.6098730730320803,0.27802538539358407,kefrin_fixed0.5,5
19,2024-08,5,0.15661305527286395,437.0096594533294,0.7592425695761942,5.752161183678497,0.7443306666168434,0.49817834998427474,0.542986248813802,0.5118502416887813,13.572843227468738,3.721653333084217,0.2556693333831565,kefrin_fixed0.5,5
20,2024-09,5,0.154627871687291,441.27658581968194,0.759252586307828,5.696540629570564,0.7247039726825666,0.5154692734132058,0.5276089759058259,0.4935298482660662,12.743349909028462,3.6235198634128327,0.2752960273174334,kefrin_fixed0.5,5
21,2024-10,5,0.15866588187017544,442.15220769074546,0.7630277163578867,5.685259411298005,0.7208430788482224,0.5075670627724109,0.5277513998741976,0.49594823374717856,12.885791985063062,3.604215394241112,0.2791569211517776,kefrin_fixed0.5,5
22,2024-11,5,0.15634097804715666,441.78640854595164,0.7617269821731794,5.689966806071483,0.7082122005086525,0.5204307963152249,0.5174813021505519,0.4884594666116278,12.476137335501065,3.5410610025432625,0.2917877994913475,kefrin_fixed0.5,5
23,2024-12,5,0.15660448158972626,438.09324755171616,0.7657672128893307,5.73793367975446,0.7183609683591896,0.5215341499681666,0.5225774450893834,0.49675565301683916,12.81652299349722,3.5918048417959483,0.2816390316408104,kefrin_fixed0.5,5
0,2023-01,5,0.16068399634978428,417.58790846202413,0.7814617236026529,6.01969058265633,0.7234609625819022,0.5015938101316528,0.53083109522971,0.47174927530734645,13.074048961604856,3.617304812909511,0.2765390374180979,kefrin_t_affect,5
1,2023-02,5,0.1596998270860656,424.40631754078737,0.7795713683684389,5.922979692116429,0.7364195536498456,0.5074180033930763,0.5360954175286632,0.48187430892760463,13.503008693458158,3.682097768249228,0.2635804463501544,kefrin_t_affect,5
2,2023-03,5,0.16116270717445036,425.14511612079343,0.7762363984963252,5.912686997175304,0.7372067547587704,0.5118939026869289,0.5352271905863404,0.48358451452428836,13.489558145391008,3.6860337737938518,0.26279324524122966,kefrin_t_affect,5
3,2023-04,5,0.16110017394438175,417.66114775422056,0.7773251958398011,6.018634995178571,0.7283318180441984,0.506453061754555,0.5320695249254689,0.47374779709617,13.421656239322923,3.641659090220992,0.27166818195580167,kefrin_t_affect,5
4,2023-05,5,0.16086694088435044,416.91850777360895,0.7760070379226137,6.0293557449001325,0.7241456972369408,0.5037395742466357,0.5305948568767579,0.4709170895255521,13.140635775165599,3.6207284861847038,0.27585430276305933,kefrin_t_affect,5
5,2023-06,5,0.1561956798890223,414.1126562645346,0.7724090602138365,6.070208099107746,0.7400306850692961,0.5006742312983394,0.5399656815704926,0.4865452273650269,13.606884856066014,3.700153425346481,0.2599693149307039,kefrin_t_affect,5
6,2023-07,5,0.1538036593141091,412.56078017438887,0.7719618190385016,6.093041609377997,0.7515741411100885,0.497610249645852,0.5470007760649161,0.49673298932010673,13.881286223101737,3.7578707055504426,0.24842585888991148,kefrin_t_affect,5
7,2023-08,5,0.15401776562846298,411.91207839136354,0.7694959697591923,6.10263726622663,0.7548129043849977,0.5037568739899776,0.5468698974085222,0.5055248817610387,13.954085875873057,3.7740645219249886,0.24518709561500235,kefrin_t_affect,5
8,2023-09,5,0.15375373484068675,417.53440940062,0.7692279838490699,6.020461891053588,0.742475354626422,0.5105019989976136,0.5384020509915576,0.4914130352375851,13.437058964218185,3.71237677313211,0.2575246453735781,kefrin_t_affect,5
9,2023-10,5,0.1555935092176254,417.42464068511424,0.7724601375645382,6.022045071115618,0.7376008123801594,0.5065899611033337,0.5369597905062199,0.49110982270305875,13.397916495277066,3.6880040619007968,0.26239918761984066,kefrin_t_affect,5
10,2023-11,5,0.15918559589396666,423.3214753602023,0.7710473349049741,5.938158459504237,0.7350599181065033,0.5104731214957547,0.53450027286374,0.4936782762274557,13.177474219427168,3.6752995905325165,0.2649400818934967,kefrin_t_affect,5
11,2023-12,5,0.16007784223152285,428.557264611188,0.7670075100939863,5.8656105206398035,0.7507483328085918,0.5012972457047783,0.5454640060746175,0.5046281717625009,13.632274765291212,3.753741664042959,0.2492516671914083,kefrin_t_affect,5
12,2024-01,5,0.15506448268115308,429.4981558459075,0.7670599341190714,5.852760869366495,0.7386959432372333,0.5075098881166225,0.5372742478628615,0.4935732676974891,13.031265751331443,3.6934797161861668,0.26130405676276663,kefrin_t_affect,5
13,2024-02,5,0.15432161257633567,428.0632427410106,0.7671965267169278,5.872379940645557,0.7277662910056576,0.5105760471106414,0.5306043190046301,0.4855047403699712,12.967288318359548,3.638831455028288,0.27223370899434235,kefrin_t_affect,5
14,2024-03,5,0.15461692891552198,430.2954093400265,0.7679637966319539,5.841916844652166,0.73085666056172,0.5194623149314601,0.5297396731330913,0.4948583145944544,13.1534266459938,3.6542833028086004,0.26914333943827995,kefrin_t_affect,5
15,2024-04,5,0.1521291193149973,428.0452618844214,0.7691348135432902,5.8726266211509905,0.7219967211011699,0.5248884349897921,0.523577677645376,0.4904129065635253,12.939024943814955,3.609983605505849,0.2780032788988302,kefrin_t_affect,5
16,2024-05,5,0.15300037470602762,434.6837699087513,0.7648244575180614,5.782939631097075,0.7285614458047094,0.5058441420786081,0.5323645807361954,0.5017735219781058,13.195291521200566,3.6428072290235467,0.2714385541952906,kefrin_t_affect,5
17,2024-06,5,0.1529320341504885,432.2177945310454,0.7646422960849594,5.815933614504255,0.7235451051477624,0.5041601509035366,0.530154106717073,0.49125268295721375,13.072484819236777,3.6177255257388117,0.2764548948522377,kefrin_t_affect,5
18,2024-07,5,0.15375284550105645,433.38835945154153,0.7614569134403192,5.800225006461139,0.7405205785279014,0.48699478163399484,0.5442484473868748,0.510923299577932,13.61344116043712,3.7026028926395074,0.2594794214720985,kefrin_t_affect,5
19,2024-08,5,0.15722569143326073,437.74887938405107,0.7594060835112494,5.742447595838633,0.7492649264883793,0.49287283247705876,0.5471913571239311,0.5181010795642516,13.716583105745531,3.7463246324418966,0.2507350735116206,kefrin_t_affect,5
20,2024-09,5,0.1552251523814849,441.01984646306363,0.7607267542039475,5.699856866215954,0.7289097695055635,0.5118772452662135,0.5308449689858742,0.4997242301263454,12.854953031172856,3.6445488475278176,0.27109023049443637,kefrin_t_affect,5
21,2024-10,5,0.1600561023533343,442.74952974518885,0.7640293456809416,5.67758931657525,0.7307258570950985,0.5056668237380949,0.5335697825202412,0.5096472661744601,13.116115528328264,3.6536292854754926,0.2692741429049015,kefrin_t_affect,5
22,2024-11,5,0.16810640669744695,444.31333016497246,0.7619190803142077,5.657606534259621,0.7306283101806176,0.5106816445006099,0.5320941548453997,0.5174339180533993,12.9590478047386,3.653141550903088,0.26937168981938237,kefrin_t_affect,5
23,2024-12,5,0.16788168729719496,435.2602157400922,0.7688520252955778,5.775280875891127,0.7235690900612057,0.5081353352600431,0.529052000324878,0.5063712598492116,12.880104375333511,3.6178454503060284,0.2764309099387943,kefrin_t_affect,5
0,2023-01,5,0.16068399634978428,417.58790846202413,0.7814617236026529,6.01969058265633,0.7234609625819022,0.5015938101316528,0.53083109522971,0.47174927530734645,13.074048961604856,3.617304812909511,0.2765390374180979,kefrin_t_affect_fe_noreset,5
1,2023-02,5,0.1598308669043236,424.5709245845773,0.7807934614762657,5.920683340385557,0.7306553052411766,0.508084909099837,0.5328447277265753,0.47694585485992774,13.349672408992818,3.653276526205883,0.2693446947588234,kefrin_t_affect_fe_noreset,5
2,2023-03,5,0.16208168269118298,425.9085143457686,0.7769569409875781,5.902089099724459,0.7316141990203043,0.5099007125047806,0.5328384826430584,0.47866721098797355,13.34833475374395,3.6580709951015216,0.26838580097969567,kefrin_t_affect_fe_noreset,5
3,2023-04,5,0.16088177604805246,417.49221109121544,0.7773068080419333,6.021070413337089,0.7224785559062663,0.5090741591723287,0.5282066900479858,0.4684378283175366,13.265558534386564,3.6123927795313313,0.2775214440937338,kefrin_t_affect_fe_noreset,5
4,2023-05,5,0.1607258664865072,416.33234089761436,0.7759418627730111,6.037844656940039,0.7156071442157786,0.5053816866490117,0.5255422834380259,0.46207286827146105,12.931998814879808,3.5780357210788933,0.28439285578422135,kefrin_t_affect_fe_noreset,5
5,2023-06,5,0.1569823673152745,410.472032550225,0.7747362049038317,6.124046952437421,0.7119802308609392,0.5064531352353354,0.5232899301662027,0.45212148318012935,12.905087782748934,3.559901154304696,0.28801976913906074,kefrin_t_affect_fe_noreset,5
6,2023-07,5,0.15680462960717423,409.279564003803,0.7750977251669049,6.141889850079694,0.7136349996799609,0.5023416184294238,0.5253154279845416,0.45178476327821626,12.918975139335773,3.5681749983998046,0.2863650003200391,kefrin_t_affect_fe_noreset,5
7,2023-08,5,0.15738629420211658,408.75324667227926,0.771681315080651,6.149798247389621,0.7144832388110082,0.5075134788458524,0.5243490836140918,0.4548586452400062,12.963445853963304,3.572416194055041,0.28551676118899183,kefrin_t_affect_fe_noreset,5
8,2023-09,5,0.16022931738346186,418.83562563220494,0.7710557041554353,6.001757840455093,0.7109770164089465,0.5165766554937844,0.5199959548629889,0.4523349318274389,12.670607869472962,3.5548850820447324,0.2890229835910536,kefrin_t_affect_fe_noreset,5
9,2023-10,5,0.16043263908135974,415.81141502193327,0.7704851434540337,6.045408830027919,0.7032499798785133,0.5108203119837867,0.517386841641402,0.44630225589089434,12.538301226237484,3.516249899392567,0.29675002012148666,kefrin_t_affect_fe_noreset,5
10,2023-11,5,0.16196646966280615,421.8891897539959,0.7662592190220741,5.95831811065311,0.7062790953716604,0.5127914285555282,0.5184940871779382,0.4554288308210072,12.473559912353092,3.5313954768583025,0.2937209046283395,kefrin_t_affect_fe_noreset,5
11,2023-12,5,0.1625357403898112,427.66551706721964,0.7637569289557224,5.877841209266572,0.7142173729187768,0.5076887210871075,0.5241577264592407,0.46190878722616246,12.677606793111405,3.5710868645938842,0.28578262708122315,kefrin_t_affect_fe_noreset,5
12,2024-01,5,0.16130780199735537,430.77990357438017,0.7624224303095424,5.83534649398046,0.7044596642372213,0.5118878821207,0.5177549639451946,0.4526609886115095,12.159504393207222,3.5222983211861063,0.29554033576277866,kefrin_t_affect_fe_noreset,5
13,2024-02,5,0.15972092641394178,429.6803310060795,0.7636337821617109,5.850279425437403,0.6980130463879177,0.5245390310795296,0.5109399890341592,0.4511878300290125,12.192022928069283,3.490065231939589,0.3019869536120823,kefrin_t_affect_fe_noreset,5
14,2024-03,5,0.15556818864298422,432.2198839963344,0.7653017242606989,5.815905498742207,0.712708173977538,0.5484799768805649,0.5124056482358835,0.4724474561371354,12.622968649624914,3.5635408698876905,0.28729182602246195,kefrin_t_affect_fe_noreset,5
15,2024-04,5,0.15240929742792428,428.73413992739006,0.7660399075565331,5.8631906486983425,0.7000209651898913,0.5543724476109094,0.5043115888917888,0.461730157509159,12.302681557949885,3.5001048259494567,0.2999790348101087,kefrin_t_affect_fe_noreset,5
16,2024-05,5,0.15173722703654738,429.86871487079316,0.7656082255213851,5.847715623491151,0.7060569042356217,0.5534142835464233,0.5076836081180259,0.46568074276151983,12.44667018366439,3.5302845211781086,0.2939430957643784,kefrin_t_affect_fe_noreset,5
17,2024-06,5,0.15015816533728799,425.5090390953085,0.7623122940665568,5.907630083122521,0.7009339309691573,0.558396132508341,0.5037620651138561,0.4500279605961944,12.271918892749134,3.5046696548457867,0.29906606903084265,kefrin_t_affect_fe_noreset,5
18,2024-07,5,0.15262472157603013,426.38705858487714,0.7555953659186793,5.895465046108123,0.7097634334075996,0.5450930305805437,0.5117672757509784,0.45260756737664676,12.598682655347941,3.548817167037998,0.29023656659240027,kefrin_t_affect_fe_noreset,5
19,2024-08,5,0.15253157037020526,430.8226413271926,0.7512070435566048,5.834767625619999,0.7147707043844292,0.5495846975668436,0.5131798013245175,0.4595652472117873,12.641710853919612,3.573853521922146,0.2852292956155709,kefrin_t_affect_fe_noreset,5
20,2024-09,5,0.15601489387644654,439.680280183038,0.7490827017191624,5.717222521222765,0.7068051633523783,0.5557809554304307,0.5074601691832642,0.45165153019710114,12.075991299982645,3.5340258167618916,0.2931948366476217,kefrin_t_affect_fe_noreset,5
21,2024-10,5,0.1563445690738621,437.5507478496668,0.7509503202053849,5.745047888396413,0.6915192344432188,0.5633438037765819,0.4976522810865659,0.4419525328889616,11.89266286032103,3.457596172216094,0.3084807655567813,kefrin_t_affect_fe_noreset,5
22,2024-11,5,0.15733258789613733,439.6394647247344,0.7513588189767757,5.717753299453908,0.6926054888626402,0.5716976439075098,0.4961496241715649,0.4493349221939872,11.846987618210406,3.4630274443132008,0.30739451113735994,kefrin_t_affect_fe_noreset,5
23,2024-12,5,0.1578172175896291,438.721242451996,0.7568872994674707,5.729720279671776,0.7012226703388994,0.5795593999832932,0.4985939814903318,0.46398981878132745,12.18864736893003,3.506113351694497,0.2987773296611006,kefrin_t_affect_fe_noreset,5
0,2023-01,5,0.16068399634978428,417.58790846202413,0.7814617236026529,6.01969058265633,0.7234609625819022,0.5015938101316528,0.53083109522971,0.47174927530734645,13.074048961604856,3.617304812909511,0.2765390374180979,kefrin_t_affect_fe,5
1,2023-02,5,0.1610483400677273,424.9309969864714,0.7803955727382167,5.915666350129856,0.7348080971235097,0.5064770794872533,0.5355106144942438,0.4807478179894047,13.44929190057671,3.6740404856175486,0.2651919028764903,kefrin_t_affect_fe,5
2,2023-03,5,0.16316533976619135,425.2970366748011,0.7774664039544157,5.91057492347898,0.7431580485686461,0.49815710141207004,0.5423682076406797,0.48283847398610674,13.658029636576575,3.7157902428432306,0.2568419514313539,kefrin_t_affect_fe,5
3,2023-04,5,0.16140191898616987,416.20326890063427,0.7769297626446623,6.039717099387178,0.7383745241262158,0.49447529547152674,0.5408909370017297,0.47471745726430137,13.66180076642898,3.691872620631079,0.2616254758737842,kefrin_t_affect_fe,5
4,2023-05,5,0.16058367373042884,414.6016027884271,0.7761135019696886,6.063049402350663,0.7315381740280749,0.4943116478644512,0.5372605477050376,0.4706101490243907,13.32311069506048,3.6576908701403745,0.26846182597192514,kefrin_t_affect_fe,5
5,2023-06,5,0.16043986018823533,411.83996633050043,0.7757153991406752,6.103705821456685,0.7123896764974992,0.5001821192190152,0.5252353957157554,0.4513414587485123,12.965658702315732,3.561948382487496,0.2876103235025007,kefrin_t_affect_fe,5
6,2023-07,5,0.16283879690329894,412.44987122736757,0.7755343440528046,6.094680045649154,0.7364814438903813,0.4950348066379199,0.5397113488979907,0.48165670606445005,13.506854966501745,3.6824072194519064,0.2635185561096187,kefrin_t_affect_fe,5
7,2023-08,5,0.15716978310218108,411.97481955818944,0.7708178690646884,6.101707873058354,0.749355824793289,0.501626296369438,0.5446309205532761,0.5008282737323162,13.809786071216605,3.7467791239664447,0.2506441752067111,kefrin_t_affect_fe,5
8,2023-09,5,0.1544115448128738,417.6212932418934,0.7713108698540404,6.019209366664149,0.7380928421806906,0.5164021200835816,0.5344035005160825,0.48826792169488303,13.308023960941204,3.690464210903453,0.26190715781930934,kefrin_t_affect_fe,5
9,2023-10,5,0.15406372359336176,415.72916604514705,0.771303522267372,6.046604869976847,0.7317956916993588,0.5081340157126583,0.5334369941812985,0.4860084244389328,13.247412345484406,3.6589784584967937,0.2682043083006413,kefrin_t_affect_fe,5
10,2023-11,5,0.1571761330566551,421.47464270858814,0.7701747474059586,5.96417849445342,0.7299198476120268,0.5107268486328552,0.5317055241642175,0.4874429975589959,13.040828584415417,3.6495992380601336,0.2700801523879734,kefrin_t_affect_fe,5
11,2023-12,5,0.1578897067951715,426.1608943635372,0.7685977830593891,5.898593778188484,0.7421614042892052,0.5011048180169947,0.5409731392347563,0.4971745029750232,13.386921105561896,3.710807021446026,0.25783859571079476,kefrin_t_affect_fe,5
12,2024-01,5,0.15418910802097494,426.4247588085085,0.7661386776393676,5.894943827895396,0.7316745505316324,0.509255913562534,0.5330536483035896,0.48715473512152274,12.845989058976418,3.6583727526581624,0.2683254494683675,kefrin_t_affect_fe,5
13,2024-02,5,0.15495295813477278,427.17858685307476,0.7682906247238196,5.884541213823967,0.7231043308451075,0.5129888228592463,0.5274497711350916,0.4815882271251323,12.877310083865058,3.6155216542255375,0.2768956691548925,kefrin_t_affect_fe,5
14,2024-03,5,0.1558310964159991,429.9395218488039,0.7682234256178088,5.846752559965879,0.7260295464882931,0.5162510973857077,0.5280930977373008,0.48937412326908997,13.04236618400922,3.6301477324414653,0.2739704535117069,kefrin_t_affect_fe,5
15,2024-04,5,0.15486711033083525,429.2814762493949,0.7696757181587599,5.855715047298278,0.7081833906980239,0.5210356950367312,0.5173039966939844,0.47428114582857017,12.659386223471325,3.5409169534901195,0.29181660930197617,kefrin_t_affect_fe,5
16,2024-05,5,0.1579985016562383,434.0434166201421,0.7670564496185166,5.7914713223261165,0.7124638701225798,0.5102462608678673,0.5225134845947738,0.4803455964025875,12.791558856799382,3.562319350612899,0.28753612987742017,kefrin_t_affect_fe,5
17,2024-06,5,0.15615739901838593,431.6611593657066,0.7665775389275491,5.82343337003905,0.7149342186627565,0.511093784581446,0.5236084940864683,0.4811580315062732,12.846541472070832,3.574671093313783,0.28506578133724336,kefrin_t_affect_fe,5
18,2024-07,5,0.15674252256845755,432.17008500048775,0.7648097385612833,5.816575666030105,0.7216911058709614,0.4934496127925424,0.5321741921918555,0.4886209282975141,13.110516108212403,3.6084555293548073,0.27830889412903853,kefrin_t_affect_fe,5
19,2024-08,5,0.15746528493733572,436.3299586814355,0.7628007915287256,5.761121715310153,0.7389083091183719,0.49944187491320835,0.5397266434127452,0.5050314193920478,13.480527484254743,3.6945415455918598,0.26109169088162815,kefrin_t_affect_fe,5
20,2024-09,5,0.1546923188973108,440.22979332369846,0.7616566422894665,5.710086046247337,0.7213221251802635,0.5129700938164794,0.5265060905057625,0.48967575460368584,12.69580743209925,3.6066106259013173,0.27867787481973655,kefrin_t_affect_fe,5
21,2024-10,5,0.15705842484073357,441.3811134151819,0.7624053271168485,5.6951915784295455,0.7167153207208211,0.5092656729336764,0.5250667421341818,0.48990046541631405,12.784144400477253,3.5835766036041057,0.28328467927917883,kefrin_t_affect_fe,5
22,2024-11,5,0.16686117956061017,443.1446748315512,0.7620656940330163,5.672526700124583,0.7273924801339524,0.5097989976938077,0.5306242834896295,0.5137030389885356,12.889969406069964,3.636962400669762,0.27260751986604764,kefrin_t_affect_fe,5
23,2024-12,5,0.1720470018893374,435.95230155785276,0.7726968947661026,5.766112464637176,0.7215390215445128,0.5016894290337357,0.5297688061830282,0.504719948651793,12.857141525698037,3.607695107722564,0.27846097845548723,kefrin_t_affect_fe,5
0,2023-01,6,0.16827747508277255,378.66991431682635,0.7732020979776559,6.36966368017799,0.6562747343707881,0.4822747744127656,0.49849780992758236,0.45710674290960485,14.685950941857236,3.937648406224729,0.34372526562921185,kefrin_warm,6
1,2023-02,6,0.16848848520066412,384.591949438063,0.7716735641815747,6.2715821366625955,0.6709581031042521,0.4918316416168743,0.50448037406505,0.4723561782347241,15.244131025296944,4.025748618625513,0.3290418968957478,kefrin_warm,6
2,2023-03,6,0.16903122226180603,385.18761597862147,0.7717260596576107,6.261883559968526,0.6709232701600777,0.48342310411461575,0.5066096066530619,0.46760706427848875,15.257573228197904,4.025539620960466,0.32907672983992226,kefrin_warm,6
3,2023-04,6,0.1638891195929691,376.6841959759809,0.7707694290340755,6.403241829008935,0.6767873863731234,0.4928013897410899,0.5075188154836338,0.48203638042051444,15.57932120982135,4.060724318238741,0.3232126136268764,kefrin_warm,6
4,2023-05,6,0.16412337381113337,378.6500453789298,0.7659802787473374,6.369997916113328,0.6721704714661718,0.49199107903730455,0.5051247644680043,0.48186892247432545,15.216564995701038,4.033022828797031,0.32782952853382824,kefrin_warm,6
5,2023-06,6,0.1623509930714951,376.6243169876655,0.766658951093815,6.404259871725152,0.6857189370844144,0.4915125412538044,0.5128636505929044,0.48694764443492633,15.78877383385817,4.1143136225064865,0.31428106291558555,kefrin_warm,6
6,2023-07,6,0.1599705838101756,375.0814819626935,0.7641836910257289,6.430602724983111,0.7260960098526983,0.47558559962806873,0.5397196018142592,0.515015225553593,17.073662878616283,4.35657605911619,0.27390399014730166,kefrin_warm,6
7,2023-08,6,0.15767704022392845,371.29621342173647,0.7644373025152417,6.49616105096211,0.7321218982363636,0.5028319059482423,0.5351243114602449,0.5186494332146316,17.151272389170824,4.392731389418182,0.26787810176363636,kefrin_warm,6
8,2023-09,6,0.1592703335629232,379.68112761539373,0.7573463320279507,6.352699211437467,0.7081637104768075,0.5485597610120394,0.5100316545745308,0.5080187454208833,15.984468859866038,4.248982262860845,0.29183628952319257,kefrin_warm,6
9,2023-10,6,0.16397489026326348,378.7044705823008,0.7549864477023226,6.369082457070755,0.7209298556641683,0.5543156552351988,0.515088711352945,0.5210951211283116,16.44264813820503,4.32557913398501,0.2790701443358317,kefrin_warm,6
10,2023-11,6,0.16725268060704607,387.1919628724371,0.7496556791945211,6.229468148321688,0.7160283193392183,0.5549011245206473,0.5124279323303943,0.5181514870986702,16.074687072756177,4.29616991603531,0.28397168066078177,kefrin_warm,6
11,2023-12,6,0.16542086901175845,384.3235667949717,0.7547565574751822,6.275961737435554,0.7021044213777051,0.5504911728943797,0.5063853325415731,0.5128167031083668,15.778742550413252,4.212626528266231,0.29789557862229493,kefrin_warm,6
12,2024-01,6,0.16593016762859394,392.0436022544204,0.7467964233083622,6.15237689412595,0.715442413356345,0.5479147672264914,0.5139667106528132,0.514467247605626,15.86095744855123,4.2926544801380695,0.2845575866436551,kefrin_warm,6
13,2024-02,6,0.16169587877561184,391.2064419740474,0.7409582013234736,6.165542642470116,0.7381213123179462,0.5665605289494253,0.5204670062121786,0.5529302407134937,16.758192856030092,4.428727873907677,0.26187868768205375,kefrin_warm,6
14,2024-03,6,0.16117884353730558,390.79307327286296,0.7410381630128912,6.172064360812945,0.7366533396301063,0.5693652747630966,0.5189801696275491,0.5532949253262738,16.808104128783718,4.419920037780638,0.2633466603698937,kefrin_warm,6
15,2024-04,6,0.15651928269311433,388.9250414255922,0.7399712234399349,6.201709180666001,0.7236756205580518,0.559497013002831,0.5151103508561944,0.5450758974343735,16.410338266191133,4.342053723348311,0.27632437944194815,kefrin_warm,6
16,2024-05,6,0.15680822315456233,393.57324036072623,0.7380257726065765,6.128465435783445,0.7258659338166303,0.5489464370875222,0.5190460548142406,0.545933866576183,16.51477326893587,4.355195602899782,0.2741340661833697,kefrin_warm,6
17,2024-06,6,0.15105705288100416,387.8347514430686,0.7375866015855795,6.219143568298996,0.7344744571285502,0.5329875942936345,0.5278422731378729,0.5515997586253254,16.837630666457585,4.406846742771301,0.26552554287144986,kefrin_warm,6
18,2024-07,6,0.1509846384109748,391.09436827887885,0.7343192748865656,6.167309467059541,0.7412541738625748,0.5143735647755934,0.5366423470210313,0.5537645921044891,17.179213433384277,4.447525043175449,0.2587458261374252,kefrin_warm,6
19,2024-08,6,0.14975972269892723,392.8635499711957,0.7329286894278843,6.139536233831937,0.748770918600874,0.5380915176300844,0.533728015602746,0.5639921675474386,17.258980356969445,4.492625511605244,0.251229081399126,kefrin_warm,6
20,2024-09,6,0.1499664854693058,397.72438128130244,0.7330791411660266,6.064501231303798,0.7346450744492835,0.5591813285595624,0.5207294967668339,0.546066542122793,16.30266630619138,4.407870446695701,0.26535492555071655,kefrin_warm,6
21,2024-10,6,0.15204355160855573,399.5693169997024,0.7331700641565878,6.036499544337627,0.7208121561936062,0.5572869860128186,0.514241670899169,0.5390762116714234,16.205887255093884,4.324872937161637,0.2791878438063939,kefrin_warm,6
22,2024-11,6,0.154154323129745,401.259621208291,0.732034671586191,6.011070819278743,0.7337211296143811,0.5576120821762527,0.5206902199569753,0.5597197742027509,16.440551656056464,4.402326777686286,0.2662788703856189,kefrin_warm,6
23,2024-12,6,0.15627299306177556,393.2557896921966,0.7382241440591244,6.133412560531874,0.7304291037640223,0.5735982605853822,0.5147590363453818,0.5556041991416607,16.39603176934862,4.3825746225841336,0.2695708962359777,kefrin_warm,6
0,2023-01,6,0.16827747508277255,378.66991431682635,0.7732020979776559,6.36966368017799,0.6562747343707881,0.4822747744127656,0.49849780992758236,0.45710674290960485,14.685950941857236,3.937648406224729,0.34372526562921185,kefrin_fixed0.5,6
1,2023-02,6,0.16739149123835445,383.1403900115325,0.7726402968168495,6.295342550357062,0.6639655563001646,0.4942892646291163,0.49990214737442557,0.46777892213581895,14.994813576827156,3.9837933378009875,0.3360344436998355,kefrin_fixed0.5,6
2,2023-03,6,0.1683998958014521,385.7275149156238,0.77021962792215,6.253118864304028,0.6545040597739985,0.4989782952987891,0.49337576456787946,0.46390093101740115,14.734660546805316,3.927024358643991,0.34549594022600155,kefrin_fixed0.5,6
3,2023-04,6,0.16597449905039433,376.171929756093,0.7694917137793204,6.41196168348851,0.6370399149069007,0.5083458955523026,0.481207350192174,0.4504007546758658,14.307316073344383,3.822239489441404,0.36296008509309935,kefrin_fixed0.5,6
4,2023-05,6,0.1675027254869757,379.25449135997576,0.7644704986643452,6.359845578494705,0.6482544968587595,0.4957469200821072,0.4905926525778397,0.45632672939984475,14.49538981611071,3.889526981152557,0.3517455031412405,kefrin_fixed0.5,6
5,2023-06,6,0.16403664496954792,377.426595994173,0.7628952116660821,6.390646620031087,0.6781235190946826,0.4973996154305234,0.5070846794157905,0.4763067572966043,15.551434339273323,4.068741114568096,0.32187648090531734,kefrin_fixed0.5,6
6,2023-07,6,0.16236139530280025,375.9774624437079,0.7639227008334004,6.4152781507778,0.6975458801380326,0.48256185586267597,0.5218772746177553,0.4842663646803062,16.176993158400855,4.185275280828196,0.30245411986196735,kefrin_fixed0.5,6
7,2023-08,6,0.16054586006274335,372.4950139688363,0.7628102371147447,6.4752544585785845,0.7025129605070192,0.5011251260904466,0.5195921551463498,0.49004016267322337,16.223936849711,4.215077763042115,0.2974870394929809,kefrin_fixed0.5,6
8,2023-09,6,0.16154083498376595,378.9966208746414,0.7617766404498231,6.3641728373029585,0.6931901265400091,0.5338664963543709,0.5059519795343378,0.487855712212437,15.576251212446396,4.159140759240055,0.30680987345999083,kefrin_fixed0.5,6
9,2023-10,6,0.16621456995174816,379.31787965673817,0.7580149186039489,6.358782776553343,0.6934859332302671,0.5229712478587587,0.508915807002562,0.4836628107729316,15.714817687845056,4.160915599381602,0.306514066769733,kefrin_fixed0.5,6
10,2023-11,6,0.16935466403875096,387.86793074954664,0.749504787186218,6.218611565382218,0.6950195247089977,0.5381673511357181,0.5058230727970384,0.4911141948995752,15.537965551924271,4.170117148253986,0.3049804752910023,kefrin_fixed0.5,6
11,2023-12,6,0.17082044536957036,386.05584022026335,0.7536497512967343,6.247800832708133,0.6791574333941103,0.5419229663367461,0.4964416004780926,0.48476248742969463,15.095910139956791,4.074944600364661,0.3208425666058897,kefrin_fixed0.5,6
12,2024-01,6,0.17177049381451304,393.92528072065363,0.7448720266255279,6.122988592119413,0.6810692080583616,0.5372795739914031,0.4986140677458685,0.48246242591867444,14.84252152892462,4.0864152483501694,0.31893079194163837,kefrin_fixed0.5,6
13,2024-02,6,0.17098194772655986,390.2961751836562,0.7482319061749758,6.179922206168224,0.6794747713987798,0.5421996618811078,0.4965429068563129,0.4901037356399104,15.002722756345236,4.076848628392678,0.3205252286012202,kefrin_fixed0.5,6
14,2024-03,6,0.17141940610444756,391.38549334668005,0.747017677277634,6.162722024711088,0.676870380488216,0.5520964362448126,0.4927360424606107,0.48994778512422177,15.028175978537249,4.061222282929296,0.323129619511784,kefrin_fixed0.5,6
15,2024-04,6,0.16471746698696055,385.25504306904537,0.7525277810769674,6.260787609126045,0.6804353027194413,0.5557306209582935,0.49373498202827515,0.49541736299094713,15.10282425303318,4.082611816316648,0.31956469728055875,kefrin_fixed0.5,6
16,2024-05,6,0.1637593259490165,390.83240892429797,0.7481872182773524,6.171443168284416,0.6986785773762497,0.5527244699500484,0.5040328220900516,0.5059148835375531,15.714771972947409,4.1920714642574985,0.3013214226237503,kefrin_fixed0.5,6
17,2024-06,6,0.1559518111974045,385.99889438942694,0.7451925737524667,6.248722561279098,0.7118865792479108,0.5442702828933783,0.5130866772330207,0.5203498818571906,16.153737679654167,4.271319475487465,0.28811342075208923,kefrin_fixed0.5,6
18,2024-07,6,0.15621142762818155,390.08105460915215,0.7413517223501919,6.183330288667163,0.7113214865096379,0.5392072205580756,0.5141278957572939,0.5207364771637291,16.198645447505733,4.267928919057828,0.2886785134903622,kefrin_fixed0.5,6
19,2024-08,6,0.15706063248028035,392.5022907732596,0.7399539634742524,6.145187064381651,0.7229657727133213,0.5483905776099447,0.5177103740572121,0.5291767262425665,16.406292334250594,4.337794636279928,0.2770342272866786,kefrin_fixed0.5,6
20,2024-09,6,0.15992850424571986,400.01936231444876,0.7387888189464858,6.029708127238015,0.7133647519301992,0.5635287249832106,0.5088188116217771,0.5237607241331304,15.686720086864613,4.280188511581195,0.28663524806980084,kefrin_fixed0.5,6
21,2024-10,6,0.16046378407534823,399.12050232944495,0.7395060811258937,6.043287643512408,0.6973840786740689,0.5604199012319627,0.5014165091202702,0.5100913465268315,15.510813563634718,4.184304472044413,0.3026159213259311,kefrin_fixed0.5,6
22,2024-11,6,0.16171330016301225,401.0321160175501,0.7367951203855738,6.014480894827998,0.699865116882468,0.5631264680533993,0.5020147807632048,0.5172533544923507,15.374623909125804,4.199190701294808,0.30013488311753217,kefrin_fixed0.5,6
23,2024-12,6,0.16576003281156812,395.1506215816059,0.742759143547398,6.104001533253004,0.7074497129865295,0.571422829743547,0.503790808959318,0.5238855154374145,15.754873912315741,4.244698277919177,0.29255028701347047,kefrin_fixed0.5,6
0,2023-01,6,0.16827747508277255,378.66991431682635,0.7732020979776559,6.36966368017799,0.6562747343707881,0.4822747744127656,0.49849780992758236,0.45710674290960485,14.685950941857236,3.937648406224729,0.34372526562921185,kefrin_t_affect,6
1,2023-02,6,0.16744472131313864,383.1313932278514,0.7726600701477423,6.295490379107525,0.6652305080094799,0.49417442789590993,0.5006476475558037,0.46995272268831,15.031771377592797,3.9913830480568797,0.33476949199052003,kefrin_t_affect,6
2,2023-03,6,0.16799636330986034,385.6149432387078,0.7701565726681652,6.254944322805705,0.6594950251135848,0.4958126567172065,0.4969871835936033,0.46565286164657416,14.880615739759785,3.9569701506815087,0.34050497488641523,kefrin_t_affect,6
3,2023-04,6,0.16579631436214523,375.8510732297847,0.7701523519873156,6.41743544663333,0.6460409992083559,0.5039538852743219,0.48736666109984444,0.4556414696274631,14.588691782602591,3.8762459952501356,0.353959000791644,kefrin_t_affect,6
4,2023-05,6,0.1669561674340931,378.67237041547656,0.7648570761867243,6.36962236604052,0.6530191729915322,0.49357645866817146,0.493845435388661,0.4595171905205482,14.64725279943169,3.9181150379491934,0.3469808270084678,kefrin_t_affect,6
5,2023-06,6,0.16344681764840904,377.7443813286001,0.7616924795774713,6.385270355356521,0.6814229251221205,0.49789549998162796,0.5087989396747793,0.4813751641035753,15.607096867443413,4.088537550732723,0.31857707487787945,kefrin_t_affect,6
6,2023-07,6,0.162013739081552,375.98337707256303,0.7638017148085182,6.415177231451101,0.7066947853245725,0.48086700547034755,0.527452577492167,0.49403333973340524,16.44588011049743,4.240168711947435,0.2933052146754276,kefrin_t_affect,6
7,2023-08,6,0.15981144491738386,372.12897473185575,0.762744769122106,6.481623748158848,0.7103186747914484,0.49676942931118273,0.5250478675922754,0.4955177985021444,16.474351864491297,4.26191204874869,0.2896813252085517,kefrin_t_affect,6
8,2023-09,6,0.15987738027125278,378.9595857279059,0.7618798621567261,6.364794798281798,0.6959906581325787,0.5284556316871971,0.50883942467466,0.4908860751742513,15.702517211676248,4.175943948795472,0.3040093418674214,kefrin_t_affect,6
9,2023-10,6,0.16676465671252594,378.83778600829953,0.7562013986620473,6.3668411364518915,0.7074539129613626,0.5341449783701765,0.5134354194421024,0.498291882889362,16.08623441600065,4.244723477768176,0.29254608703863744,kefrin_t_affect,6
10,2023-11,6,0.16977771770434957,387.6492394369499,0.7491165497611059,6.222119778961426,0.7022522753755797,0.536000078270761,0.5102067450177001,0.4965660360957746,15.759313139930178,4.213513652253478,0.29774772462442045,kefrin_t_affect,6
11,2023-12,6,0.1703738071350539,385.4205644153172,0.752294007522261,6.258098873522751,0.6868035310995224,0.5431106995269365,0.5002173020719249,0.4911835079053676,15.315485739704457,4.1208211865971345,0.31319646890047764,kefrin_t_affect,6
12,2024-01,6,0.17140464016135865,393.610894234379,0.7451580181995429,6.127879170345711,0.6883071233287574,0.5366197723331093,0.5026490619769368,0.48936876490402004,15.054420317026826,4.129842739972545,0.3116928766712425,kefrin_t_affect,6
13,2024-02,6,0.1706138987637653,390.4034062257041,0.7485401737232897,6.178224783739589,0.6824916392887515,0.5457505104497883,0.49727247915568096,0.49369126548219866,15.082464641526315,4.094949835732509,0.3175083607112485,kefrin_t_affect,6
14,2024-03,6,0.17278911041077444,391.55895008910556,0.7476737199084896,6.15999199980261,0.6755768598308977,0.5546290361386906,0.49143779864754566,0.48947357922372225,14.982731783835781,4.053461158985386,0.3244231401691023,kefrin_t_affect,6
15,2024-04,6,0.16588562197970672,384.6272644275462,0.7518602965143037,6.271006304219908,0.6840872917441486,0.5606778509520399,0.49444256431136857,0.4971511102821418,15.20101851246442,4.1045237504648915,0.31591270825585144,kefrin_t_affect,6
16,2024-05,6,0.16503523195506833,391.0026613670859,0.7470329466247212,6.1687559659230455,0.6990524116981146,0.5509314391914677,0.504683629914088,0.5062443055068245,15.725588507980088,4.194314470188687,0.30094758830188545,kefrin_t_affect,6
17,2024-06,6,0.15680550473700197,386.080528568891,0.7442647109177336,6.247401310137841,0.7143734465669751,0.5375980936414808,0.5161487033210286,0.5181826476553892,16.19071450539566,4.286240679401851,0.2856265534330249,kefrin_t_affect,6
18,2024-07,6,0.1583744687963064,389.8877419147496,0.7398901238705898,6.186396084561676,0.7245844247762788,0.5313664589914957,0.523158147897328,0.5283131937394625,16.584614036800478,4.347506548657673,0.2754155752237211,kefrin_t_affect,6
19,2024-08,6,0.15837032504759643,393.04711532082894,0.73776898879617,6.136668877549654,0.7290992356564531,0.5396226773527085,0.5232374771356116,0.5323032908792755,16.57449447851695,4.374595413938718,0.270900764343547,kefrin_t_affect,6
20,2024-09,6,0.1606984998952776,399.56559305823055,0.7378122962742865,6.036555804364486,0.7180616996532544,0.5614000306215459,0.5117607697210313,0.5258849194281319,15.804867128762444,4.308370197919526,0.28193830034674566,kefrin_t_affect,6
21,2024-10,6,0.16112328885050556,400.21557014698067,0.737910251272426,6.026752030447451,0.6964548574420357,0.5564622386528586,0.5019310592732384,0.509089174925174,15.45914590252538,4.178729144652214,0.3035451425579642,kefrin_t_affect,6
22,2024-11,6,0.16112973746883838,401.6644860029232,0.7359822525352017,6.005011854551777,0.70553738090859,0.5668007925004903,0.503991578681333,0.5235340550150982,15.516713435944826,4.23322428545154,0.2944626190914101,kefrin_t_affect,6
23,2024-12,6,0.1655135345059211,395.41107455171743,0.742612352944339,6.099980893895082,0.711733883110158,0.5783966687298543,0.5041806176852216,0.5293146759566781,15.866674059722216,4.2704032986609475,0.2882661168898421,kefrin_t_affect,6
0,2023-01,6,0.16827747508277255,378.66991431682635,0.7732020979776559,6.36966368017799,0.6562747343707881,0.4822747744127656,0.49849780992758236,0.45710674290960485,14.685950941857236,3.937648406224729,0.34372526562921185,kefrin_t_affect_fe_noreset,6
1,2023-02,6,0.16757575614318243,383.07030031936375,0.7725272154952987,6.296494397997255,0.6646063265770418,0.4936336686614101,0.5004294171925275,0.4688387616953818,15.020511621459569,3.9876379594622504,0.33539367342295817,kefrin_t_affect_fe_noreset,6
2,2023-03,6,0.1686034539102757,385.7237974285611,0.76962922028329,6.253179129936155,0.6545933523027208,0.4981910510320242,0.493618246967612,0.46401182397314833,14.73411535778084,3.9275601138163245,0.3454066476972793,kefrin_t_affect_fe_noreset,6
3,2023-04,6,0.16607564287199855,375.87400030419764,0.7697512344012757,6.417044004235329,0.630429880510646,0.507024279238465,0.47772750533232955,0.445147267422525,14.106881504731646,3.7825792830638756,0.3695701194893541,kefrin_t_affect_fe_noreset,6
4,2023-05,6,0.16787786924634188,378.6480923525694,0.7647519373220927,6.3700307718812486,0.6420380691799276,0.4932803436085039,0.4876097428893428,0.4481682490232149,14.316372007802057,3.8522284150795656,0.35796193082007255,kefrin_t_affect_fe_noreset,6
5,2023-06,6,0.1664169491394069,377.6121791174364,0.763386692808594,6.387505841674333,0.6670663274288516,0.4960543578877307,0.5012140255928406,0.462146941512314,15.218519650249226,4.00239796457311,0.3329336725711485,kefrin_t_affect_fe_noreset,6
6,2023-07,6,0.16584553488584702,375.5149926229989,0.7657966111108919,6.423178960584258,0.668611076003617,0.49667272904064713,0.5019297867978051,0.4647070528536952,15.250707078155706,4.011666456021702,0.33138892399638303,kefrin_t_affect_fe_noreset,6
7,2023-08,6,0.16411741109612893,372.87179550819394,0.7644136103265576,6.468711307897773,0.6716778578071888,0.505628470436666,0.5013945257927895,0.46378075735354596,15.258965168167274,4.030067146843133,0.32832214219281114,kefrin_t_affect_fe_noreset,6
8,2023-09,6,0.16573125059892213,381.000302427392,0.7619334864539299,6.330703636277716,0.6718596732004157,0.5353350327465551,0.4941343585147232,0.46795212129931885,14.895464987930135,4.031158039202494,0.32814032679958444,kefrin_t_affect_fe_noreset,6
9,2023-10,6,0.16835015349842364,380.579244792077,0.7592747436566639,6.337707673254109,0.6671012041896248,0.5300046238282249,0.4928469302337641,0.46477490738828103,14.896799597826622,4.002607225137749,0.33289879581037524,kefrin_t_affect_fe_noreset,6
10,2023-11,6,0.17144251715908396,389.4632451079343,0.7509512466715844,6.193138968303796,0.6719355882543979,0.5363299009168653,0.4939325845324482,0.4735101645374982,14.894505579280118,4.031613529526387,0.3280644117456021,kefrin_t_affect_fe_noreset,6
11,2023-12,6,0.17168311592050117,386.7770099088133,0.7537211579125639,6.236151421121575,0.6598000112452033,0.540153305601957,0.4864371423480625,0.47256727660331593,14.534754557000149,3.95880006747122,0.3401999887547968,kefrin_t_affect_fe_noreset,6
12,2024-01,6,0.1716188459726714,394.31398875341125,0.7457289866030073,6.116952653963215,0.6667561929689406,0.5335026946314412,0.49181102975173113,0.47050901248703,14.439733438645053,4.0005371578136435,0.3332438070310594,kefrin_t_affect_fe_noreset,6
13,2024-02,6,0.16999911086415576,390.86141175251925,0.7488198924645812,6.170985232809833,0.6621659539076966,0.5364598828306669,0.48860205813896884,0.46956475435001116,14.549451020440149,3.97299572344618,0.33783404609230344,kefrin_t_affect_fe_noreset,6
14,2024-03,6,0.17221724737704802,391.6547850504045,0.7481466598329637,6.1584846963878785,0.6654366900648171,0.540444805035439,0.4894241874716373,0.47782609495238765,14.725877827909034,3.9926201403889023,0.33456330993518296,kefrin_t_affect_fe_noreset,6
15,2024-04,6,0.16788012571352226,386.4111938485566,0.7494633268599161,6.242055195081429,0.6564174371642458,0.5384953814336301,0.48498575849120623,0.4701176651955835,14.407605419653992,3.938504622985475,0.3435825628357541,kefrin_t_affect_fe_noreset,6
16,2024-05,6,0.16969261663079782,392.7087627221981,0.7468537543614366,6.141956149082031,0.6607448970722241,0.5385246284333077,0.4873370290215813,0.47199053097192417,14.617001639586611,3.9644693824333443,0.339255102927776,kefrin_t_affect_fe_noreset,6
17,2024-06,6,0.16346596188901627,383.67384753499465,0.7487421247419147,6.286589548640017,0.6519951321309404,0.5331042748322259,0.48382616140954926,0.46103267987369817,14.295511836459061,3.911970792785642,0.3480048678690595,kefrin_t_affect_fe_noreset,6
18,2024-07,6,0.16034258191124412,391.06621186738363,0.7370120503960362,6.1677535077306676,0.7025687964783213,0.5348124413999991,0.5106833433397553,0.5089256183704246,15.909627380100074,4.215412778869927,0.29743120352167873,kefrin_t_affect_fe_noreset,6
19,2024-08,6,0.16024266118341024,393.65369451682966,0.7359233068969906,6.127212912253975,0.7077653342323407,0.54128205636958,0.5117236559484819,0.5124972619274558,15.926816749635284,4.246592005394044,0.29223466576765933,kefrin_t_affect_fe_noreset,6
20,2024-09,6,0.1634767867655647,401.11708234881166,0.7351667448214233,6.0132068818313815,0.6922943806849006,0.5564233123306833,0.4997762174666152,0.49788999307481496,15.02159313853514,4.153766284109404,0.3077056193150994,kefrin_t_affect_fe_noreset,6
21,2024-10,6,0.16365587922613947,400.6172914215212,0.7358905295761762,6.020708670465608,0.678912213271337,0.5505994044946734,0.4941825109091868,0.48822495752663053,14.921033484061013,4.073473279628022,0.321087786728663,kefrin_t_affect_fe_noreset,6
22,2024-11,6,0.16409696864117,401.6632084808271,0.7343455402325807,6.005030953974302,0.6762592584724011,0.5564588786204735,0.49135661893743693,0.4901906859551475,14.671221498146352,4.057555550834406,0.32374074152759885,kefrin_t_affect_fe_noreset,6
23,2024-12,6,0.16832713286501141,395.64764078913913,0.7419632025559115,6.096333584067743,0.6906690592174042,0.5626305288496852,0.49738822410226735,0.5069541721276769,15.232753120897693,4.144014355304425,0.30933094078259576,kefrin_t_affect_fe_noreset,6
0,2023-01,6,0.16827747508277255,378.66991431682635,0.7732020979776559,6.36966368017799,0.6562747343707881,0.4822747744127656,0.49849780992758236,0.45710674290960485,14.685950941857236,3.937648406224729,0.34372526562921185,kefrin_t_affect_fe,6
1,2023-02,6,0.16834772777709936,384.4971827386326,0.771754608904524,6.273127888272698,0.673199265525707,0.48905990091656343,0.5064562579139915,0.4715311175589596,15.317410550779492,4.039195593154242,0.32680073447429314,kefrin_t_affect_fe,6
2,2023-03,6,0.16903122226180603,385.18761597862147,0.7717260596576107,6.261883559968526,0.6709232701600777,0.48342310411461575,0.5066096066530619,0.46760706427848875,15.257573228197904,4.025539620960466,0.32907672983992226,kefrin_t_affect_fe,6
3,2023-04,6,0.16402342196487277,376.9210588664023,0.7711359573906095,6.39921793506083,0.6756289879313792,0.4892751002131525,0.5077746978102229,0.48112457363674704,15.552972590873766,4.053773927588275,0.3243710120686208,kefrin_t_affect_fe,6
4,2023-05,6,0.16421712396536875,377.68650548539864,0.7669551520398098,6.386248820036934,0.6672991829540537,0.4886720918801873,0.5032078799837879,0.47529000432105917,15.063604508173066,4.003795097724322,0.33270081704594623,kefrin_t_affect_fe,6
5,2023-06,6,0.16299393292470465,375.5273191000936,0.7663342764008432,6.422968123278141,0.673721353260841,0.49453954946532847,0.5053484271356852,0.4705896144529351,15.432175218118697,4.042328119565046,0.326278646739159,kefrin_t_affect_fe,6
6,2023-07,6,0.16157883330489517,371.368010484576,0.7680139814788612,6.494905139655742,0.7041598414023019,0.4901944914157013,0.5234706988118992,0.49458177996016806,16.296806620382,4.224959048413812,0.29584015859769797,kefrin_t_affect_fe,6
7,2023-08,6,0.15873328504607045,366.8991506287049,0.7678437740824376,6.574013583478964,0.6935293863494131,0.49635566913410156,0.5159278171721978,0.48677039854683923,15.997941695351537,4.161176318096478,0.306470613650587,kefrin_t_affect_fe,6
8,2023-09,6,0.1574761408776481,374.0643166404728,0.766761892715721,6.448088985505301,0.6890469963705345,0.5029410954643272,0.511712873774132,0.47558450866108254,15.588409732497997,4.134281978223207,0.3109530036294657,kefrin_t_affect_fe,6
9,2023-10,6,0.16850565565781414,380.7452327872991,0.756293895440421,6.334944714455423,0.6988714814930331,0.5421646516597916,0.5068313521764705,0.4985613666951597,15.823080767653032,4.193228888958199,0.30112851850696676,kefrin_t_affect_fe,6
10,2023-11,6,0.17125520016611165,388.9083595871993,0.7496738962708238,6.201975196830895,0.6855054134726656,0.5490635469773768,0.4980473476495003,0.4895523798773651,15.237714196917114,4.113032480835994,0.31449458652733436,kefrin_t_affect_fe,6
11,2023-12,6,0.17230615473886826,384.870234095512,0.7542101691749279,6.267047400193128,0.6757507591692443,0.5484301161594406,0.4930320588803299,0.4867655216208778,14.960497286925218,4.054504555015466,0.3242492408307555,kefrin_t_affect_fe,6
12,2024-01,6,0.17314341103162856,393.0460790900314,0.7461747013194869,6.136685056327723,0.672068828130537,0.5364258848582564,0.4939811548713727,0.473002791621507,14.569253547927918,4.032412968783222,0.327931171869463,kefrin_t_affect_fe,6
13,2024-02,6,0.17392557108361595,390.5391610076018,0.7488413935773798,6.176077179499677,0.6678431228799365,0.5388665883999251,0.49110505011791805,0.4803397302756141,14.714503705259816,4.007058737279619,0.33215687712006337,kefrin_t_affect_fe,6
14,2024-03,6,0.17561446078614493,391.964454642332,0.7470667172714057,6.153619215806067,0.6665961401405265,0.5412292971787268,0.48986277996175226,0.48181688691207825,14.782883835062243,3.999576840843159,0.3334038598594735,kefrin_t_affect_fe,6
15,2024-04,6,0.17133381079690882,385.76358703110617,0.7517504714538076,6.2525341454933825,0.6525863215985134,0.5401569984354312,0.4825040820385477,0.4677167112669106,14.320602728978528,3.91551792959108,0.34741367840148674,kefrin_t_affect_fe,6
16,2024-05,6,0.17245297997258127,392.22690755271935,0.7479491582909645,6.149501611323804,0.6630278336300225,0.5338701847876132,0.489691385898773,0.4714051777337431,14.655777036683215,3.9781670017801347,0.33697216636997757,kefrin_t_affect_fe,6
17,2024-06,6,0.1617908536860851,381.1088256095434,0.751081930655694,6.328900927818349,0.6756477611572528,0.5317018914467225,0.49707643551644864,0.4706988905293841,14.951610716177697,4.0538865669435165,0.3243522388427472,kefrin_t_affect_fe,6
18,2024-07,6,0.16283501756794633,387.6421320283303,0.7452664346290322,6.222233861369131,0.7045725902447938,0.5284758653915488,0.5134060486037314,0.4939304139332159,15.91811268659728,4.227435541468763,0.2954274097552061,kefrin_t_affect_fe,6
19,2024-08,6,0.164884284544451,391.3452967034008,0.7448248241151858,6.163355022580087,0.7235447354579522,0.5258415821796927,0.5241293062732151,0.5080250273903366,16.507991988461825,4.341268412747713,0.27645526454204794,kefrin_t_affect_fe,6
20,2024-09,6,0.16914639263785208,399.28247157703476,0.7442685807208299,6.040836179142529,0.7111922451245452,0.5518416322092136,0.51074317500633,0.50165750870465,15.635222391050519,4.267153470747271,0.28880775487545485,kefrin_t_affect_fe,6
21,2024-10,6,0.16928002505665532,397.7008095584822,0.7455352896381655,6.064860674228307,0.6889825652467413,0.5419954659525825,0.5016526940312263,0.48305131839273063,15.295066736289334,4.133895391480448,0.31101743475325855,kefrin_t_affect_fe,6
22,2024-11,6,0.1689319040058326,397.6896737678715,0.7426651335547395,6.06503049764341,0.6712067267879994,0.5436549743594546,0.4917608096124821,0.4741197150083763,14.605024470379924,4.027240360727997,0.3287932732120005,kefrin_t_affect_fe,6
23,2024-12,6,0.1721182998193458,394.77348581992703,0.7468659385835459,6.109832819674762,0.6908383082151003,0.5441879975459194,0.5020824586161939,0.4949961372886646,15.308884549955497,4.1450298492906015,0.30916169178489983,kefrin_t_affect_fe,6
0,2023-01,7,0.1658815602512711,359.0798099750704,0.7246877761188564,6.527332554553979,0.5843228757117459,0.49768136525144147,0.4526804191696078,0.42446045693798184,15.51667416711743,4.090260129982221,0.4156771242882541,kefrin_warm,7
1,2023-02,7,0.16336595260452624,360.5580192121689,0.7247348364307409,6.500571914763361,0.595214133516062,0.500034889181736,0.45869402477749893,0.43370959674158566,15.990893782554721,4.166498934612434,0.40478586648393794,kefrin_warm,7
2,2023-03,7,0.16571756315734426,362.8923647016093,0.7243822104606447,6.458756263060443,0.5880525766667866,0.5076012783762462,0.45287199046252974,0.4275311723845626,15.649125560702853,4.116368036667506,0.4119474233332134,kefrin_warm,7
3,2023-04,7,0.16125829105202122,354.39141278288156,0.7275725112572403,6.613685458482839,0.58464411469139,0.5079691525595058,0.450773014859759,0.42019745853428875,15.75598468730391,4.09250880283973,0.41535588530861006,kefrin_warm,7
4,2023-05,7,0.16381881259570394,358.8282754131448,0.7232042075823105,6.531908140836195,0.5976129927413112,0.5027570201670344,0.4595417709319946,0.4323949512686834,16.03526920707362,4.183290949189178,0.4023870072586888,kefrin_warm,7
5,2023-06,7,0.1615607342521443,354.60393293517336,0.725176382875303,6.609721764597064,0.6136604416895114,0.5046305139092869,0.4685604814583603,0.44264967517573334,16.68016168270905,4.29562309182658,0.3863395583104885,kefrin_warm,7
6,2023-07,7,0.15872031618957266,355.2539225422027,0.7231450687661607,6.597628300796301,0.6189001466339693,0.4948184613433907,0.4738016151752098,0.44198613397828,16.860511687139404,4.3323010264377855,0.3810998533660306,kefrin_warm,7
7,2023-08,7,0.15732655390362074,351.62949592259537,0.7255262028885949,6.665633459399221,0.6087579834512706,0.502168999154453,0.4662313464976154,0.43319080173566904,16.37349869423249,4.261305884158895,0.39124201654872925,kefrin_warm,7
8,2023-09,7,0.15648781940277023,358.037469461251,0.7228092511142366,6.5463353231162245,0.6127274597688736,0.539690212629023,0.4604608714183324,0.44320785033291576,16.125879266297694,4.289092218382115,0.38727254023112645,kefrin_warm,7
9,2023-10,7,0.160117999506767,359.3218886249852,0.7240933240321134,6.52293502714924,0.6181459574140796,0.5398900502785585,0.4634712891842189,0.4461685773402425,16.427957456920257,4.327021701898557,0.38185404258592026,kefrin_warm,7
10,2023-11,7,0.16363937719235638,368.08420869324004,0.7218592055249804,6.367655221217802,0.6060394437823483,0.5440747924245679,0.45576100877828707,0.43791643356681975,15.793615081362864,4.242276106476438,0.39396055621765164,kefrin_warm,7
11,2023-12,7,0.16292365412943274,364.06198391072434,0.7273130920152482,6.438006265186123,0.6009727540396651,0.5458571926761099,0.4525242880351697,0.4348898860304477,15.682278358879783,4.206809278277656,0.39902724596033495,kefrin_warm,7
12,2024-01,7,0.16501031168745553,372.2989064837517,0.7188972657933504,6.295568674832048,0.6162978661247908,0.5331139621258022,0.463885153136888,0.4534000656635241,15.938423698373725,4.314085062873535,0.38370213387520924,kefrin_warm,7
13,2024-02,7,0.16349802682265008,369.46411551090335,0.7218367364353964,6.343872746862648,0.6078602784891448,0.5495476107363313,0.4556509240272504,0.44428324536928643,15.87289622576042,4.255021949424013,0.39213972151085524,kefrin_warm,7
14,2024-03,7,0.1652371125040281,370.28946376096997,0.7198782943712886,6.329732716473752,0.6056848235943767,0.5519308326262526,0.4539358321082307,0.44583470547178994,15.869383808192076,4.239793765160637,0.3943151764056233,kefrin_warm,7
15,2024-04,7,0.15935923211539982,366.1359884513649,0.7146233061395293,6.4015376998228986,0.6193614318648029,0.5460827049628295,0.4628239334561711,0.46783853539368275,16.36932256063268,4.33553002305362,0.3806385681351972,kefrin_warm,7
16,2024-05,7,0.1583017896687116,370.29439581297294,0.7124862897448703,6.3296484090381675,0.6156750799852857,0.5393824271735354,0.462189270759405,0.4576776984044317,16.289961841735938,4.309725559897,0.3843249200147144,kefrin_warm,7
17,2024-06,7,0.15519388535046008,364.2745411861605,0.7143071268160044,6.434249634084449,0.6155580591362073,0.5279531497437291,0.46457709329676283,0.45349370963478297,16.332444281843216,4.308906413953451,0.38444194086379263,kefrin_warm,7
18,2024-07,7,0.15778057400681061,368.59111321330334,0.7107002791703191,6.358898110429914,0.6255300590846108,0.5182554891670607,0.47238894019536215,0.457703448555124,16.785728023862728,4.378710413592276,0.3744699409153891,kefrin_warm,7
19,2024-08,7,0.15820141020301076,371.7418946978939,0.710560351993,6.305001848764214,0.6235162895849827,0.5294978554370184,0.4687561833753133,0.4517900156287345,16.521121382973007,4.364614027094879,0.3764837104150174,kefrin_warm,7
20,2024-09,7,0.1612046212220875,378.87988207867244,0.7110810204566254,6.1862174377647445,0.6210389011230577,0.542032830951969,0.46463264587195235,0.448726094555545,16.023893478666686,4.347272307861404,0.3789610988769421,kefrin_warm,7
21,2024-10,7,0.16155406106193013,377.98816217928106,0.7109160428782129,6.200811474676939,0.6089944142196317,0.53648782472477,0.4590232239037878,0.4443718377653723,15.911285024994967,4.262960899537422,0.3910055857803683,kefrin_warm,7
22,2024-11,7,0.16231428031284992,379.58395628296245,0.7079034320849249,6.174742885039411,0.6119149452623632,0.55100494209056,0.4576200391503187,0.4567450271302816,15.796914307751184,4.283404616836543,0.3880850547376366,kefrin_warm,7
23,2024-12,7,0.16615995248793447,376.42613342516455,0.7183538718298976,6.226542541046235,0.6065227305938228,0.5497748446236977,0.45485192774030525,0.4418991005092105,15.760562483801634,4.2456591141567595,0.39347726940617733,kefrin_warm,7
0,2023-01,7,0.1658815602512711,359.0798099750704,0.7246877761188564,6.527332554553979,0.5843228757117459,0.49768136525144147,0.4526804191696078,0.42446045693798184,15.51667416711743,4.090260129982221,0.4156771242882541,kefrin_fixed0.5,7
1,2023-02,7,0.16430310289557068,360.3934854504531,0.7268964643894307,6.503539680812469,0.5846508542257908,0.5008081546618803,0.45223684788584895,0.4216698236916629,15.623672583047352,4.092555979580536,0.4153491457742091,kefrin_fixed0.5,7
2,2023-03,7,0.1647247036193144,362.12642501987096,0.7262121569403748,6.4724172868763175,0.5789924578357757,0.5075995873918195,0.4474797889158511,0.4160578185352476,15.39576810776477,4.05294720485043,0.42100754216422437,kefrin_fixed0.5,7
3,2023-04,7,0.16141915880175656,354.19520865207403,0.7289899412775043,6.617349066502143,0.573138140871669,0.5057277050921537,0.44434416773417756,0.405884474795738,15.371307188052825,4.011966986101683,0.4268618591283309,kefrin_fixed0.5,7
4,2023-05,7,0.16285267797472497,357.8022337130771,0.7255797230208768,6.550639186933813,0.586139772044423,0.5023294536364106,0.4528150499096128,0.4186463862508752,15.653489618642325,4.102978404310961,0.41386022795557703,kefrin_fixed0.5,7
5,2023-06,7,0.1614006830898292,354.04606652531703,0.7264790845874225,6.620136628931398,0.5920416484641907,0.5018540882843754,0.4564283360018546,0.4209019808222102,15.931304569550695,4.144291539249335,0.40795835153580917,kefrin_fixed0.5,7
6,2023-07,7,0.1617035398190766,355.83327670729983,0.7256640305082851,6.586886294114971,0.6002484561370532,0.49370070157745705,0.4630320966606943,0.4199681354726277,16.239267303223613,4.201739192959373,0.39975154386294687,kefrin_fixed0.5,7
7,2023-08,7,0.16074869094507344,351.8587706291831,0.7322093721217316,6.66129006573337,0.6092307702864808,0.5004305914929009,0.46688725189277624,0.417505599125758,16.413231516063163,4.264615392005365,0.39076922971351935,kefrin_fixed0.5,7
8,2023-09,7,0.1610719605410253,359.2693693077236,0.7304097083075881,6.523888573773119,0.5981325925725934,0.5324168393963693,0.45366144494313526,0.4126273806739529,15.651228639609283,4.186928148008154,0.40186740742740656,kefrin_fixed0.5,7
9,2023-10,7,0.16268611829823926,360.25358328542364,0.7269725478886402,6.50606528867292,0.5964769792948245,0.5315091942423874,0.45289448321084447,0.41494540700274896,15.711798588511648,4.175338855063771,0.40352302070517565,kefrin_fixed0.5,7
10,2023-11,7,0.16451725486152732,368.2353371217657,0.7222198389759326,6.365041855171791,0.5936398746895172,0.5332951118976447,0.45089361107885956,0.4167117319436879,15.459655847207404,4.155479122826621,0.40636012531048277,kefrin_fixed0.5,7
11,2023-12,7,0.16475268075527585,364.6656294510591,0.7268965215685453,6.427349177002418,0.5842353735470779,0.5402071561916688,0.4440800876508307,0.4147649660698693,15.163347944550232,4.089647614829545,0.41576462645292206,kefrin_fixed0.5,7
12,2024-01,7,0.16645632609122823,374.12660947315345,0.7195725458277855,6.26481323163281,0.5845022355382927,0.5302094802419676,0.4462160365321099,0.4127663703887801,14.82603780662329,4.091515648768049,0.41549776446170733,kefrin_fixed0.5,7
13,2024-02,7,0.16458182836789764,370.6472550242122,0.7214158264460594,6.323622532103264,0.5781390768239743,0.5424917651750356,0.4401060978869087,0.41221398266573117,14.829911827751099,4.04697353776782,0.4218609231760257,kefrin_fixed0.5,7
14,2024-03,7,0.16571371495450216,371.15927402914593,0.7218852627319347,6.3148990132718055,0.5922807222174361,0.5491133545048851,0.4469269904409907,0.4317943544440573,15.407779540617,4.145965055522053,0.4077192777825638,kefrin_fixed0.5,7
15,2024-04,7,0.1634506228285126,365.9408104732131,0.725177558066631,6.404952020252745,0.5835702856850371,0.5471099793829731,0.4423409409253401,0.423425497626557,15.093372722212514,4.0849919997952595,0.41642971431496284,kefrin_fixed0.5,7
16,2024-05,7,0.16438326210081755,371.8166860988693,0.7213579283566771,6.303733589594975,0.579297005163579,0.5413880826668385,0.44099132393141877,0.4150040847517198,14.983842538848979,4.055079036145052,0.42070299483642104,kefrin_fixed0.5,7
17,2024-06,7,0.16030822264619252,362.5206251676226,0.7254109945989374,6.465379265661338,0.5687337323468541,0.5326192264638475,0.4365075201255501,0.4022362552869471,14.543772702514795,3.9811361264279785,0.4312662676531459,kefrin_fixed0.5,7
18,2024-07,7,0.15973281722901442,367.99542744982404,0.7147661864232415,6.369191458643636,0.6164096470548105,0.5203907130302304,0.4667033984443807,0.4414025701442409,16.394568048540805,4.314867529383673,0.3835903529451895,kefrin_fixed0.5,7
19,2024-08,7,0.15990238222048808,370.80053891400314,0.7138094811715557,6.321008432722155,0.6180924089924041,0.5221881453353433,0.4672746091093174,0.43862310449902153,16.339669842709554,4.326646862946829,0.38190759100759586,kefrin_fixed0.5,7
20,2024-09,7,0.16233415116958017,378.5534046410965,0.7128056047978005,6.1915526438218205,0.611084617087178,0.5378359729715739,0.4599243629825788,0.4327909294255273,15.63154328053245,4.277592319610246,0.38891538291282196,kefrin_fixed0.5,7
21,2024-10,7,0.16245205439059202,377.1607032161599,0.7135849657296538,6.214415535199664,0.5989985153690306,0.5316941047330097,0.45430852762979473,0.42556601968586777,15.53146569542918,4.192989607583214,0.4010014846309695,kefrin_fixed0.5,7
22,2024-11,7,0.16293989786860835,378.42525135536295,0.7106055051498649,6.193649406160636,0.594334089525136,0.5421182354039775,0.44950414662498767,0.42529507252298765,15.199240371493794,4.160338626675952,0.40566591047486394,kefrin_fixed0.5,7
23,2024-12,7,0.1658979393910002,375.63421281999615,0.7171219231538789,6.239669479884406,0.5971304161429523,0.5450643898879733,0.450503125068466,0.4238056840064024,15.423987950863026,4.179912913000666,0.4028695838570478,kefrin_fixed0.5,7
0,2023-01,7,0.1658815602512711,359.0798099750704,0.7246877761188564,6.527332554553979,0.5843228757117459,0.49768136525144147,0.4526804191696078,0.42446045693798184,15.51667416711743,4.090260129982221,0.4156771242882541,kefrin_t_affect,7
1,2023-02,7,0.16413512851913595,360.4391634575565,0.7270079392324291,6.502715495313626,0.5855358895437474,0.5014154080141588,0.45264175601700773,0.4230213333116039,15.643058796118568,4.098751226806232,0.4144641104562526,kefrin_t_affect,7
2,2023-03,7,0.16506422680011576,362.74740425423107,0.7261157236141682,6.461337299303347,0.5799562966219357,0.5074311095267191,0.4480891085952897,0.4173270666817421,15.408468717559721,4.05969407635355,0.4200437033780643,kefrin_t_affect,7
3,2023-04,7,0.16123065116091112,354.56380986100334,0.7284245011710025,6.61046973252055,0.5787392214816355,0.507163832977893,0.44741572552265696,0.41250699065368873,15.530743634533946,4.0511745503714485,0.4212607785183646,kefrin_t_affect,7
4,2023-05,7,0.16258340818289604,357.8247590067561,0.7248749216559995,6.550226820076135,0.5936112851183889,0.5041931293925812,0.45687192500134793,0.42716041571922975,15.892087359802044,4.155278995828723,0.40638871488161105,kefrin_t_affect,7
5,2023-06,7,0.162134557406625,354.64948134616526,0.7264262787454766,6.6088728635290765,0.5987191687951572,0.5010820468849979,0.4605505757431015,0.42565520810021495,16.162848239417908,4.1910341815661,0.40128083120484276,kefrin_t_affect,7
6,2023-07,7,0.16170525182981696,355.77243724309767,0.7258199594165928,6.588012695687842,0.6039253537321773,0.49323263257948224,0.4653183331862068,0.42357815848696045,16.351879128375305,4.227477476125241,0.3960746462678228,kefrin_t_affect,7
7,2023-08,7,0.1612318960530907,352.06105921835837,0.7329090117931081,6.6574625962243115,0.6127305599697809,0.5002218103330963,0.4689858414833298,0.4206739470614776,16.55776149222474,4.289113919788466,0.3872694400302191,kefrin_t_affect,7
8,2023-09,7,0.1608374304492114,358.7952722083066,0.729079521775331,6.532508967878955,0.6028654628990384,0.5329412339463525,0.45626971561783497,0.41859526188126484,15.82621797035369,4.220058240293269,0.3971345371009615,kefrin_t_affect,7
9,2023-10,7,0.16264421719949235,360.4018420528517,0.7263816343573984,6.503388883871515,0.601000931907631,0.5313917688568122,0.4555221977374253,0.41888666380508777,15.866081829753869,4.207006523353417,0.398999068092369,kefrin_t_affect,7
10,2023-11,7,0.16457337264513733,368.00550743218673,0.7218621520341324,6.369017001098109,0.6000001072747646,0.531537046674625,0.45491695309649066,0.4216999681295602,15.689309990088265,4.200000750923352,0.39999989272523534,kefrin_t_affect,7
11,2023-12,7,0.16458384757448638,364.5835448315781,0.7255341464709835,6.428796270594394,0.5902277906873968,0.5414535863350681,0.4472842601193043,0.42119918789004795,15.357233892684665,4.131594534811778,0.4097722093126032,kefrin_t_affect,7
12,2024-01,7,0.16666382513519176,373.9725488875897,0.71954618235705,6.267394064899274,0.5862728852829763,0.5283469652860406,0.4476200980919628,0.4145774640719419,14.893614720789346,4.103910196980834,0.41372711471702367,kefrin_t_affect,7
13,2024-02,7,0.164678645992528,370.6275164541129,0.7210079502158341,6.323959310299944,0.582428862127314,0.5428709953474803,0.44251334076818355,0.418289743591362,14.986280253216142,4.077002034891199,0.4175711378726859,kefrin_t_affect,7
14,2024-03,7,0.1661536615991676,371.35604826274505,0.7208565682967866,6.311552873039526,0.5946020017002284,0.5494747235256069,0.4481748618659581,0.4345932394850535,15.504102927959034,4.1622140119015985,0.4053979982997716,kefrin_t_affect,7
15,2024-04,7,0.16327175104324715,365.79272920714664,0.7243960300468827,6.407544891374895,0.5872209581207645,0.5478568575038774,0.4442877881474538,0.42784465898868856,15.242663006171604,4.110546706845351,0.4127790418792355,kefrin_t_affect,7
16,2024-05,7,0.1640136870365682,371.6742991089907,0.7200750450927745,6.306148525610111,0.5899991011498782,0.5389354362519139,0.44765697561327056,0.42151713329381046,15.370766397693703,4.129993708049147,0.41000089885012186,kefrin_t_affect,7
17,2024-06,7,0.15649863429332883,363.46681816796365,0.7173968525260946,6.448548302558423,0.6080975553926223,0.5255635184558722,0.4608217419336232,0.43808673566741335,15.99327121398338,4.256682887748356,0.39190244460737766,kefrin_t_affect,7
18,2024-07,7,0.15857287186842003,367.9194300957065,0.7135660508848422,6.370507077388205,0.6182465998469703,0.5213036827430606,0.46755599935868564,0.44746504721476715,16.49708571821551,4.327726198928792,0.3817534001530298,kefrin_t_affect,7
19,2024-08,7,0.15959529975935616,370.78220705191205,0.713661513576681,6.3213209500238525,0.6225952668977897,0.5241363374952395,0.46941387623957587,0.44477421533410477,16.49822331758574,4.358166868284528,0.37740473310221034,kefrin_t_affect,7
20,2024-09,7,0.16199279446821258,378.43566811093814,0.7129798917499474,6.193478920824767,0.6153924122600472,0.5380989919401878,0.462304093252656,0.43651457057001547,15.800789944051944,4.30774688582033,0.38460758773995296,kefrin_t_affect,7
21,2024-10,7,0.16262212375855217,377.34648598311117,0.7135055823017317,6.211355929887302,0.6014073685699162,0.5325818118617613,0.45550859231206614,0.4283424595724979,15.608081668505772,4.209851579989413,0.3985926314300839,kefrin_t_affect,7
22,2024-11,7,0.16342791308098248,379.2244543114133,0.7105046165223428,6.180596495521919,0.5963399652969119,0.5427664173567439,0.45051899314782645,0.42700001200573023,15.274841540762162,4.174379757078383,0.40366003470308814,kefrin_t_affect,7
23,2024-12,7,0.16575493577208308,375.7386917142463,0.7164117594791483,6.23793446088817,0.598019690511619,0.5454600644226817,0.4509286365906796,0.4242846751883578,15.45223309133248,4.186137833581332,0.4019803094883811,kefrin_t_affect,7
0,2023-01,7,0.1658815602512711,359.0798099750704,0.7246877761188564,6.527332554553979,0.5843228757117459,0.49768136525144147,0.4526804191696078,0.42446045693798184,15.51667416711743,4.090260129982221,0.4156771242882541,kefrin_t_affect_fe_noreset,7
1,2023-02,7,0.16407111645955894,360.21014701873185,0.7271361298743011,6.50684982844597,0.5842167690497233,0.5012906216411835,0.45187854080601414,0.4214080858998813,15.600229873568201,4.089517383348063,0.41578323095027675,kefrin_t_affect_fe_noreset,7
2,2023-03,7,0.16499207762671358,362.3719001984571,0.7283445561577083,6.468032791863017,0.5776353393634093,0.5079757042554437,0.44659370675665677,0.4135559495668811,15.356599718448816,4.043447375543865,0.4223646606365908,kefrin_t_affect_fe_noreset,7
3,2023-04,7,0.16079559737651725,354.0865486026869,0.7304546543885989,6.619379760633888,0.5777941457400738,0.5084185448056703,0.44660028411070635,0.4107856165429256,15.521208285183906,4.044559020180516,0.42220585425992624,kefrin_t_affect_fe_noreset,7
4,2023-05,7,0.162104964175471,356.9357732131904,0.725860811055964,6.5665408435635,0.587294396706197,0.5075130525724841,0.45244024955438356,0.42139260948227675,15.678388229047766,4.111060776943379,0.41270560329380296,kefrin_t_affect_fe_noreset,7
5,2023-06,7,0.16036076753962847,353.29572575340967,0.7278413919881057,6.634196687024915,0.5846963074418602,0.5060524662066481,0.45119389550831407,0.4154195430324747,15.664633872093116,4.092874152093021,0.41530369255813987,kefrin_t_affect_fe_noreset,7
6,2023-07,7,0.15961681780941073,354.87392371765264,0.7253948760851272,6.604693037965086,0.5871086003680797,0.5000254585845015,0.45386715992751714,0.4123837810000137,15.739840234365683,4.109760202576558,0.41289139963192023,kefrin_t_affect_fe_noreset,7
7,2023-08,7,0.15993082235036438,351.9855238096326,0.7291374394508481,6.658891274747336,0.5931324817930396,0.5060826493485786,0.45619467503945677,0.4099588730151247,15.815691275508877,4.151927372551277,0.40686751820696043,kefrin_t_affect_fe_noreset,7
8,2023-09,7,0.16150634928351523,359.57572620243724,0.72971596178288,6.518330250173174,0.5927011578827216,0.5297063378788156,0.4510808994268991,0.40705964259126287,15.455331311236243,4.148908105179051,0.40729884211727846,kefrin_t_affect_fe_noreset,7
9,2023-10,7,0.1640134971914815,361.2490996648029,0.7276324181482615,6.488136124098683,0.5870380306807085,0.5318812275134067,0.4473575621909108,0.4066963340129921,15.377001772721336,4.1092662147649595,0.4129619693192916,kefrin_t_affect_fe_noreset,7
10,2023-11,7,0.16686967857600601,369.77628914012695,0.7225013010159034,6.3385171039053185,0.5779109549015775,0.535966158262076,0.44124073458563345,0.40512110193852635,14.919805167207361,4.045376684311043,0.4220890450984224,kefrin_t_affect_fe_noreset,7
11,2023-12,7,0.16639368473423174,365.7682277506744,0.7264449287361453,6.407974109033346,0.5702448194780905,0.5410399780742643,0.43579198935552166,0.4054251475201326,14.68115283631538,3.9917137363466333,0.42975518052190953,kefrin_t_affect_fe_noreset,7
12,2024-01,7,0.16759599569220313,374.03273217602055,0.7191343178826995,6.2663856173697665,0.5773370177753021,0.525706089388054,0.4429096832367131,0.4071509368872505,14.609069162119267,4.041359124427115,0.4226629822246979,kefrin_t_affect_fe_noreset,7
13,2024-02,7,0.16553813049683477,370.71419449378055,0.7212944674928689,6.322480682278423,0.5717777748226573,0.5365526297581417,0.43754411176109376,0.40463148564460094,14.659446434957724,4.002444423758601,0.42822222517734276,kefrin_t_affect_fe_noreset,7
14,2024-03,7,0.16658749393945163,371.99059763510917,0.7221001927322446,6.30078649362109,0.5837141606988175,0.5478955356069481,0.44226988911651055,0.4229257352717851,15.146470800740024,4.085999124891723,0.41628583930118246,kefrin_t_affect_fe_noreset,7
15,2024-04,7,0.16406795422904996,366.45867457836937,0.7251536180771242,6.3959008093614935,0.5782483236613402,0.5431303457623798,0.44004571344036697,0.4167017154540425,14.923669992458521,4.047738265629381,0.4217516763386597,kefrin_t_affect_fe_noreset,7
16,2024-05,7,0.16500386666755856,372.1119402994425,0.7215285608193266,6.298731858610141,0.5746868043592654,0.5389980545807768,0.4387742546091726,0.4087171055806749,14.83076029181749,4.022807630514858,0.4253131956407345,kefrin_t_affect_fe_noreset,7
17,2024-06,7,0.1606610296447912,362.68399064930685,0.725877415459467,6.462467034007232,0.5603454903435601,0.5347654341931852,0.43114994396524653,0.39344864820224384,14.252181364971895,3.9224184324049207,0.4396545096564399,kefrin_t_affect_fe_noreset,7
18,2024-07,7,0.1603965649763476,368.4363016619262,0.7160124602059434,6.361570026517131,0.5999370709309303,0.5201048913281099,0.4572585818588237,0.4225835276417307,15.811119635210169,4.199559496516512,0.40006292906906976,kefrin_t_affect_fe_noreset,7
19,2024-08,7,0.1608256991451086,371.55022823063456,0.714349916523911,6.30825432269263,0.6038774995568043,0.5239962375781155,0.4587237541023373,0.4238635294590434,15.881972595170385,4.227142496897629,0.3961225004431957,kefrin_t_affect_fe_noreset,7
20,2024-09,7,0.1625504063809107,379.47600561502423,0.7129101864485005,6.176499432512568,0.598284735844898,0.5376297426603728,0.4526782202600949,0.41972220374608826,15.210943280654792,4.187993150914286,0.40171526415510206,kefrin_t_affect_fe_noreset,7
21,2024-10,7,0.16282281475083718,377.40240964036815,0.713999391744334,6.2104355283974035,0.5849888880266894,0.5307210584663242,0.44639763482233935,0.41153605106076746,15.061910908288187,4.094922216186825,0.4150111119733106,kefrin_t_affect_fe_noreset,7
22,2024-11,7,0.1635468897658733,379.0891502369051,0.7109292900111217,6.182802467094076,0.5870213994396496,0.5407971539903282,0.44557073555763443,0.4184610681865045,14.94862323299524,4.109149796077547,0.4129786005603503,kefrin_t_affect_fe_noreset,7
23,2024-12,7,0.16508800510105195,375.3283201220467,0.7164802113563674,6.244754812456415,0.5851392679630542,0.5463789104303106,0.44338548852560944,0.41536082823506176,15.01227521935806,4.095974875741379,0.41486073203694585,kefrin_t_affect_fe_noreset,7
0,2023-01,7,0.1658815602512711,359.0798099750704,0.7246877761188564,6.527332554553979,0.5843228757117459,0.49768136525144147,0.4526804191696078,0.42446045693798184,15.51667416711743,4.090260129982221,0.4156771242882541,kefrin_t_affect_fe,7
1,2023-02,7,0.16497236309164562,360.71575429914503,0.7272863867043883,6.497729321213872,0.5863352250504015,0.49954435893140625,0.45350376603508835,0.42203261618044347,15.702978585512485,4.10434657535281,0.4136647749495985,kefrin_t_affect_fe,7
2,2023-03,7,0.16761455111640472,363.19979612759414,0.7292839964603468,6.453289231775701,0.5842481700021788,0.5042208833860109,0.45129972582630695,0.41413888812729355,15.642317197230378,4.089737190015251,0.41575182999782134,kefrin_t_affect_fe,7
3,2023-04,7,0.16329272938628905,353.5768769705466,0.732149664856976,6.628921419905458,0.5714892167868705,0.50350139990133,0.44379045644494647,0.400824331648954,15.322177007092543,4.000424517508093,0.4285107832131295,kefrin_t_affect_fe,7
4,2023-05,7,0.16574917250247223,358.1254243937108,0.727637174497014,6.544727555440475,0.5814196003771529,0.4978628177087108,0.450899100143851,0.40992908215902807,15.512932709179978,4.06993720264007,0.4185803996228471,kefrin_t_affect_fe,7
5,2023-06,7,0.16636096616153986,355.47867241414525,0.7300070415286323,6.593456978489791,0.5927473493488999,0.4904653999361244,0.45923701552287005,0.40896763036581907,15.996205033314123,4.149231445442299,0.4072526506511001,kefrin_t_affect_fe,7
6,2023-07,7,0.16613685678929613,355.9338527794485,0.7310634736189011,6.585025040553449,0.5859009650330022,0.48267406006167257,0.4567363045871255,0.4005122761156341,15.823551059321108,4.101306755231015,0.41409903496699785,kefrin_t_affect_fe,7
7,2023-08,7,0.16641426876424872,352.47597654259954,0.7340345583808966,6.649625759814194,0.5965724373627953,0.48775955105113195,0.4621067973146944,0.40750596057156707,16.10473457508669,4.1760070615395675,0.4034275626372046,kefrin_t_affect_fe,7
8,2023-09,7,0.16683255711968042,357.60430681633284,0.7329100242586343,6.5542648359018125,0.5827529582562941,0.5043564583718896,0.45037955353647857,0.39591647535189595,15.398345374254054,4.079270707794059,0.41724704174370586,kefrin_t_affect_fe,7
9,2023-10,7,0.1623790981170138,359.78482499134566,0.727285100937476,6.514541944312722,0.6122545110676402,0.5397678979113981,0.4601772742916768,0.43041181013657803,16.273918208908242,4.2857815774734815,0.3877454889323598,kefrin_t_affect_fe,7
10,2023-11,7,0.16586866281313628,369.044594135309,0.7239205571560448,6.351084314959439,0.594767349596412,0.5412147118728539,0.4499347692759096,0.41965447690427504,15.469939646251518,4.1633714471748835,0.4052326504035882,kefrin_t_affect_fe,7
11,2023-12,7,0.16551488544351722,365.0743671950523,0.7270973969792477,6.420153108369472,0.5675471503860835,0.5468088288106971,0.43312975274989174,0.4074171562921939,14.537995963563805,3.972830052702584,0.4324528496139165,kefrin_t_affect_fe,7
12,2024-01,7,0.16659977525596797,373.34619057513913,0.720052741239084,6.277908794844437,0.5777520551333418,0.5286184898075127,0.44258269030397773,0.40872945064570304,14.601468462047288,4.044264385933393,0.4222479448666582,kefrin_t_affect_fe,7
13,2024-02,7,0.16450711049095715,369.971909518854,0.7237140426890182,6.335165651850361,0.5727588719125851,0.5423790590607351,0.43700287279774824,0.409799900732524,14.66225891426804,4.009312103388096,0.427241128087415,kefrin_t_affect_fe,7
14,2024-03,7,0.16608309847827507,370.60110352736945,0.7220496360101427,6.324410022055527,0.5907640944596333,0.5465493958944563,0.4465736188936796,0.4306444653911509,15.374994048671711,4.135348661217433,0.40923590554036676,kefrin_t_affect_fe,7
15,2024-04,7,0.1640451685504366,365.5834401358129,0.7251833881886589,6.411213080282322,0.5799517130755124,0.545556498957755,0.44056007867755764,0.4198012257854711,14.965255788119066,4.0596619915285865,0.42004828692448765,kefrin_t_affect_fe,7
16,2024-05,7,0.16477560442572506,371.5274155382966,0.7205588997945565,6.308641664942579,0.5789666498163657,0.5365979210918721,0.441732574587168,0.41287745413874044,14.97436135737333,4.05276654871456,0.4210333501836342,kefrin_t_affect_fe,7
17,2024-06,7,0.15961470503058733,361.2940835399406,0.7255579510439756,6.487328301555831,0.5665421628596595,0.534807107760595,0.43480136121714724,0.39994215726425947,14.5038225475105,3.965795140017617,0.43345783714034036,kefrin_t_affect_fe,7
18,2024-07,7,0.16164682105350417,368.74766102311503,0.7182662528249404,6.356198509382299,0.6022719712261994,0.5245896615894472,0.45767237531643745,0.4236912809893274,15.86435934985926,4.215903798583396,0.3977280287738006,kefrin_t_affect_fe,7
19,2024-08,7,0.1619472235817555,370.6991298492128,0.7187016784708541,6.32273761820461,0.6099088624592118,0.523409273601538,0.4623211712720018,0.4254156863644759,16.116712192299758,4.269362037214483,0.3900911375407881,kefrin_t_affect_fe,7
20,2024-09,7,0.1630522354222688,378.46477798717257,0.7164640982145055,6.193002545174159,0.5999335514653064,0.5332362853721353,0.45452736606162936,0.42027132115456173,15.30581533760641,4.1995348602571445,0.4000664485346937,kefrin_t_affect_fe,7
21,2024-10,7,0.16367975726612738,376.76504691490686,0.7163231962024048,6.220941545733918,0.5947636611872978,0.5269249310612404,0.45284419263255743,0.4179479244134797,15.419855471466883,4.163345628311085,0.40523633881270216,kefrin_t_affect_fe,7
22,2024-11,7,0.16432573344472423,379.0531892841679,0.7132751293419853,6.183389032445822,0.588888708510883,0.5419564175235551,0.4464145920339793,0.41687212664048495,15.050725879554546,4.122220959576182,0.4111112914891169,kefrin_t_affect_fe,7
23,2024-12,7,0.1663268152179605,376.27700719433875,0.7188652521054908,6.229010246493205,0.5922680919518836,0.5448536728544375,0.44777223888216594,0.4188880489638227,15.308846582634654,4.145876643663185,0.4077319080481164,kefrin_t_affect_fe,7
0,2023-01,8,0.16142153984360272,330.4933032195545,0.7219909101600938,6.943732658124743,0.5993501065217945,0.49471055094901956,0.46228143283767764,0.4528045822557944,18.967866294141377,4.794800852174356,0.4006498934782054,kefrin_warm,8
1,2023-02,8,0.16198290988599934,336.4847395162761,0.7192765853172732,6.820092780897536,0.6016260090148163,0.5018903574450234,0.46209598967200416,0.45990570921337526,19.20149494749337,4.813008072118531,0.39837399098518367,kefrin_warm,8
2,2023-03,8,0.15993309342574896,336.3554192254457,0.7182825716595039,6.822714936901288,0.6074356912546318,0.5002157057676042,0.46587890961061357,0.46008099018163534,19.351926805113287,4.859485530037055,0.3925643087453682,kefrin_warm,8
3,2023-04,8,0.15719629591740586,330.1747523090868,0.7206526182126327,6.9504319358400135,0.6070591486824582,0.5224923659581941,0.46087657782234015,0.4611352678605416,19.44291581644253,4.856473189459667,0.39294085131754175,kefrin_warm,8
4,2023-05,8,0.15755285632401647,332.3077465861037,0.7162169149294071,6.905818977838745,0.5949659153308098,0.5246294191703719,0.4534329010329386,0.4550784713584453,18.68365047129194,4.759727322646478,0.4050340846691903,kefrin_warm,8
5,2023-06,8,0.1548740639381915,328.502419147717,0.7181458025286758,6.9858150476061445,0.608023561959179,0.5182890310102442,0.46232894372827094,0.46077908942911777,19.41371918728653,4.864188495673432,0.39197643804082105,kefrin_warm,8
6,2023-07,8,0.1525393935201833,327.4722856006586,0.71763936142264,7.007790410867452,0.6305620981008307,0.5061999439598557,0.4779916916561907,0.4726792010627634,20.262489678836317,5.044496784806647,0.36943790189916925,kefrin_warm,8
7,2023-08,8,0.15022659487486967,325.4022483438838,0.7190168650504913,7.0523702725985675,0.620278384778858,0.5262391814650904,0.46763530510616663,0.46889312181791615,19.835686168084507,4.962227078230865,0.37972161522114195,kefrin_warm,8
8,2023-09,8,0.15078305662394414,331.03391550163434,0.7168029523652539,6.932392831651756,0.6231364590841069,0.5323244767458128,0.467921761981983,0.4703842794991463,19.593522495087036,4.985091672672855,0.37686354091589314,kefrin_warm,8
9,2023-10,8,0.15379814812665518,332.90626958174363,0.714659424042971,6.893403196462335,0.6075964507467496,0.5310804869122451,0.4593667763231365,0.4632131922290643,19.147496042092925,4.860771605973997,0.39240354925325044,kefrin_warm,8
10,2023-11,8,0.1578512628991916,338.9963194911801,0.7086910982285012,6.7695635937925,0.5953497596891171,0.5306497574672611,0.4524201789143347,0.46247406029998,18.469182692070053,4.762798077512935,0.40465024031088304,kefrin_warm,8
11,2023-12,8,0.16108485375031514,344.49589101943724,0.7055421280041372,6.661493511769236,0.5878318211049552,0.5313500084596929,0.44792495155370615,0.4709224957651512,18.19648722010731,4.702654568839643,0.41216817889504476,kefrin_warm,8
12,2024-01,8,0.16313137455118862,346.63426501873585,0.7028602734385775,6.620399003927392,0.5789097445437783,0.5297734639454376,0.44303491443836435,0.45351566518335984,17.414416849082976,4.631277956350226,0.4210902554562218,kefrin_warm,8
13,2024-02,8,0.16514426229794082,347.6485054691002,0.7023897481647483,6.6010844480995905,0.5876676722862786,0.529669975030269,0.44816682113853906,0.45869007486190555,18.045040583557633,4.701341378290229,0.41233232771372136,kefrin_warm,8
14,2024-03,8,0.1655608888310204,346.4417071422011,0.7044253651560064,6.62407872824386,0.5846204338117015,0.536280825757574,0.44507895528766894,0.4562245409673819,18.01585988919516,4.676963470493612,0.41537956618829847,kefrin_warm,8
15,2024-04,8,0.16399463404594736,343.2328439708925,0.7070061790337834,6.686006841034584,0.5894645339424189,0.5334187047605962,0.44845591049181727,0.4578024281305304,18.113978889363665,4.7157162715393515,0.41053546605758096,kefrin_warm,8
16,2024-05,8,0.1621266477611627,344.78759378638154,0.7054894803454942,6.6558576474737,0.5724401409935809,0.5325544562162421,0.4387000092612423,0.4387275829717049,17.456496976134478,4.579521127948646,0.42755985900641913,kefrin_warm,8
17,2024-06,8,0.15628265215260237,338.19211734628396,0.7085249109451668,6.785661241498947,0.5762794700379177,0.52333287071182,0.4427517465129006,0.4438399046048255,17.59732142733864,4.610235760303341,0.4237205299620823,kefrin_warm,8
18,2024-07,8,0.15786998534612415,340.88005083895507,0.7049915940802673,6.732154425608561,0.5755690309279908,0.5290232441032736,0.4412217015456815,0.4449586846023315,17.74993237850322,4.604552247423927,0.4244309690720093,kefrin_warm,8
19,2024-08,8,0.15799779980982015,345.7329588374805,0.7021541165997375,6.637658008000017,0.585683872870574,0.5410404969319534,0.4447515748464817,0.44988924222025595,18.070894670956744,4.685470982964593,0.4143161271294259,kefrin_warm,8
20,2024-09,8,0.1592099065433173,351.70701013232025,0.7012648148259556,6.5249115790832946,0.5832973422152633,0.5310781378130465,0.44534113814493903,0.44256444710138454,17.532006899777667,4.666378737722107,0.4167026577847367,kefrin_warm,8
21,2024-10,8,0.160394726640512,350.1958036684928,0.7035401614128636,6.553068651358064,0.5764773914880538,0.52762907342178,0.44202754018527646,0.4438463079682548,17.570760062659847,4.61181913190443,0.42352260851194623,kefrin_warm,8
22,2024-11,8,0.15992777380176323,349.6597752225279,0.7008863575825607,6.563114505798295,0.5778869144733461,0.5335826206858627,0.4416912381911565,0.4471632541028243,17.35868999804762,4.6230953157867685,0.422113085526654,kefrin_warm,8
23,2024-12,8,0.16428665586692168,350.65592845797903,0.7038952805273213,6.54446982530383,0.5819341024638567,0.5415691097469275,0.44248243081664623,0.4498027419086633,17.753442518346404,4.6554728197108535,0.4180658975361433,kefrin_warm,8
0,2023-01,8,0.16142153984360272,330.4933032195545,0.7219909101600938,6.943732658124743,0.5993501065217945,0.49471055094901956,0.46228143283767764,0.4528045822557944,18.967866294141377,4.794800852174356,0.4006498934782054,kefrin_fixed0.5,8
1,2023-02,8,0.16161966621865853,335.45753041178733,0.7197232779276741,6.84097668053573,0.5999797882993954,0.4991806823554523,0.4617010880342742,0.4569427852594916,19.121095438543783,4.799838306395163,0.40002021170060476,kefrin_fixed0.5,8
2,2023-03,8,0.16175797331569594,336.3627722211295,0.7197325006028493,6.82256579021317,0.5885702797595103,0.5069754809513151,0.45330752866815605,0.444308352429414,18.621851640852217,4.708562238076083,0.41142972024048974,kefrin_fixed0.5,8
3,2023-04,8,0.157197816731701,329.875191429627,0.7206230642259179,6.956743648746647,0.5850932179027721,0.5225910858342163,0.4480847946752748,0.44188434980869074,18.58677361215594,4.680745743222177,0.4149067820972279,kefrin_fixed0.5,8
4,2023-05,8,0.1575975520393159,331.02984884531344,0.7183773840806537,6.932477995147514,0.5913389541847502,0.5186683967811517,0.4525407204885842,0.4477528055649705,18.575707636440296,4.730711633478001,0.40866104581524976,kefrin_fixed0.5,8
5,2023-06,8,0.15592440028804552,327.7688796454638,0.7188156301207758,7.001449147153354,0.5914996812594054,0.5204682513847819,0.4522663942173523,0.4439215438214267,18.71424685712282,4.731997450075244,0.40850031874059456,kefrin_fixed0.5,8
6,2023-07,8,0.15309805963883472,327.4574314971853,0.7176969369266989,7.008108297816624,0.6016949968492431,0.5141792350236845,0.4595269690540384,0.4468617994282237,19.0447631401544,4.813559974793945,0.3983050031507569,kefrin_fixed0.5,8
7,2023-08,8,0.1511805870864259,325.0599303963081,0.7186262029488991,7.059797065911162,0.602171264376825,0.5219054407956476,0.4581770145662831,0.4515426854499443,19.10600675707426,4.817370115014601,0.39782873562317494,kefrin_fixed0.5,8
8,2023-09,8,0.1516102755251776,330.7247877838855,0.7163121937104264,6.93887252369101,0.5977188047066245,0.5363953192009313,0.4526068932789819,0.44749406598741026,18.561962573508662,4.781750437652995,0.40228119529337547,kefrin_fixed0.5,8
9,2023-10,8,0.15347401679520062,331.68423842911676,0.7156530327641453,6.918800705531777,0.5999237113280774,0.5283824401995342,0.45552669076034374,0.4555307376180152,18.833282662902924,4.7993896906246185,0.4000762886719226,kefrin_fixed0.5,8
10,2023-11,8,0.15587805847401226,337.5256401850781,0.7103765488011361,6.799060188727544,0.5843863145227419,0.5262976212415246,0.4469284856804072,0.44868025499563313,18.061382041726986,4.6750905161819345,0.4156136854772582,kefrin_fixed0.5,8
11,2023-12,8,0.1576337692703363,340.98348139879386,0.7094004576536665,6.730112360408495,0.5783839480877966,0.5283302212780355,0.4430099714080153,0.44819034814184444,17.862052746241872,4.627071584702373,0.42161605191220347,kefrin_fixed0.5,8
12,2024-01,8,0.16449550423045864,345.4774179871001,0.7061043008673096,6.642567714636649,0.5739171827007215,0.5265882461968316,0.4407228005461402,0.43619942545080204,17.21541104806342,4.5913374616057725,0.42608281729927844,kefrin_fixed0.5,8
13,2024-02,8,0.16621941752077288,346.707714753469,0.705237194958305,6.618996478024525,0.5733522773887445,0.5321770207996263,0.43930835614256974,0.4356337082241731,17.43516908912943,4.586818219109955,0.42664772261125555,kefrin_fixed0.5,8
14,2024-03,8,0.16541502927738236,345.27545138212497,0.7065781649213335,6.646453240944046,0.5741310210214291,0.5381270057927742,0.43861770831189584,0.44094094104007037,17.564089291591785,4.593048168171433,0.4258689789785709,kefrin_fixed0.5,8
15,2024-04,8,0.16423522167796395,342.69678015595844,0.7071552824509038,6.6964654345826435,0.5737370403488247,0.5355622054405385,0.43888119331926617,0.43850892881409553,17.477152402850955,4.589896322790597,0.42626295965117533,kefrin_fixed0.5,8
16,2024-05,8,0.16210056425688035,343.22551909185916,0.7062873351276313,6.686149529117498,0.5641488897711684,0.5326919654926103,0.4337879764538991,0.42893294208600324,17.108561134729733,4.513191118169347,0.43585111022883155,kefrin_fixed0.5,8
17,2024-06,8,0.15827912565298324,337.35206685749955,0.7096941980493051,6.802558419855512,0.5570003829710084,0.5253787957259,0.43090266781733144,0.418456463947156,16.770375614223433,4.456003063768066,0.4429996170289916,kefrin_fixed0.5,8
18,2024-07,8,0.15977212283589662,339.89380191383503,0.7070624220472643,6.7516887037525395,0.560392062246494,0.5273757761698379,0.43255574812620645,0.4255329402630545,17.10021375001518,4.483136497971952,0.43960793775350604,kefrin_fixed0.5,8
19,2024-08,8,0.16040088773012012,344.9158183017375,0.7022036925322204,6.653383292643215,0.5670169368117313,0.5362856745210075,0.4348012438930442,0.4253439769891392,17.304959652101857,4.53613549449385,0.43298306318826874,kefrin_fixed0.5,8
20,2024-09,8,0.1622686779736231,353.06981652325607,0.7001018332332619,6.499726216913772,0.5535062041721148,0.5381177099726069,0.4264788444528119,0.4134477817863651,16.33276717770838,4.428049633376919,0.4464937958278853,kefrin_fixed0.5,8
21,2024-10,8,0.1631583365525905,351.26703870321666,0.7029232823649334,6.533084206617101,0.54993301539217,0.5310439791119256,0.4256320269901902,0.414210713509869,16.453397350810096,4.399464123137361,0.45006698460782996,kefrin_fixed0.5,8
22,2024-11,8,0.16271725484402155,350.1665949985581,0.7016439726473235,6.553615266660693,0.5542289725165578,0.5339195477912467,0.42767429656208716,0.4218058115799746,16.445223328062866,4.433831780132462,0.4457710274834423,kefrin_fixed0.5,8
23,2024-12,8,0.16499589278302867,351.95767616367095,0.7022770849172618,6.520264504161474,0.55796293492579,0.5391830022588784,0.42892374411772466,0.42388780899043343,16.740625728119827,4.46370347940632,0.44203706507421003,kefrin_fixed0.5,8
0,2023-01,8,0.16142153984360272,330.4933032195545,0.7219909101600938,6.943732658124743,0.5993501065217945,0.49471055094901956,0.46228143283767764,0.4528045822557944,18.967866294141377,4.794800852174356,0.4006498934782054,kefrin_t_affect,8
1,2023-02,8,0.16200291938829958,336.2399109284917,0.718971158628878,6.825058740112476,0.5995210528019803,0.4972681993722677,0.46183694936713443,0.45835670014524604,19.110998183632123,4.796168422415844,0.4004789471980196,kefrin_t_affect,8
2,2023-03,8,0.16160956026666112,336.8404609319701,0.7179896614453615,6.812890400718884,0.5802029473613408,0.5096574583344107,0.44778946987778934,0.4430144041713107,18.248721054773213,4.6416235788907265,0.41979705263865913,kefrin_t_affect,8
3,2023-04,8,0.15791094353332194,332.23514836001596,0.7185055203108368,6.907328000017607,0.5754416981691008,0.5255415073230791,0.44182549564794865,0.4388927608065946,18.181595066778502,4.603533585352807,0.42455830183089915,kefrin_t_affect,8
4,2023-05,8,0.1575697104771124,332.5878809848532,0.7168700754575519,6.900002297322602,0.5846960296364008,0.5229582267621153,0.44777817969833145,0.44609046659867596,18.310129437739977,4.677568237091206,0.4153039703635993,kefrin_t_affect,8
5,2023-06,8,0.15366466864091663,328.17561007441253,0.7173205084759715,6.992771773431892,0.5905343343066667,0.523999714001475,0.4509824157297179,0.44783389267084683,18.655042996548374,4.724274674453334,0.4094656656933332,kefrin_t_affect,8
6,2023-07,8,0.15193149721465746,328.11279695853074,0.7170870549730679,6.994110452653827,0.6075775815624438,0.5177442503726543,0.4621873876832173,0.457131867403895,19.289225994414267,4.86062065249955,0.3924224184375562,kefrin_t_affect,8
7,2023-08,8,0.1495636590462214,325.22866852938756,0.7177187239364625,7.056134236978497,0.6069079615847328,0.523331479672331,0.4606113341549491,0.45688045362343765,19.28631359223251,4.8552636926778625,0.39309203841526724,kefrin_t_affect,8
8,2023-09,8,0.1498271505156592,330.94400480167883,0.7155968686381533,6.934276220632418,0.6032526717073745,0.539467215965145,0.4551355998650353,0.45586289439081273,18.78114484578796,4.826021373658997,0.39674732829262543,kefrin_t_affect,8
9,2023-10,8,0.15247219455303065,332.43672026518044,0.7145592211990242,6.903139764543958,0.6032747222399022,0.5298392398614071,0.45715146023948017,0.45996182991237483,18.985489961056395,4.826197777919218,0.3967252777600977,kefrin_t_affect,8
10,2023-11,8,0.15556224899394724,337.9331238974259,0.7092146016357538,6.790861802448549,0.5855473660651084,0.5292680697903178,0.44701291289051354,0.4519058256405266,18.05671533039136,4.684378928520867,0.4144526339348917,kefrin_t_affect,8
11,2023-12,8,0.15805998016703984,342.44427126207694,0.7081970418630977,6.701403222192787,0.5786494026710625,0.5286761617282373,0.44309775831062037,0.4529137212982217,17.819712427153622,4.629195221368501,0.42135059732893754,kefrin_t_affect,8
12,2024-01,8,0.16242530146284903,345.2290270156797,0.7055799751294325,6.647347016833883,0.5764663366721186,0.5262483310200299,0.44229097835989867,0.44274711817059614,17.299764099213963,4.6117306933769475,0.42353366332788156,kefrin_t_affect,8
13,2024-02,8,0.1654082166583766,346.81342874493504,0.704162381978613,6.61697890754081,0.5795153223844149,0.5323914057722176,0.4428754215640414,0.4447826906594984,17.66807745269418,4.63612257907532,0.42048467761558495,kefrin_t_affect,8
14,2024-03,8,0.1646830681635366,345.03170213845544,0.7064060208967587,6.651148658612985,0.5798261610526785,0.536474661032597,0.4422568436453758,0.44777587329027413,17.786541509261813,4.638609288421428,0.4201738389473214,kefrin_t_affect,8
15,2024-04,8,0.1640480413187875,342.7808268970325,0.7070175981734363,6.6948235221641825,0.5772010786240811,0.5330072643172002,0.4414025415337098,0.44407147408813064,17.60687140892026,4.61760862899265,0.4227989213759189,kefrin_t_affect,8
16,2024-05,8,0.1623538474291054,343.4744225549141,0.7060950792585575,6.68130431892711,0.5675470757116365,0.5315430276945635,0.43601265633458514,0.43213440418963844,17.258101620371665,4.540376605693091,0.43245292428836357,kefrin_t_affect,8
17,2024-06,8,0.1585428482840089,337.848949631947,0.7097857407330347,6.792553729579929,0.5622665780443329,0.5229279590510233,0.43450985519524143,0.4227488596532345,16.991642072972905,4.498132624354662,0.4377334219556671,kefrin_t_affect,8
18,2024-07,8,0.1598658785226041,340.16896008172716,0.7068465784091288,6.746227352154038,0.5659409373985191,0.5322245684485873,0.4349351375155727,0.43038095190599834,17.31702592843872,4.527527499188153,0.4340590626014808,kefrin_t_affect,8
19,2024-08,8,0.15987546704492733,344.7925493850302,0.7031991392684069,6.655761984852152,0.5773887727806498,0.5378910649350445,0.4405623326375664,0.4334444586949174,17.69783498492038,4.6191101822451985,0.42261122721935024,kefrin_t_affect,8
20,2024-09,8,0.16126205571099153,352.2004494744027,0.7014865900386479,6.515770057312004,0.5650080561411852,0.5387266410365431,0.43316053375118274,0.42312875747702017,16.767344493247553,4.520064449129482,0.43499194385881473,kefrin_t_affect,8
21,2024-10,8,0.1625351352437541,350.68072618216956,0.703275102275106,6.54400704549991,0.557698551881963,0.5315473586041126,0.4301758497855973,0.4214271186211547,16.73874706132954,4.461588415055705,0.44230144811803684,kefrin_t_affect,8
22,2024-11,8,0.16230096668697236,349.90452877781996,0.7014848770791065,6.5585236946570555,0.5600546560787811,0.5352299114830642,0.43089148468850746,0.42812451527604595,16.666700306213468,4.48043724863025,0.4399453439212188,kefrin_t_affect,8
23,2024-12,8,0.1642996303851671,351.4642441379939,0.7027251846271501,6.529418514493676,0.5674273413197586,0.53911794546294,0.4345071461912177,0.43143220022406603,17.12785659345899,4.539418730558069,0.43257265868024153,kefrin_t_affect,8
0,2023-01,8,0.16142153984360272,330.4933032195545,0.7219909101600938,6.943732658124743,0.5993501065217945,0.49471055094901956,0.46228143283767764,0.4528045822557944,18.967866294141377,4.794800852174356,0.4006498934782054,kefrin_t_affect_fe_noreset,8
1,2023-02,8,0.16153241840589488,335.4632744842585,0.7200808644148445,6.840859543821176,0.5990939451980695,0.4987070845537208,0.46127708565743625,0.4554905016807743,19.085096061217154,4.792751561584556,0.4009060548019304,kefrin_t_affect_fe_noreset,8
2,2023-03,8,0.16094303852452604,335.76160845501187,0.7200080023743429,6.834781240823806,0.5852142737185994,0.507916845462151,0.45112252858823354,0.4404540515026133,18.480568229407197,4.681714189748795,0.41478572628140065,kefrin_t_affect_fe_noreset,8
3,2023-04,8,0.1572639295507067,330.6695462861883,0.7196265501663766,6.9400317284464625,0.5843797900426186,0.5245383626398483,0.4472763432908978,0.4431082711851288,18.542851106054435,4.675038320340949,0.41562020995738136,kefrin_t_affect_fe_noreset,8
4,2023-05,8,0.15725995450571792,331.01663571130007,0.7181987407957313,6.932754717677177,0.5874887729901085,0.5199186974264014,0.4500290276702549,0.44376302706224724,18.40769111996478,4.699910183920869,0.41251122700989146,kefrin_t_affect_fe_noreset,8
5,2023-06,8,0.1554690971836421,326.22142833752923,0.7200883609854034,7.034660949625721,0.5844921035863597,0.5203542865013037,0.44818100188957133,0.43862651569283345,18.45624651195556,4.675936828690879,0.41550789641364017,kefrin_t_affect_fe_noreset,8
6,2023-07,8,0.1534623606531961,325.77602060677395,0.7204360564106941,7.044278883948728,0.5805415724949838,0.5205409381544888,0.4458174701797649,0.4329906046747172,18.205752449208426,4.644332579959871,0.41945842750501616,kefrin_t_affect_fe_noreset,8
7,2023-08,8,0.15332743992292705,325.9995190343831,0.7179757991139395,7.039449474203379,0.5827714488327755,0.5278826298652408,0.44566831130161433,0.4348862495480673,18.31425995161561,4.662171590662205,0.41722855116722446,kefrin_t_affect_fe_noreset,8
8,2023-09,8,0.1525504337823988,331.9837828392747,0.7145105902121793,6.912557966628649,0.5759073349343224,0.5385144243987952,0.4395788186818189,0.431829347696143,17.713272312320473,4.60725867947458,0.42409266506567755,kefrin_t_affect_fe_noreset,8
9,2023-10,8,0.15481878799637652,333.9258765543501,0.7127395257330941,6.872354926598897,0.5725052033209181,0.5328617158325499,0.43867908387401316,0.43336524974580115,17.754172491483576,4.580041626567345,0.42749479667908186,kefrin_t_affect_fe_noreset,8
10,2023-11,8,0.1570545082561733,339.8723902325876,0.7087319857945024,6.75211405459174,0.5568119303681976,0.5331221844607873,0.4293576348478228,0.4293914117218825,16.975878532916425,4.454495442945581,0.44318806963180235,kefrin_t_affect_fe_noreset,8
11,2023-12,8,0.15876451214830883,342.59562695117063,0.7086032727152759,6.698442602083256,0.5618879380233548,0.5310363548750264,0.43275980321770136,0.43392979137281823,17.16721554799388,4.495103504186838,0.43811206197664515,kefrin_t_affect_fe_noreset,8
12,2024-01,8,0.16376598123951855,345.90583105817984,0.704964638645139,6.634340727465672,0.5606382214012564,0.5287312842908237,0.43244875010175815,0.42760571607654874,16.699403394194587,4.485105771210052,0.43936177859874354,kefrin_t_affect_fe_noreset,8
13,2024-02,8,0.16725755214446283,347.97910331216775,0.7044280415989601,6.5948130822052695,0.5626270119083513,0.5302343329324456,0.43334864277948115,0.42478449717915445,17.04745106868024,4.50101609526681,0.43737298809164876,kefrin_t_affect_fe_noreset,8
14,2024-03,8,0.16737963962635904,346.8989694411534,0.7055429574221534,6.615347248088131,0.5618556833810173,0.5342988257447379,0.43213058619164263,0.43148737365747886,17.120282231901378,4.494845467048139,0.4381443166189827,kefrin_t_affect_fe_noreset,8
15,2024-04,8,0.16559921999155328,343.55018256153727,0.7070787812891844,6.679830951468303,0.561529710131675,0.5356419944247458,0.4316872858105604,0.4303832062187355,16.95681929151965,4.492237681053401,0.438470289868325,kefrin_t_affect_fe_noreset,8
16,2024-05,8,0.16327229002740504,343.8398766942518,0.7056691209510416,6.67420301833626,0.5510518887297327,0.5313490191118297,0.42624652954492637,0.4177465874955658,16.587376659110596,4.40841510983786,0.44894811127026735,kefrin_t_affect_fe_noreset,8
17,2024-06,8,0.15911739820432094,337.6508290179314,0.7085446339708139,6.7965393407497645,0.5466887160095983,0.5252086485177084,0.4247360928102953,0.41156616705436333,16.36696563851363,4.373509728076788,0.45331128399040166,kefrin_t_affect_fe_noreset,8
18,2024-07,8,0.16113961622398967,340.21648390157475,0.7068178175501655,6.745284991896655,0.5466302045124303,0.5287773449928446,0.42405805937108637,0.41475552534802573,16.566955298127453,4.373041636099442,0.4533697954875697,kefrin_t_affect_fe_noreset,8
19,2024-08,8,0.16145881713549096,344.97023514878583,0.7020231857940534,6.652333764005377,0.5565031499439554,0.5329438093865302,0.4292068696960248,0.4148957998310274,16.90095967699102,4.4520251995516436,0.4434968500560446,kefrin_t_affect_fe_noreset,8
20,2024-09,8,0.16281673711184924,353.36751709096995,0.7000977743180694,6.4942504103068455,0.547049376461064,0.5363212701547503,0.4229564115222666,0.40624919796331455,16.085225758507423,4.376395011688512,0.452950623538936,kefrin_t_affect_fe_noreset,8
21,2024-10,8,0.16393630564384876,351.35597030381933,0.7032809245160297,6.531430619701063,0.5356729874465948,0.5340212176853516,0.41652230750353414,0.4036431093041889,15.879292451173178,4.285383899572758,0.4643270125534052,kefrin_t_affect_fe_noreset,8
22,2024-11,8,0.1636562744835838,350.46668303969835,0.702376288303934,6.548003715940092,0.5368395162167872,0.5364279247574633,0.4168087278696725,0.40725858119102154,15.764613604892267,4.294716129734297,0.46316048378321284,kefrin_t_affect_fe_noreset,8
23,2024-12,8,0.16726336136757206,352.16008653880664,0.7030147788392609,6.516516864282003,0.5489289226800603,0.5388102284518463,0.42363193344795,0.4130771208740241,16.400058825531634,4.391431381440483,0.4510710773199397,kefrin_t_affect_fe_noreset,8
0,2023-01,8,0.16142153984360272,330.4933032195545,0.7219909101600938,6.943732658124743,0.5993501065217945,0.49471055094901956,0.46228143283767764,0.4528045822557944,18.967866294141377,4.794800852174356,0.4006498934782054,kefrin_t_affect_fe,8
1,2023-02,8,0.1621132725763232,335.92013963541734,0.720493332074581,6.831555694599941,0.6025621920680158,0.4959888863742268,0.4639147148550487,0.4587602519633359,19.254031661577145,4.820497536544126,0.39743780793198424,kefrin_t_affect_fe,8
2,2023-03,8,0.16111604707235602,336.4108711505048,0.7200213160880989,6.821590322003776,0.5959880625651409,0.5016729780202821,0.4588084242572639,0.4463238417417295,18.938394541430906,4.767904500521127,0.40401193743485914,kefrin_t_affect_fe,8
3,2023-04,8,0.15676072001898672,329.6663426386284,0.7214273048488113,6.961150854798378,0.5942351455205281,0.5280982043583782,0.4522975956634057,0.45266466524809895,18.949453885481297,4.753881164164225,0.4057648544794719,kefrin_t_affect_fe,8
4,2023-05,8,0.15708482851909839,330.80497599601506,0.7193477452782124,6.937190518212724,0.5932680223381632,0.523108708662551,0.45275757524399696,0.4502184886335624,18.636157653969576,4.746144178705306,0.4067319776618368,kefrin_t_affect_fe,8
5,2023-06,8,0.15638680446547754,327.09441161431215,0.7189871737984217,7.015886121475792,0.6082722476792737,0.5209291771318938,0.46190872568372715,0.45551319017892483,19.35567459958057,4.8661779814341894,0.3917277523207262,kefrin_t_affect_fe,8
6,2023-07,8,0.1539217611249693,325.2131471347624,0.7211838270908064,7.056471003941904,0.6111138128657944,0.5162376252076101,0.4645557812509319,0.4523665739790177,19.4168022454834,4.888910502926355,0.38888618713420564,kefrin_t_affect_fe,8
7,2023-08,8,0.15423125228421178,324.0875359132002,0.7215226906590467,7.080979329830724,0.611997488200946,0.5257222883466346,0.4630238585823003,0.45374266640369104,19.48510212989771,4.895979905607567,0.3880025117990541,kefrin_t_affect_fe,8
8,2023-09,8,0.15450590201770553,328.7466898997496,0.720296765342008,6.980624332847134,0.6098751997878428,0.5287335799142687,0.46116669623694617,0.4479039740415989,19.056750843332875,4.879001598302743,0.3901248002121571,kefrin_t_affect_fe,8
9,2023-10,8,0.1557440061453721,329.1419154847663,0.7197525389095987,6.972242169391384,0.6053883771963946,0.5278050966128189,0.4587919342775331,0.44901787910691404,19.067855104691525,4.843107017571157,0.3946116228036055,kefrin_t_affect_fe,8
10,2023-11,8,0.16205116639810452,337.5566443597336,0.712716697894788,6.7984357031690275,0.5863095645562644,0.5340417104892079,0.44650325142926095,0.44207945567054413,18.11418505272314,4.690476516450114,0.4136904354437356,kefrin_t_affect_fe,8
11,2023-12,8,0.16604313644794483,343.6624056964381,0.70905369307613,6.677649649243925,0.5612022196871408,0.534148140708882,0.43177202565181,0.42936093398702585,17.121241893861168,4.489617757497127,0.4387977803128592,kefrin_t_affect_fe,8
12,2024-01,8,0.1652143951355837,345.289590495102,0.7057413546505688,6.646181078226558,0.5622519322884074,0.5297314692679553,0.4332204516425424,0.4294577066855321,16.794774391793307,4.4980154583072585,0.43774806771159264,kefrin_t_affect_fe,8
13,2024-02,8,0.16579728384435463,346.2898618730502,0.7058179740291334,6.626983332530933,0.5645045133331341,0.5311336824374513,0.43429191468468387,0.42846030611811425,17.129120287685446,4.516036106665074,0.4354954866668659,kefrin_t_affect_fe,8
14,2024-03,8,0.1663166104229227,345.7432477144884,0.7060010868723936,6.637460479784162,0.5670644593025342,0.5359263323817864,0.43489714109833444,0.4324830354730562,17.307176454917332,4.536515674420275,0.43293554069746576,kefrin_t_affect_fe,8
15,2024-04,8,0.16464969465501342,341.8785390047554,0.7075655837445685,6.71249254058975,0.5690393658281985,0.5318677846336252,0.4368308805526261,0.4325471043648625,17.273346734612105,4.552314926625587,0.4309606341718016,kefrin_t_affect_fe,8
16,2024-05,8,0.1627277080703652,341.27650619205104,0.7087263304821624,6.724333791572886,0.5556932537250946,0.5273794178991877,0.42975016210280476,0.41759035034191394,16.756988928627447,4.445546029800758,0.4443067462749054,kefrin_t_affect_fe,8
17,2024-06,8,0.1589360216396869,337.1579645256494,0.7101285989630588,6.806474662657899,0.5524148841338017,0.5258310927636506,0.42807033170289605,0.414037432471488,16.60650792866882,4.419319073070413,0.4475851158661983,kefrin_t_affect_fe,8
18,2024-07,8,0.15923334684793192,338.6499997589458,0.7086211345088455,6.776486474208307,0.554166438998132,0.5318045531662801,0.42802418631134165,0.4217787774215812,16.87803151763348,4.433331511985056,0.44583356100186794,kefrin_t_affect_fe,8
19,2024-08,8,0.1594891559219902,343.3856377881176,0.7042655873020292,6.683031817053336,0.5582227729598207,0.5329434146389352,0.4302291158947854,0.4174816328614557,17.02782564425887,4.465782183678566,0.44177722704017935,kefrin_t_affect_fe,8
20,2024-09,8,0.16234527953324351,352.44537940031,0.7009887797551727,6.511241959709811,0.5497281286688507,0.5366988986579069,0.42448787170547286,0.4083350174942419,16.212446754992246,4.397825029350805,0.4502718713311493,kefrin_t_affect_fe,8
21,2024-10,8,0.16219886597726352,350.4364194166919,0.7040024012143341,6.548569200304514,0.5460456092072539,0.5286079143479236,0.42373657599122794,0.40926151673998573,16.368134546399336,4.368364873658032,0.45395439079274613,kefrin_t_affect_fe,8
22,2024-11,8,0.1617284065821636,348.8564201129588,0.7033884149494498,6.57822820664752,0.5440381312115966,0.5338814400711798,0.4215873119151046,0.412971069453288,16.086975490542063,4.352305049692773,0.45596186878840334,kefrin_t_affect_fe,8
23,2024-12,8,0.16459020461359883,350.51303158836566,0.7045240401282409,6.547137869476332,0.5571413562894058,0.5331769254845733,0.4295433829913936,0.4179540109255443,16.788993814595123,4.457130850315245,0.44285864371059425,kefrin_t_affect_fe,8
