id,name,short,region,mo_type,lat,lon,macro,sub,switches_macro,switches_sub,population,wage,market_access,urban_share,total_2024,total_2023
1,городской округ город Майкоп,Майкоп,Республика Адыгея,городской округ,44.667326953828365,40.03169838835568,0,4,0,0,161898.0,57440.5,309.6,0.8521723554336681,29229.75,25028.916666666668
2,городской округ город Адыгейск,Адыгейск,Республика Адыгея,городской округ,44.87055092905199,39.2088623973174,0,1,0,3,15661.0,47407.2,322.8,0.8443905242321691,21639.333333333332,19248.916666666668
3,Гиагинский муниципальный район,Гиагинский,Республика Адыгея,муниципальный район,44.837814043790765,40.195544684254976,3,1,3,0,31872.0,54547.7,315.2,0.0,22220.666666666668,19535.583333333332
4,Кошехабльский муниципальный район,Кошехабльский,Республика Адыгея,муниципальный район,44.78073885021015,40.53682412662726,3,0,0,0,30319.0,51262.1,315.5,0.0,23948.416666666668,20077.333333333332
5,Красногвардейский муниципальный район,Красногвардейский,Республика Адыгея,муниципальный район,45.07579769245317,39.669242815394206,3,0,0,0,32095.0,48849.1,320.2,0.0,22357.583333333332,19200.083333333332
6,Майкопский муниципальный район,Майкопский,Республика Адыгея,муниципальный район,44.24612275808245,40.16802322904852,3,1,0,0,59156.0,47965.8,308.1,0.0,26763.416666666668,22267.833333333332
7,Тахтамукайский муниципальный район,Тахтамукайский,Республика Адыгея,муниципальный район,44.94446345394075,38.92638278910725,2,5,0,0,131043.0,75708.3,324.7,0.6500232748029273,39543.583333333336,33200.916666666664
8,Теучежский муниципальный район,Теучежский,Республика Адыгея,муниципальный район,44.9116752003606,39.35767139154338,2,5,2,1,22260.0,74168.0,317.4,0.3252470799640611,31787.666666666668,26202.833333333332
9,Шовгеновский муниципальный район,Шовгеновский,Республика Адыгея,муниципальный район,45.017731927233015,40.14196597081477,3,0,0,2,16287.0,42776.6,314.3,0.0,21014.0,17669.5
10,городской округ город Горно-Алтайск,Горно-Алтайск,Республика Алтай,городской округ,51.936763933917554,85.96074005124264,0,4,0,0,64508.0,73499.3,213.5,1.0,32300.166666666668,27671.833333333332
11,Кош-Агачский муниципальный район,Кош-Агачский,Республика Алтай,муниципальный район,49.795772746916946,87.98988015707728,3,2,0,2,18620.0,70732.2,191.0,0.0,26996.5,22546.416666666668
12,Майминский муниципальный район,Майминский,Республика Алтай,муниципальный район,51.848980310707205,86.01747020359242,3,2,4,2,30941.0,73551.6,214.9,0.0,34627.333333333336,28645.916666666668
13,Онгудайский муниципальный район,Онгудайский,Республика Алтай,муниципальный район,50.73196515511987,86.46401407324883,3,2,0,1,14025.0,46742.2,202.6,0.0,24702.25,20965.75
14,Турочакский муниципальный район,Турочакский,Республика Алтай,муниципальный район,52.02806568935424,87.4815501070271,3,2,0,3,10794.0,57696.8,210.9,0.0,27190.833333333332,22928.583333333332
15,Улаганский муниципальный район,Улаганский,Республика Алтай,муниципальный район,50.78773728053179,88.39226136461627,3,2,0,1,11926.0,63315.0,192.9,0.0,29156.166666666668,25208.833333333332
16,Усть-Канский муниципальный район,Усть-Канский,Республика Алтай,муниципальный район,50.91043327601847,84.68219241804218,3,2,0,2,14207.0,45304.0,204.7,0.0,22948.416666666668,20101.0
17,Усть-Коксинский муниципальный район,Усть-Коксинский,Республика Алтай,муниципальный район,50.09561136257983,85.64658520570451,3,2,0,1,15634.0,47699.6,198.8,0.0,26901.5,22822.083333333332
18,Чемальский муниципальный район,Чемальский,Республика Алтай,муниципальный район,51.34412101839298,86.20900403676777,3,2,0,3,10557.0,65317.7,207.6,0.0,30129.0,26238.75
19,Чойский муниципальный район,Чойский,Республика Алтай,муниципальный район,51.69291161138586,86.6994549709036,3,0,0,0,7439.0,55749.4,210.2,0.0,22535.833333333332,19854.583333333332
20,Шебалинский муниципальный район,Шебалинский,Республика Алтай,муниципальный район,51.32859875105686,85.50092667928732,3,2,0,1,12114.0,50870.5,207.8,0.0,23495.416666666668,20278.083333333332
21,городской округ город Уфа,Уфа,Республика Башкортостан,городской округ,54.751094877331155,56.052402784525945,0,4,1,0,1186715.0,87313.0,374.3,0.980272432723948,36143.166666666664,31198.5
22,городской округ город Агидель,Агидель,Республика Башкортостан,городской округ,55.87810885098338,53.99196640628897,0,1,0,1,13728.0,63802.6,319.2,1.0,20883.916666666668,19597.333333333332
23,городской округ город Кумертау,Кумертау,Республика Башкортостан,городской округ,52.80018123467925,55.83241840425386,0,4,0,0,61143.0,60446.9,306.7,0.9369674369919696,28081.916666666668,24109.583333333332
25,городской округ город Нефтекамск,Нефтекамск,Республика Башкортостан,городской округ,56.18956873137521,54.38976944911235,0,4,0,0,144598.0,63974.7,323.7,0.9264305177111717,31653.666666666668,26973.5
26,городской округ город Октябрьский,Октябрьский,Республика Башкортостан,городской округ,54.4923567242332,53.48382741145251,0,4,0,0,116427.0,68419.2,338.4,1.0,31620.25,27411.416666666668
27,городской округ город Салават,Салават,Республика Башкортостан,городской округ,53.378067575552514,55.91451477843879,0,4,0,0,146633.0,73747.8,313.8,1.0,31226.583333333332,26766.416666666668
28,городской округ город Сибай,Сибай,Республика Башкортостан,городской округ,52.79125571883822,58.69108717330202,0,4,0,0,56470.0,56023.4,288.3,0.9895696830175315,29375.666666666668,25051.416666666668
29,городской округ город Стерлитамак,Стерлитамак,Республика Башкортостан,городской округ,53.65019289369484,55.970251895796224,0,4,0,0,280497.0,65443.6,343.8,1.0,31903.833333333332,26917.75
30,Абзелиловский муниципальный район,Абзелиловский,Республика Башкортостан,муниципальный район,53.39766286727516,58.54805227860741,3,2,0,0,43983.0,52673.4,294.7,0.0,18653.083333333332,16901.75
31,Альшеевский муниципальный район,Альшеевский,Республика Башкортостан,муниципальный район,53.96225931805557,54.924573931226085,3,1,0,2,35536.0,60609.4,324.0,0.0,20695.25,19074.583333333332
32,Архангельский муниципальный район,Архангельский,Республика Башкортостан,муниципальный район,54.49003880166816,56.91745124122973,3,0,0,0,16616.0,46871.6,316.6,0.0,21913.0,19086.916666666668
33,Аскинский муниципальный район,Аскинский,Республика Башкортостан,муниципальный район,56.12004679746268,56.766317427287525,3,0,0,2,17418.0,47944.1,317.4,0.0,19932.833333333332,17961.333333333332
34,Аургазинский муниципальный район,Аургазинский,Республика Башкортостан,муниципальный район,54.03888369222951,55.856681059184766,3,0,0,0,29757.0,47303.5,322.3,0.0,17523.083333333332,16738.583333333332
35,Баймакский муниципальный район,Баймакский,Республика Башкортостан,муниципальный район,52.68391928068912,58.244658507623704,3,2,4,3,53399.0,47395.4,288.3,0.32921964830802075,21557.916666666668,19344.416666666668
36,Бакалинский муниципальный район,Бакалинский,Республика Башкортостан,муниципальный район,55.13431790687014,53.75545482809095,3,0,0,0,24813.0,43414.8,333.9,0.0,20598.5,18284.083333333332
37,Балтачевский муниципальный район,Балтачевский,Республика Башкортостан,муниципальный район,55.94422274908649,56.0001838383442,3,0,0,0,17837.0,45217.8,320.2,0.0,19455.166666666668,17268.833333333332
38,Белебеевский муниципальный район,Белебеевский,Республика Башкортостан,муниципальный район,54.132864905013925,54.19794831140674,0,4,0,0,94978.0,58297.8,327.7,0.821011181536777,29403.083333333332,25509.083333333332
39,Белокатайский муниципальный район,Белокатайский,Республика Башкортостан,муниципальный район,55.790245832930005,58.98267687358839,3,0,0,2,17369.0,50585.9,307.7,0.0,22951.916666666668,20074.5
40,Белорецкий муниципальный район,Белорецкий,Республика Башкортостан,муниципальный район,54.06431383281913,57.893761455800174,0,1,0,1,96915.0,57286.0,302.2,0.6577206830727957,28505.0,23985.916666666668
41,Бижбулякский муниципальный район,Бижбулякский,Республика Башкортостан,муниципальный район,53.6663847509239,54.21171414456946,3,0,0,0,20951.0,50782.7,323.0,0.0,20870.25,18726.5
42,Бирский муниципальный район,Бирский,Республика Башкортостан,муниципальный район,55.35606658182066,55.531086577482625,0,1,0,0,61478.0,50586.9,327.0,0.7292527408178535,27900.083333333332,23917.5
43,Благоварский муниципальный район,Благоварский,Республика Башкортостан,муниципальный район,54.72571063056697,54.93392214207295,3,0,0,2,23850.0,57138.2,329.2,0.0,21285.75,18737.0
44,Благовещенский муниципальный район,Благовещенский,Республика Башкортостан,муниципальный район,55.2074377948752,56.21765907238151,0,4,0,0,48718.0,75715.0,328.0,0.7233055544152058,30654.583333333332,25078.75
45,Буздякский муниципальный район,Буздякский,Республика Башкортостан,муниципальный район,54.65097374953429,54.49885685693124,3,0,0,0,25432.0,52308.9,331.8,0.0,21210.25,19383.333333333332
46,Бураевский муниципальный район,Бураевский,Республика Башкортостан,муниципальный район,55.80845333392964,55.38269349935957,3,1,0,2,20840.0,71323.4,325.1,0.0,20150.416666666668,18467.0
47,Бурзянский муниципальный район,Бурзянский,Республика Башкортостан,муниципальный район,53.20916716894795,57.46225035381736,3,2,0,6,17061.0,37911.8,295.4,0.0,19806.416666666668,17520.583333333332
48,Гафурийский муниципальный район,Гафурийский,Республика Башкортостан,муниципальный район,53.98826829143152,56.645906163125765,3,0,0,2,29525.0,48074.0,312.2,0.0,20639.166666666668,19208.833333333332
49,Давлекановский муниципальный район,Давлекановский,Республика Башкортостан,муниципальный район,54.25385873880568,55.045398758056486,0,1,0,0,35565.0,49262.3,325.1,0.5955293125263602,24017.166666666668,21299.666666666668
50,Дуванский муниципальный район,Дуванский,Республика Башкортостан,муниципальный район,55.69877632839513,57.82421455360363,3,2,0,2,30750.0,51092.4,306.3,0.0,23979.333333333332,21333.666666666668
51,Дюртюлинский муниципальный район,Дюртюлинский,Республика Башкортостан,муниципальный район,55.50327231208848,54.89282923825661,0,1,0,0,59179.0,56946.4,331.3,0.5249666266750029,26568.25,22971.583333333332
52,Ермекеевский муниципальный район,Ермекеевский,Республика Башкортостан,муниципальный район,54.02950527023088,53.70105886610709,3,0,0,0,14369.0,56981.8,330.3,0.0,19679.333333333332,17323.25
53,Зианчуринский муниципальный район,Зианчуринский,Республика Башкортостан,муниципальный район,52.00011897378325,56.89552451557258,3,2,0,4,23381.0,43741.2,296.6,0.0,21520.5,19368.75
54,Зилаирский муниципальный район,Зилаирский,Республика Башкортостан,муниципальный район,52.45267195435056,57.46956480689332,3,0,0,2,14231.0,45957.4,290.4,0.0,22106.166666666668,18473.5
55,Иглинский муниципальный район,Иглинский,Республика Башкортостан,муниципальный район,54.80660630380508,56.70981526686444,3,1,0,2,71099.0,63419.6,328.2,0.0,28395.916666666668,24406.833333333332
56,Илишевский муниципальный район,Илишевский,Республика Башкортостан,муниципальный район,55.47992326432271,54.30935857545274,3,0,0,5,30405.0,62935.4,332.5,0.0,20062.833333333332,17703.0
57,Ишимбайский муниципальный район,Ишимбайский,Республика Башкортостан,муниципальный район,53.49721753529754,56.55960502167051,0,4,0,0,82948.0,62428.7,315.0,0.7555576987992477,31378.333333333332,27003.333333333332
58,Калтасинский муниципальный район,Калтасинский,Республика Башкортостан,муниципальный район,55.94929007154742,54.81676908417138,3,1,0,4,21101.0,66702.3,320.4,0.0,20150.5,18403.083333333332
59,Караидельский муниципальный район,Караидельский,Республика Башкортостан,муниципальный район,55.76174875732893,56.94688232159578,3,0,0,2,23105.0,44545.4,315.0,0.0,20666.666666666668,19068.583333333332
60,Кармаскалинский муниципальный район,Кармаскалинский,Республика Башкортостан,муниципальный район,54.35523968426201,56.10763718201746,3,1,0,0,51575.0,55837.1,324.2,0.0,22027.5,19348.833333333332
61,Кигинский муниципальный район,Кигинский,Республика Башкортостан,муниципальный район,55.427550450229674,58.71884453006861,3,0,0,6,16339.0,43959.4,310.7,0.0,21733.583333333332,19240.083333333332
62,Краснокамский муниципальный район,Краснокамский,Республика Башкортостан,муниципальный район,55.950332862393616,54.244516256847625,1,3,5,2,25332.0,64901.0,325.6,0.0,22009.916666666668,18903.25
63,Кугарчинский муниципальный район,Кугарчинский,Республика Башкортостан,муниципальный район,52.67459177126093,56.60564242642812,3,0,0,2,26359.0,47305.4,301.3,0.0,21063.666666666668,18964.666666666668
65,Кушнаренковский муниципальный район,Кушнаренковский,Республика Башкортостан,муниципальный район,55.04788278501928,55.34922750523721,3,0,0,0,26370.0,50295.3,332.0,0.0,20064.166666666668,18954.416666666668
66,Мелеузовский муниципальный район,Мелеузовский,Республика Башкортостан,муниципальный район,53.09117346528849,56.17311445406734,0,4,0,1,79609.0,54630.9,309.6,0.6930623421974902,29924.916666666668,25600.916666666668
67,Мечетлинский муниципальный район,Мечетлинский,Республика Башкортостан,муниципальный район,55.93480034461451,58.32193895921848,3,0,0,4,21838.0,45561.3,308.9,0.0,22911.5,20225.666666666668
68,Мишкинский муниципальный район,Мишкинский,Республика Башкортостан,муниципальный район,55.57738620430224,55.938476866776334,3,0,0,0,20716.0,45268.6,322.6,0.0,19330.833333333332,16772.75
69,Миякинский муниципальный район,Миякинский,Республика Башкортостан,муниципальный район,53.60831737770195,54.81785687703014,3,0,0,0,23086.0,47598.1,319.7,0.0,20081.083333333332,17540.5
70,Нуримановский муниципальный район,Нуримановский,Республика Башкортостан,муниципальный район,55.262703059846274,56.89059776358325,3,0,0,4,19945.0,45435.8,316.4,0.0,21723.166666666668,19554.5
71,Салаватский муниципальный район,Салаватский,Республика Башкортостан,муниципальный район,55.249404105314014,58.15716984397246,3,2,0,4,23304.0,51691.7,311.5,0.0,22431.583333333332,19310.166666666668
72,Стерлибашевский муниципальный район,Стерлибашевский,Республика Башкортостан,муниципальный район,53.383919777720024,55.18905658579494,3,0,0,0,16360.0,42737.0,316.9,0.0,17257.333333333332,16111.166666666666
73,Стерлитамакский муниципальный район,Стерлитамакский,Республика Башкортостан,муниципальный район,53.66042796649554,55.71732274116903,0,1,0,0,47531.0,57412.3,485.7,0.0,31771.583333333332,27156.75
74,Татышлинский муниципальный район,Татышлинский,Республика Башкортостан,муниципальный район,56.25623453781235,55.75783185534876,3,0,0,1,20679.0,72519.4,317.6,0.0,20947.416666666668,17654.416666666668
75,Туймазинский муниципальный район,Туймазинский,Республика Башкортостан,муниципальный район,54.50395325923185,53.874034225354045,0,1,0,1,130733.0,61257.3,336.0,0.5186678191428331,29145.916666666668,24966.083333333332
76,Уфимский муниципальный район,Уфимский,Республика Башкортостан,муниципальный район,54.76552129434777,55.815163373168616,2,5,0,0,117125.0,90380.8,889.7,0.0,33709.666666666664,28229.083333333332
77,Учалинский муниципальный район,Учалинский,Республика Башкортостан,муниципальный район,54.37759934616915,59.30376262328126,0,4,0,4,68451.0,81713.4,299.6,0.5276913412514062,30029.416666666668,25571.416666666668
78,Федоровский муниципальный район,Федоровский,Республика Башкортостан,муниципальный район,53.09989390556777,55.26982410451487,3,0,0,0,15491.0,45108.6,313.8,0.0,18261.75,17606.75
79,Хайбуллинский муниципальный район,Хайбуллинский,Республика Башкортостан,муниципальный район,52.001399683416935,58.110586087451615,1,3,0,2,29249.0,79129.2,283.6,0.0,24582.833333333332,20941.5
80,Чекмагушевский муниципальный район,Чекмагушевский,Республика Башкортостан,муниципальный район,55.11896107172264,54.62123671772478,3,0,0,0,27671.0,54175.5,332.7,0.0,20066.333333333332,18490.416666666668
81,Чишминский муниципальный район,Чишминский,Республика Башкортостан,муниципальный район,54.51524563465554,55.394766671842255,0,1,0,0,50536.0,61702.3,331.1,0.4430702865284154,27120.666666666668,23216.5
82,Шаранский муниципальный район,Шаранский,Республика Башкортостан,муниципальный район,54.866314938242006,53.998536445318955,3,0,0,2,18637.0,54072.2,332.9,0.0,18016.083333333332,16857.083333333332
83,Янаульский муниципальный район,Янаульский,Республика Башкортостан,муниципальный район,56.23591425554834,54.91919280284431,0,1,2,0,42391.0,62296.6,321.6,0.6003396947465264,23590.833333333332,20529.0
167,городской округ Нальчик,Нальчик,Кабардино-Балкарская Республика,городской округ,43.47549339464023,43.59891514592563,0,4,0,0,271464.0,54194.3,298.0,0.9052986768042908,27491.166666666668,23380.916666666668
168,городской округ Баксан,Баксан,Кабардино-Балкарская Республика,городской округ,43.688455139872794,43.536567069393875,3,0,4,4,61043.0,41355.4,337.9,0.6554396081450781,20931.25,18165.25
169,городской округ Прохладный,Прохладный,Кабардино-Балкарская Республика,городской округ,43.754215779974395,44.03731207612695,0,4,0,2,60023.0,44481.9,346.2,1.0,23221.25,20240.75
173,Майский муниципальный район,Майский,Кабардино-Балкарская Республика,муниципальный район,43.603925939819355,44.054745282775315,3,0,0,2,37609.0,43597.7,301.5,0.6951261666090564,20176.75,17785.916666666668
181,Городовиковский муниципальный район,Городовиковский,Республика Калмыкия,муниципальный район,46.10890656125069,41.95474583226318,3,0,0,0,13573.0,36828.2,314.8,0.0,19957.5,17452.583333333332
184,Лаганский муниципальный район,Лаганский,Республика Калмыкия,муниципальный район,45.19240135032833,47.16822312510107,3,0,0,0,18650.0,39218.1,280.8,0.0,21275.833333333332,18528.416666666668
185,Малодербетовский муниципальный район,Малодербетовский,Республика Калмыкия,муниципальный район,47.937374506335765,44.947418521969965,3,0,0,0,9256.0,37385.0,321.1,0.0,19336.083333333332,17212.916666666668
188,Сарпинский муниципальный район,Сарпинский,Республика Калмыкия,муниципальный район,47.61408646179406,44.24211854509274,3,0,0,0,11466.0,43198.5,319.0,0.0,21960.083333333332,18717.75
191,Юстинский муниципальный район,Юстинский,Республика Калмыкия,муниципальный район,47.05830244503001,46.322103230548095,3,0,0,0,8903.0,42368.8,298.7,0.0,21905.5,19522.666666666668
194,городской округ Черкесский,Черкесский,Карачаево-Черкесская Республика,городской округ,44.2218230930563,42.063173533556146,0,4,0,0,112782.0,56717.4,306.5,1.0,26028.75,22652.083333333332
195,городской округ Карачаевский,Карачаевский,Карачаево-Черкесская Республика,городской округ,43.62000341486239,41.862453931152814,0,1,3,0,41150.0,43034.8,311.0,0.8906196840826246,21533.833333333332,18646.583333333332
196,Абазинский муниципальный район,Абазинский,Карачаево-Черкесская Республика,муниципальный район,44.091966499954914,41.89546757082388,3,1,0,2,18121.0,40284.5,324.7,0.0,24266.166666666668,20535.916666666668
198,Зеленчукский муниципальный район,Зеленчукский,Карачаево-Черкесская Республика,муниципальный район,43.693477125915805,41.47455277516709,3,0,0,0,53555.0,49497.5,297.8,0.0,22906.416666666668,19796.666666666668
201,Ногайский муниципальный район,Ногайский,Карачаево-Черкесская Республика,муниципальный район,44.36688611635002,41.88917749658919,3,0,0,0,16400.0,35727.4,304.8,0.0,23294.833333333332,20276.833333333332
203,Урупский муниципальный район,Урупский,Карачаево-Черкесская Республика,муниципальный район,43.7761909575327,41.02648521340991,3,1,0,2,24072.0,56531.0,296.8,0.22769192422731804,22914.333333333332,19745.916666666668
204,Усть-Джегутинский муниципальный район,Усть-Джегутинский,Карачаево-Черкесская Республика,муниципальный район,43.9645659630295,42.08666868494292,0,1,5,0,50870.0,53103.8,303.9,0.6196776095930804,20529.0,16942.0
205,Хабезский муниципальный район,Хабезский,Карачаево-Черкесская Республика,муниципальный район,44.1234102147485,41.78945603988455,3,0,0,0,31020.0,38811.6,315.0,0.0,20005.166666666668,16759.083333333332
206,городской округ Петрозаводский,Петрозаводский,Республика Карелия,городской округ,61.78858574672881,34.41395476636893,0,4,0,0,235694.0,80872.6,280.5,1.0,43031.75,37364.166666666664
207,городской округ Костомукшский,Костомукшский,Республика Карелия,городской округ,64.74623674750312,30.399439145050533,0,4,0,0,26470.0,112900.5,238.5,0.9776350585568568,44358.166666666664,38740.166666666664
208,Беломорский муниципальный округ,Беломорский,Республика Карелия,муниципальный округ,64.33644657470664,34.89006620380732,1,1,5,0,12305.0,86078.3,247.2,0.5900040633888664,34558.25,31098.75
209,Калевальский муниципальный район,Калевальский,Республика Карелия,муниципальный район,65.06686409449753,31.44615302282124,3,2,0,2,5888.0,70023.1,234.5,0.578125,36517.916666666664,32164.666666666668
210,Кемский муниципальный район,Кемский,Республика Карелия,муниципальный район,65.3108283042251,34.22289815426442,0,1,1,0,12493.0,99031.2,244.4,0.7668294244777075,31529.75,29784.666666666668
211,Кондопожский муниципальный район,Кондопожский,Республика Карелия,муниципальный район,62.416070446846255,33.94029974325464,0,1,2,0,31368.0,72960.2,270.4,0.7982657485335374,30421.333333333332,27879.666666666668
212,Лахденпохский муниципальный район,Лахденпохский,Республика Карелия,муниципальный район,61.3549788104296,30.179119720286945,3,1,0,0,10502.0,69672.6,284.3,0.5451342601409256,34333.333333333336,29860.5
213,Лоухский муниципальный район,Лоухский,Республика Карелия,муниципальный район,66.06308150029159,32.06128651720467,3,1,2,0,10092.0,98732.7,234.7,0.7027348394768134,36874.0,32331.333333333332
214,Медвежьегорский муниципальный район,Медвежьегорский,Республика Карелия,муниципальный район,62.89841416900569,34.60999679348279,3,1,1,0,23603.0,75138.7,266.4,0.7271533279667839,31818.666666666668,28359.166666666668
215,Муезерский муниципальный район,Муезерский,Республика Карелия,муниципальный район,63.77428961676655,31.704389386834144,3,0,0,4,7695.0,58821.0,246.8,0.31773879142300193,33015.166666666664,28738.666666666668
216,Олонецкий муниципальный район,Олонецкий,Республика Карелия,муниципальный район,61.07781241861347,32.82281358415074,3,1,0,0,18460.0,60626.4,292.1,0.40850487540628383,29351.5,26042.333333333332
217,Питкярантский муниципальный округ,Питкярантский,Республика Карелия,муниципальный округ,61.362772825068575,31.539601205131135,3,1,5,0,14495.0,71373.2,277.7,0.5500517419799931,33158.583333333336,29640.416666666668
218,Прионежский муниципальный район,Прионежский,Республика Карелия,муниципальный район,61.581428433197054,34.707319812398,0,1,3,4,21969.0,83749.8,365.8,0.0,39601.583333333336,33149.5
219,Пряжинский муниципальный район,Пряжинский,Республика Карелия,муниципальный район,61.70445874170904,33.16716640080359,3,1,0,0,12023.0,70038.6,280.3,0.24577892372951843,27121.833333333332,25016.583333333332
220,Пудожский муниципальный район,Пудожский,Республика Карелия,муниципальный район,62.05489909166115,36.647830863938445,3,1,0,2,13907.0,66905.8,282.6,0.5108218882577119,29863.5,26331.75
221,Сегежский муниципальный округ,Сегежский,Республика Карелия,муниципальный округ,63.663846824528434,34.49858480284501,0,1,4,0,31219.0,79173.2,256.2,0.9184150677472053,34714.0,30401.083333333332
222,Сортавальский муниципальный район,Сортавальский,Республика Карелия,муниципальный район,61.75261077250945,30.67713174490582,0,1,4,0,23603.0,69993.1,279.6,0.7855781044782443,39122.916666666664,33200.75
223,Суоярвский муниципальный округ,Суоярвский,Республика Карелия,муниципальный округ,62.3816089487802,32.113997893680924,3,1,0,0,12070.0,74690.2,269.2,0.5548467274233637,29658.75,26973.083333333332
224,городской округ Сыктывкар,Сыктывкар,Республика Коми,городской округ,61.719823031318136,50.851336771570615,0,4,0,0,232811.0,81693.1,276.0,0.9970920618012036,38507.5,33845.083333333336
225,городской округ Воркута,Воркута,Республика Коми,городской округ,67.32375709014005,64.04236525108962,1,3,3,2,67547.0,121203.1,208.0,0.9955882570654507,46037.916666666664,40023.333333333336
226,муниципальный округ Вуктыл,Вуктыл,Республика Коми,муниципальный округ,63.92885494248223,57.898034172498015,1,3,0,0,10125.0,111490.6,237.3,0.8889876543209877,31576.75,29056.25
227,городской округ Инта,Инта,Республика Коми,городской округ,66.13539771637161,60.620135677977245,1,3,3,3,20870.0,96563.9,221.3,0.9470052707235266,40008.166666666664,35041.666666666664
228,муниципальный округ Усинск,Усинск,Республика Коми,муниципальный округ,66.37331201801278,56.44835185538091,1,3,0,0,35807.0,138116.7,222.2,0.8904404166783031,41141.5,36475.083333333336
229,городской округ Ухта,Ухта,Республика Коми,городской округ,63.520675047407394,53.36160564705032,0,4,0,0,93096.0,94997.9,251.9,0.9826630574890436,39250.25,34246.5
230,Ижемский муниципальный район,Ижемский,Республика Коми,муниципальный район,65.23572437755496,53.88771797430866,3,2,0,2,16187.0,71478.0,235.7,0.0,28634.583333333332,26290.75
231,Княжпогостский муниципальный район,Княжпогостский,Республика Коми,муниципальный район,63.344587886108464,51.338837040377214,0,1,2,0,14981.0,83973.8,268.0,0.8430678859889194,30501.833333333332,27250.416666666668
232,Койгородский муниципальный район,Койгородский,Республика Коми,муниципальный район,60.39124401337962,51.051543319843944,3,0,0,2,7470.0,66260.9,278.2,0.0,25017.083333333332,22778.25
233,Корткеросский муниципальный район,Корткеросский,Республика Коми,муниципальный район,61.93493492252281,52.235349364203486,3,0,0,0,18232.0,59748.5,275.1,0.0,22295.0,20658.916666666668
234,муниципальный район Печора,Печора,Республика Коми,муниципальный район,65.03575430346366,57.17842052857653,1,3,3,0,42164.0,107336.0,233.5,0.885281282610758,37748.75,33453.166666666664
235,Прилузский муниципальный район,Прилузский,Республика Коми,муниципальный район,60.21712924367365,49.28428498110324,3,0,0,0,17018.0,66032.3,290.9,0.0,23782.833333333332,21557.583333333332
236,муниципальный район Сосногорск,Сосногорск,Республика Коми,муниципальный район,63.72629357091761,54.93737522471336,0,1,4,3,33872.0,89784.3,251.7,0.911106518658479,32275.333333333332,28714.833333333332
237,Сыктывдинский муниципальный район,Сыктывдинский,Республика Коми,муниципальный район,61.58147761944997,50.556984580052735,3,2,2,3,21462.0,69555.4,282.2,0.0,31475.75,28302.833333333332
238,Сысольский муниципальный район,Сысольский,Республика Коми,муниципальный район,61.04767807577435,49.969843703699304,3,0,0,0,11592.0,61634.9,284.3,0.0,24221.083333333332,22309.75
239,Троицко-Печорский муниципальный район,Троицко-Печорский,Республика Коми,муниципальный район,62.45351976991666,57.45969688659175,3,1,0,4,9461.0,61461.9,241.6,0.6155797484409682,29669.666666666668,26199.916666666668
240,Удорский муниципальный район,Удорский,Республика Коми,муниципальный район,63.63440146678755,48.54113692500999,3,1,0,2,12261.0,63791.4,258.1,0.6346953755811109,29588.75,26172.583333333332
241,Усть-Вымский муниципальный район,Усть-Вымский,Республика Коми,муниципальный район,62.18485490651175,49.79416379344904,0,1,2,0,23548.0,72808.3,273.9,0.643961270596229,29458.833333333332,26316.75
242,Усть-Куломский муниципальный район,Усть-Куломский,Республика Коми,муниципальный район,61.72217952061178,54.42904233686718,3,0,0,4,21766.0,61561.6,261.2,0.0,23801.583333333332,21176.666666666668
243,Усть-Цилемский муниципальный район,Усть-Цилемский,Республика Коми,муниципальный район,65.82673860093585,51.54304318664264,3,2,1,3,10360.0,68239.7,228.3,0.0,28106.583333333332,25579.75
269,городской округ город Йошкар-Ола,Йошкар-Ола,Республика Марий Эл,городской округ,56.644002086584734,47.94430024637601,0,4,0,0,295711.0,72240.8,347.3,0.9639208551592602,30279.5,25532.583333333332
270,городской округ город Волжск,Волжск,Республика Марий Эл,городской округ,55.87890563391164,48.3489330381457,0,4,0,0,51634.0,72852.5,368.8,1.0,25825.166666666668,22461.0
271,городской округ город Козьмодемьянск,Козьмодемьянск,Республика Марий Эл,городской округ,56.32659116674682,46.551563263380785,0,4,0,3,19054.0,62177.5,360.8,1.0,24214.25,21064.583333333332
272,Волжский муниципальный район,Волжский,Республика Марий Эл,муниципальный район,56.05586522632555,48.55736971802648,3,1,0,0,20454.0,50458.9,384.7,0.1788892148235064,21388.5,18749.5
273,Горномарийский муниципальный район,Горномарийский,Республика Марий Эл,муниципальный район,56.33368930161924,46.45383311568936,3,0,0,0,19578.0,34906.1,360.6,0.0,18857.416666666668,16181.0
274,Звениговский муниципальный район,Звениговский,Республика Марий Эл,муниципальный район,56.24834443849503,47.94949507883873,0,1,3,0,38471.0,61841.2,354.9,0.5021704660653479,24197.25,20986.666666666668
275,Килемарский муниципальный район,Килемарский,Республика Марий Эл,муниципальный район,56.638778254700995,46.84540483051208,3,0,0,0,11082.0,44881.7,337.7,0.3486735246345425,20796.25,18404.083333333332
276,Куженерский муниципальный район,Куженерский,Республика Марий Эл,муниципальный район,56.76803889287575,48.987278811308386,3,1,0,0,11382.0,41317.4,339.1,0.4112633983482692,18069.416666666668,16173.666666666666
277,Мари-Турекский муниципальный район,Мари-Турекский,Республика Марий Эл,муниципальный район,56.71344943950322,49.821968625848626,3,0,0,0,17046.0,39885.6,336.2,0.25219992960225274,18504.583333333332,16132.916666666666
278,Медведевский муниципальный район,Медведевский,Республика Марий Эл,муниципальный район,56.61520025162845,47.75631870612259,0,1,0,0,67769.0,57759.1,352.3,0.37958358541516035,30837.0,25346.0
279,Моркинский муниципальный район,Моркинский,Республика Марий Эл,муниципальный район,56.44305984128089,48.943102266429875,3,0,0,6,25758.0,45105.3,346.2,0.33224629241400727,17841.833333333332,16105.0
280,Новоторъяльский муниципальный район,Новоторъяльский,Республика Марий Эл,муниципальный район,57.035019940510665,48.63076184450796,3,0,0,0,13402.0,42378.1,337.4,0.416430383524847,19198.916666666668,16640.583333333332
281,Оршанский муниципальный район,Оршанский,Республика Марий Эл,муниципальный район,56.92228199042281,48.00812194125337,3,0,0,3,12182.0,47456.7,343.8,0.4469709407322279,19016.0,17043.583333333332
282,Параньгинский муниципальный район,Параньгинский,Республика Марий Эл,муниципальный район,56.72244448435371,49.44623497557003,3,0,0,0,13008.0,41324.6,335.3,0.4051353013530135,17596.75,15282.666666666666
283,Сернурский муниципальный район,Сернурский,Республика Марий Эл,муниципальный район,57.03668963942661,49.17713459097276,3,1,0,0,21264.0,51576.7,337.2,0.37655191873589167,21032.833333333332,17761.25
284,Советский муниципальный район,Советский,Республика Марий Эл,муниципальный район,56.72310847723871,48.45249821756676,3,1,0,0,26112.0,47480.4,343.1,0.3997012867647059,20592.416666666668,18356.583333333332
285,Юринский муниципальный район,Юринский,Республика Марий Эл,муниципальный район,56.55310092595018,46.0716215980334,3,0,0,0,5947.0,45485.1,333.9,0.4149991592399529,19150.0,16892.333333333332
287,Ардатовский муниципальный район,Ардатовский,Республика Мордовия,муниципальный район,54.85354183903126,46.12854063446628,3,0,0,0,23694.0,50305.4,359.1,0.5421203680256605,17373.333333333332,15608.166666666666
288,Атюрьевский муниципальный район,Атюрьевский,Республика Мордовия,муниципальный район,54.34827192814165,43.291064509466075,3,0,0,0,9012.0,37086.3,362.5,0.0,19163.75,16242.666666666666
289,Атяшевский муниципальный район,Атяшевский,Республика Мордовия,муниципальный район,54.61748605634483,46.06528331860304,3,0,0,0,17246.0,53073.3,358.4,0.34610924272295024,20193.083333333332,17642.083333333332
290,Большеберезниковский муниципальный район,Большеберезниковский,Республика Мордовия,муниципальный район,54.197338522576615,45.93677017252476,3,0,0,0,11711.0,43037.1,357.0,0.0,17755.416666666668,15835.5
292,Дубенский муниципальный район,Дубенский,Республика Мордовия,муниципальный район,54.38778838241557,46.37773299090117,3,0,0,0,11280.0,51253.2,356.6,0.0,17354.333333333332,15316.083333333334
293,Ельниковский муниципальный район,Ельниковский,Республика Мордовия,муниципальный район,54.65372269313348,43.860321211747475,3,0,0,0,9068.0,45661.0,360.1,0.0,20156.583333333332,17688.5
294,Зубово-Полянский муниципальный район,Зубово-Полянский,Республика Мордовия,муниципальный район,54.0872164537796,42.69916672904251,3,1,0,4,45470.0,40550.3,368.6,0.5007037607213547,23006.5,19682.5
295,Инсарский муниципальный район,Инсарский,Республика Мордовия,муниципальный район,53.80733663467706,44.39425351706732,3,0,0,2,11516.0,52361.3,360.1,0.6611670718999653,21668.666666666668,18385.583333333332
296,Ичалковский муниципальный район,Ичалковский,Республика Мордовия,муниципальный район,54.70082521655572,45.37515187162084,3,0,0,0,16897.0,51547.6,360.8,0.0,21397.75,17905.166666666668
297,Кадошкинский муниципальный район,Кадошкинский,Республика Мордовия,муниципальный район,54.07616655360875,44.3490316885466,3,0,0,0,6593.0,47389.6,359.1,0.5775822842408616,21286.333333333332,18218.333333333332
298,Ковылкинский муниципальный район,Ковылкинский,Республика Мордовия,муниципальный район,54.07688228633443,43.90059348981885,3,1,0,0,35879.0,49393.3,363.6,0.5391454611332535,22917.916666666668,19827.583333333332
300,Краснослободский муниципальный район,Краснослободский,Республика Мордовия,муниципальный район,54.405801778984106,43.888556787072346,3,0,0,0,21456.0,46337.1,362.2,0.40105331841909025,20428.416666666668,17468.916666666668
301,Лямбирский муниципальный район,Лямбирский,Республика Мордовия,муниципальный район,54.2810403305899,45.20717070596556,3,0,0,3,33537.0,66626.1,365.5,0.0,27569.25,21661.5
302,Ромодановский муниципальный район,Ромодановский,Республика Мордовия,муниципальный район,54.44449153345832,45.34174209385585,3,0,0,0,18857.0,54295.6,362.0,0.0,19788.166666666668,17327.25
303,Рузаевский муниципальный район,Рузаевский,Республика Мордовия,муниципальный район,54.07659755874107,44.808645652898285,0,1,0,0,58820.0,68748.4,364.1,0.7161509690581435,26387.0,22762.583333333332
304,Старошайговский муниципальный район,Старошайговский,Республика Мордовия,муниципальный район,54.37099580429304,44.556721019684616,3,0,0,0,11300.0,45192.2,359.4,0.0,17840.416666666668,15830.833333333334
305,Темниковский муниципальный район,Темниковский,Республика Мордовия,муниципальный район,54.64380797552376,43.26926777007346,3,0,0,0,12696.0,43557.8,361.7,0.49354127284183996,20598.583333333332,18234.333333333332
306,Теньгушевский муниципальный район,Теньгушевский,Республика Мордовия,муниципальный район,54.67152755208803,42.74328888038252,3,0,0,0,8971.0,43659.5,368.1,0.0,19001.666666666668,17220.5
307,Торбеевский муниципальный район,Торбеевский,Республика Мордовия,муниципальный район,54.149408457268905,43.183541689900125,3,0,0,0,18231.0,53695.6,364.8,0.49031868794909766,23982.333333333332,21119.416666666668
308,Чамзинский муниципальный район,Чамзинский,Республика Мордовия,муниципальный район,54.41503952490355,45.76804736488982,3,1,1,0,28433.0,68736.9,359.1,0.7133964055850596,23991.416666666668,20729.333333333332
309,городской округ город Якутск,Якутск,Республика Саха (Якутия),городской округ,62.10867258867917,129.29512841046864,1,4,0,2,384979.0,121249.1,137.0,0.9550313133963151,47975.416666666664,41915.25
312,Алданский муниципальный район,Алданский,Республика Саха (Якутия),муниципальный район,58.76428213064892,127.86638793009176,1,3,0,0,38998.0,139656.8,143.8,0.914200728242474,45686.416666666664,38596.333333333336
314,Амгинский муниципальный район,Амгинский,Республика Саха (Якутия),муниципальный район,60.6200928977232,131.03918182329093,1,2,0,0,16705.0,82805.1,136.2,0.0,31858.166666666668,29093.083333333332
316,Булунский муниципальный район,Булунский,Республика Саха (Якутия),муниципальный район,72.1949312495654,129.81941387789703,1,3,0,0,8126.0,146103.6,116.9,0.5660841742554763,51164.666666666664,46053.083333333336
317,Верхневилюйский муниципальный район,Верхневилюйский,Республика Саха (Якутия),муниципальный район,63.748885501038096,120.34974911904484,1,2,0,0,20721.0,85335.1,129.9,0.0,31246.25,27721.916666666668
318,Верхнеколымский муниципальный район,Верхнеколымский,Республика Саха (Якутия),муниципальный район,65.87558004547193,150.3012269751232,1,2,0,5,3687.0,119812.6,121.8,0.6525630593978845,53666.916666666664,48686.833333333336
319,Верхоянский муниципальный район,Верхоянский,Республика Саха (Якутия),муниципальный район,67.43784603003648,134.9827160194415,1,2,0,4,9998.0,125194.5,124.4,0.46559311862372477,42452.083333333336,37381.416666666664
320,Вилюйский муниципальный район,Вилюйский,Республика Саха (Якутия),муниципальный район,64.4117358121603,122.1114330605415,1,2,0,0,25157.0,95056.9,130.8,0.5165957785109512,32012.5,29985.583333333332
321,Горный муниципальный район,Горный,Республика Саха (Якутия),муниципальный район,62.26382524464182,125.65773590652395,1,2,0,0,11936.0,85549.4,136.0,0.0,27472.416666666668,26065.5
323,Кобяйский муниципальный район,Кобяйский,Республика Саха (Якутия),муниципальный район,64.7185665224953,128.37052880606194,1,2,0,5,11053.0,99222.2,,0.292861666515878,34484.416666666664,31668.666666666668
324,Нюрбинский муниципальный район,Нюрбинский,Республика Саха (Якутия),муниципальный район,64.22934069907635,117.32043819952924,1,2,0,0,22761.0,118883.9,,0.44101752998550153,33648.0,29239.5
325,Ленский муниципальный район,Ленский,Республика Саха (Якутия),муниципальный район,60.46967486705572,113.24377072785292,1,3,0,0,31833.0,150610.1,151.6,0.8786165300160211,45159.833333333336,38147.916666666664
326,Мегино-Кангаласский муниципальный район,Мегино-Кангаласский,Республика Саха (Якутия),муниципальный район,61.70116763148066,130.5671585359015,1,2,0,0,32932.0,88872.6,142.9,0.16093768978501155,32915.416666666664,29869.416666666668
327,Мирнинский муниципальный район,Мирнинский,Республика Саха (Якутия),муниципальный район,64.21556713613039,110.71313469304276,1,3,0,0,71704.0,167695.2,152.1,0.9642418832980029,45209.75,39247.666666666664
329,Намский муниципальный район,Намский,Республика Саха (Якутия),муниципальный район,62.89197156738588,129.17831115386406,1,2,0,0,25069.0,84208.6,138.6,0.0,32137.916666666668,30321.666666666668
330,Нерюнгринский муниципальный район,Нерюнгринский,Республика Саха (Якутия),муниципальный район,56.727656509244206,126.25499881043712,1,3,0,0,68431.0,161347.5,147.1,0.9819233972907015,47321.25,40478.0
331,Нижнеколымский муниципальный район,Нижнеколымский,Республика Саха (Якутия),муниципальный район,69.70319699394584,157.32335046625192,1,2,0,7,4175.0,121451.5,113.6,0.6258682634730539,57365.166666666664,50168.333333333336
332,Оймяконский муниципальный район,Оймяконский,Республика Саха (Якутия),муниципальный район,63.738513926874994,142.70077069896612,1,3,0,0,7566.0,193572.2,127.0,0.5951625693893735,52176.416666666664,44658.5
333,Олекминский муниципальный район,Олекминский,Республика Саха (Якутия),муниципальный район,59.8976851510002,121.37852185488372,1,3,0,0,20525.0,136467.8,145.2,0.41627283800243603,43094.916666666664,37662.416666666664
334,Оленекский эвенкийский национальный муниципальный район,Оленекский,Республика Саха (Якутия),муниципальный район,68.98205926831453,114.346238121206,1,3,0,2,4364.0,163066.6,140.7,0.0,45411.583333333336,41829.916666666664
335,Среднеколымский муниципальный район,Среднеколымский,Республика Саха (Якутия),муниципальный район,67.86050481519413,153.4608100971078,1,2,0,4,6714.0,95283.9,119.0,0.4647006255585344,41118.416666666664,36650.333333333336
336,Сунтарский муниципальный район,Сунтарский,Республика Саха (Якутия),муниципальный район,62.49637951649474,116.74580767050033,1,2,0,0,22228.0,83598.4,149.5,0.0,33312.083333333336,29439.333333333332
337,Таттинский муниципальный район,Таттинский,Республика Саха (Якутия),муниципальный район,62.40428703470134,133.90640522177503,1,2,0,0,16750.0,87074.5,135.5,0.0,28439.666666666668,26215.25
338,Томпонский муниципальный район,Томпонский,Республика Саха (Якутия),муниципальный район,64.12493650885806,136.7205719394303,1,2,0,2,10897.0,130182.5,133.4,0.559878865742865,41544.083333333336,35237.583333333336
339,Усть-Алданский муниципальный район,Усть-Алданский,Республика Саха (Якутия),муниципальный район,63.04721469748671,131.3311405998432,1,2,0,0,22012.0,82703.3,137.4,0.0,27543.166666666668,25470.833333333332
340,Усть-Майский муниципальный район,Усть-Майский,Республика Саха (Якутия),муниципальный район,60.658987622601664,135.86274435673508,1,3,0,2,7343.0,137080.0,133.6,0.6961732262018249,41306.25,36276.5
341,Усть-Янский муниципальный район,Усть-Янский,Республика Саха (Якутия),муниципальный район,70.5842380550842,138.54194620772944,1,3,0,0,6725.0,126513.3,119.2,0.5131598513011152,51581.416666666664,45234.333333333336
342,Хангаласский муниципальный район,Хангаласский,Республика Саха (Якутия),муниципальный район,61.276340194941014,127.6614744426937,1,2,0,0,34331.0,87875.4,138.6,0.5020244094258833,32180.833333333332,30844.75
343,Чурапчинский муниципальный район,Чурапчинский,Республика Саха (Якутия),муниципальный район,61.82284674067313,132.74043536068135,1,2,0,0,21807.0,81064.2,136.7,0.0,29825.416666666668,27758.25
345,городской округ город Владикавказ,Владикавказ,Республика Северная Осетия — Алания,городской округ,42.92047680963796,44.639833095024834,0,4,0,0,309358.0,45649.6,291.4,0.9955876363307237,32505.833333333332,27900.916666666668
346,Алагирский муниципальный район,Алагирский,Республика Северная Осетия — Алания,муниципальный район,42.8262540045144,44.11002258663972,3,1,0,0,38229.0,33606.5,291.4,0.5561484736718199,25105.916666666668,21684.333333333332
347,Ардонский муниципальный район,Ардонский,Республика Северная Осетия — Алания,муниципальный район,43.15971891719088,44.34258657562993,3,0,0,0,31304.0,32252.1,295.9,0.6053220035778175,24096.583333333332,20841.416666666668
348,Дигорский муниципальный район,Дигорский,Республика Северная Осетия — Алания,муниципальный район,43.120866889705624,44.05608474044653,3,0,0,0,18606.0,31979.1,293.7,0.5411157691067398,24007.833333333332,20376.666666666668
349,Ирафский муниципальный район,Ирафский,Республика Северная Осетия — Алания,муниципальный район,43.0111918723908,43.76724397099905,3,0,0,0,15554.0,36095.9,293.7,0.0,21048.0,17622.416666666668
351,Моздокский муниципальный район,Моздокский,Республика Северная Осетия — Алания,муниципальный район,43.68913995303813,44.57702891259176,3,1,0,0,81941.0,46796.8,296.8,0.4296139905541792,26660.666666666668,22621.916666666668
352,Правобережный муниципальный район,Правобережный,Республика Северная Осетия — Алания,муниципальный район,43.269225861617834,44.51861004081516,3,1,0,2,55643.0,37323.9,297.3,0.6498571248854303,25251.166666666668,21404.583333333332
354,городской округ город Казань,Казань,Республика Татарстан,городской округ,55.79177478247172,49.12941473379886,0,4,3,0,1318604.0,94672.7,345.0,1.0,37913.916666666664,32484.333333333332
355,городской округ город Набережные Челны,Набережные Челны,Республика Татарстан,городской округ,55.7098412537767,52.38356773560496,0,4,0,0,544383.0,87755.3,367.4,1.0,34048.416666666664,28400.666666666668
356,Агрызский муниципальный район,Агрызский,Республика Татарстан,муниципальный район,56.1354334142282,53.04788505616461,0,1,0,0,34401.0,66228.7,334.6,0.5756809395075725,21429.333333333332,18852.25
357,Азнакаевский муниципальный район,Азнакаевский,Республика Татарстан,муниципальный район,54.908565384966735,53.081213183470766,0,1,4,3,57093.0,74115.1,338.8,0.7283379748830855,23924.25,21371.666666666668
358,Аксубаевский муниципальный район,Аксубаевский,Республика Татарстан,муниципальный район,54.85295209277912,50.809553075236465,3,0,0,0,26162.0,56984.5,342.1,0.3463037994037153,18756.0,16111.583333333334
359,Актанышский муниципальный район,Актанышский,Республика Татарстан,муниципальный район,55.662388183960005,53.75952103505333,3,1,0,3,27287.0,62934.9,328.5,0.0,18536.166666666668,16637.0
360,Алексеевский муниципальный район,Алексеевский,Республика Татарстан,муниципальный район,55.15392053195509,50.1009243020182,3,1,3,0,24626.0,78554.5,352.3,0.4706407861609681,23393.166666666668,20550.166666666668
361,Алькеевский муниципальный район,Алькеевский,Республика Татарстан,муниципальный район,54.79645513681877,49.92054731107813,3,0,0,0,18063.0,57182.1,347.1,0.0,19448.166666666668,17606.583333333332
362,Альметьевский муниципальный район,Альметьевский,Республика Татарстан,муниципальный район,54.93417584525009,52.114774094830395,2,5,2,0,212359.0,97189.0,340.3,0.8161697879534185,32721.166666666668,28115.333333333332
363,Апастовский муниципальный район,Апастовский,Республика Татарстан,муниципальный район,55.24163036937421,48.45791980308116,3,0,0,2,18676.0,54835.7,355.8,0.27527307774684084,17124.583333333332,15521.75
364,Арский муниципальный район,Арский,Республика Татарстан,муниципальный район,56.22144939727417,49.85631257828798,3,1,0,4,49659.0,53071.2,348.5,0.40190096457842484,20096.25,17347.333333333332
365,Атнинский муниципальный район,Атнинский,Республика Татарстан,муниципальный район,56.27232444928898,49.41367811638929,3,0,0,0,12245.0,53607.9,349.2,0.0,16914.0,14832.833333333334
366,Бавлинский муниципальный район,Бавлинский,Республика Татарстан,муниципальный район,54.2755862005614,53.25292592498546,3,1,4,0,32239.0,72234.0,339.6,0.6504854368932039,21709.583333333332,20004.166666666668
367,Балтасинский муниципальный район,Балтасинский,Республика Татарстан,муниципальный район,56.432996478228546,50.2760455451595,3,0,0,0,32840.0,57117.0,343.3,0.2531973203410475,19083.083333333332,16997.5
368,Бугульминский муниципальный район,Бугульминский,Республика Татарстан,муниципальный район,54.52820096799404,52.832035173201646,0,4,0,0,99177.0,72273.3,340.5,0.8481603597608316,29764.416666666668,25761.333333333332
369,Буинский муниципальный район,Буинский,Республика Татарстан,муниципальный район,54.939184246203936,48.18952353271631,3,1,0,0,39135.0,54996.2,356.3,0.5007538009454453,20931.833333333332,18113.916666666668
370,Верхнеуслонский муниципальный район,Верхнеуслонский,Республика Татарстан,муниципальный район,55.58274313990445,48.74339614296945,2,5,2,1,17641.0,182259.8,357.3,0.2523099597528485,26459.583333333332,24667.5
371,Высокогорский муниципальный район,Высокогорский,Республика Татарстан,муниципальный район,56.05233482559456,49.27994090580772,0,1,0,0,60647.0,73992.4,363.4,0.0,29040.083333333332,23086.583333333332
372,Дрожжановский муниципальный район,Дрожжановский,Республика Татарстан,муниципальный район,54.719571265358454,47.62218799733725,3,0,0,0,20085.0,49846.8,355.1,0.0,17156.5,15212.75
373,Елабужский муниципальный район,Елабужский,Республика Татарстан,муниципальный район,55.789201276254616,51.805089170566035,0,4,0,0,85471.0,126084.3,344.3,0.8629710662095915,32278.25,26354.416666666668
374,Заинский муниципальный район,Заинский,Республика Татарстан,муниципальный район,55.27216364159741,52.07709145656156,0,1,0,0,52217.0,69419.4,342.9,0.7439914204186376,26362.5,22224.083333333332
375,Зеленодольский муниципальный район,Зеленодольский,Республика Татарстан,муниципальный район,55.78349441212831,48.537580716257054,2,5,0,0,169798.0,65225.1,360.6,0.7250792117692788,32307.25,27164.666666666668
376,Кайбицкий муниципальный район,Кайбицкий,Республика Татарстан,муниципальный район,55.3921196787882,48.12578269978128,3,0,0,0,12423.0,59305.7,358.4,0.0,17397.833333333332,15919.083333333334
377,Камско-Устьинский муниципальный район,Камско-Устьинский,Республика Татарстан,муниципальный район,55.249600459431775,49.03434382310902,3,0,0,0,14157.0,56603.2,347.1,0.5305502578229851,21644.833333333332,19095.75
378,Кукморский муниципальный район,Кукморский,Республика Татарстан,муниципальный район,56.14869701935198,50.8477388644374,3,1,0,2,51202.0,55589.5,339.1,0.3469200421858521,19995.416666666668,18090.25
379,Лаишевский муниципальный район,Лаишевский,Республика Татарстан,муниципальный район,55.46474283181193,49.421630640535376,2,5,0,0,71646.0,103579.8,353.7,0.12638528319794545,34745.5,28660.666666666668
380,Лениногорский муниципальный район,Лениногорский,Республика Татарстан,муниципальный район,54.58656850058366,52.1887698175504,0,3,0,3,77755.0,74421.7,339.6,0.7744067905600927,29418.0,25031.916666666668
381,Мамадышский муниципальный район,Мамадышский,Республика Татарстан,муниципальный район,55.73110075504653,51.141812748666865,3,1,0,0,39698.0,65096.3,341.7,0.3973499924429442,20509.333333333332,17965.166666666668
382,Менделеевский муниципальный район,Менделеевский,Республика Татарстан,муниципальный район,55.94769509105221,52.34183763792553,0,1,0,0,30286.0,86032.8,342.9,0.7442712804596183,23210.833333333332,20995.083333333332
383,Мензелинский муниципальный район,Мензелинский,Республика Татарстан,муниципальный район,55.64974531279712,53.11932648987264,3,1,0,0,26385.0,57040.1,335.8,0.5950350577979913,22100.25,20013.166666666668
384,Муслюмовский муниципальный район,Муслюмовский,Республика Татарстан,муниципальный район,55.315775117238346,53.28414727014397,3,0,0,0,18692.0,58339.2,336.2,0.0,18235.166666666668,16500.666666666668
385,Нижнекамский муниципальный район,Нижнекамский,Республика Татарстан,муниципальный район,55.41927969788064,51.59160695259318,0,4,0,0,276414.0,98467.6,339.3,0.9196820710962542,30769.583333333332,26354.833333333332
386,Новошешминский муниципальный район,Новошешминский,Республика Татарстан,муниципальный район,55.08499335298738,51.21092196250764,3,0,0,2,12574.0,93598.9,344.3,0.0,20754.833333333332,18191.333333333332
387,Нурлатский муниципальный район,Нурлатский,Республика Татарстан,муниципальный район,54.59252192200111,50.561362816581195,0,1,0,0,51661.0,69712.6,342.9,0.6411993573488706,23927.083333333332,20464.75
388,Пестречинский муниципальный район,Пестречинский,Республика Татарстан,муниципальный район,55.764786178565856,49.74598592315168,0,1,0,0,66372.0,65735.3,355.1,0.0,28574.583333333332,25634.333333333332
390,Сабинский муниципальный район,Сабинский,Республика Татарстан,муниципальный район,56.01794179874284,50.453257342948845,3,0,0,1,30381.0,61804.9,344.3,0.2954478127777229,19596.166666666668,17486.583333333332
391,Сармановский муниципальный район,Сармановский,Республика Татарстан,муниципальный район,55.262404677231615,52.655004644695325,3,1,0,2,33666.0,65866.4,340.5,0.39416622111328936,18698.5,17231.75
392,Спасский муниципальный район,Спасский,Республика Татарстан,муниципальный район,54.95137455771133,49.38230527031664,3,0,0,2,18014.0,55706.6,340.7,0.45225935383590543,22359.083333333332,18924.583333333332
393,Тетюшский муниципальный район,Тетюшский,Республика Татарстан,муниципальный район,54.86686568989625,48.6634845890289,3,0,0,0,19798.0,51809.6,350.2,0.5154055965249015,20251.583333333332,17753.25
395,Тюлячинский муниципальный район,Тюлячинский,Республика Татарстан,муниципальный район,55.84307120559496,50.276450887318525,3,0,0,0,13489.0,55637.4,348.8,0.0,16774.5,15539.333333333334
396,Черемшанский муниципальный район,Черемшанский,Республика Татарстан,муниципальный район,54.75193447102193,51.473099033351815,3,0,0,5,17877.0,65974.0,342.4,0.0,18492.583333333332,16758.416666666668
397,Чистопольский муниципальный район,Чистопольский,Республика Татарстан,муниципальный район,55.27617149188968,50.72035740744977,0,1,0,0,73234.0,64210.4,347.1,0.7928830870906955,26810.25,22637.916666666668
398,Ютазинский муниципальный район,Ютазинский,Республика Татарстан,муниципальный район,54.64968207170771,53.349707452507865,3,1,1,0,19452.0,59884.9,337.9,0.5322331893892659,20011.666666666668,18978.416666666668
401,Бай-Тайгинский муниципальный район,Бай-Тайгинский,Республика Тыва,муниципальный район,51.05967836476496,89.6814252960169,3,2,0,1,10431.0,46623.0,182.5,0.0,20223.083333333332,17730.166666666668
402,Барун-Хемчикский муниципальный район,Барун-Хемчикский,Республика Тыва,муниципальный район,51.21133946702248,90.41491625665844,3,2,0,2,11626.0,48513.7,184.2,0.0,20851.75,17882.833333333332
403,Дзун-Хемчикский муниципальный район,Дзун-Хемчикский,Республика Тыва,муниципальный район,51.12149281504296,91.522086050986,3,2,0,1,18916.0,51531.3,181.6,0.0,20417.833333333332,18337.583333333332
404,Каа-Хемский муниципальный район,Каа-Хемский,Республика Тыва,муниципальный район,51.40322766493441,96.5680355009805,3,2,0,2,11974.0,59905.0,183.0,0.0,23412.75,19130.083333333332
405,Кызылский муниципальный район,Кызылский,Республика Тыва,муниципальный район,51.85615928638222,94.67909993929231,3,2,3,0,36340.0,61583.4,187.5,0.0,30741.166666666668,24939.666666666668
408,Пий-Хемский муниципальный район,Пий-Хемский,Республика Тыва,муниципальный район,52.2946293281536,94.12719851408848,3,0,0,3,10364.0,62886.8,188.7,0.0,23719.5,19678.083333333332
410,Тандинский муниципальный район,Тандинский,Республика Тыва,муниципальный район,51.151149858959165,94.59378347320934,3,2,5,2,15098.0,55744.8,183.5,0.0,27159.083333333332,21840.916666666668
413,Тоджинский муниципальный район,Тоджинский,Республика Тыва,муниципальный район,52.709797108796145,96.7987226085967,1,2,7,2,6694.0,96701.2,177.8,0.0,29811.833333333332,25361.5
414,Улуг-Хемский муниципальный район,Улуг-Хемский,Республика Тыва,муниципальный район,51.45097881133122,92.92355371898287,3,2,3,3,19940.0,52073.1,182.3,0.0,23649.916666666668,20365.333333333332
416,Чеди-Хольский муниципальный район,Чеди-Хольский,Республика Тыва,муниципальный район,51.130104543188374,93.68220232969888,3,2,1,3,7592.0,51951.6,182.5,0.0,24804.166666666668,18794.083333333332
418,городской округ город Ижевск,Ижевск,Удмуртская Республика,городской округ,56.859497441065336,53.18439127831573,0,4,0,0,618776.0,79451.4,324.0,1.0,34847.916666666664,29327.833333333332
419,городской округ город Воткинск,Воткинск,Удмуртская Республика,городской округ,57.048603787083685,53.96937581956129,0,4,0,0,96037.0,76115.4,338.4,1.0,31640.25,26907.333333333332
420,городской округ город Глазов,Глазов,Удмуртская Республика,городской округ,58.14959688068637,52.64104239575619,0,4,0,0,85870.0,64938.7,322.3,1.0,28730.0,24172.583333333332
421,городской округ город Можга,Можга,Удмуртская Республика,городской округ,56.45202428023507,52.23850385715063,0,4,0,0,43557.0,54035.1,345.2,1.0,25387.0,20985.75
422,городской округ город Сарапул,Сарапул,Удмуртская Республика,городской округ,56.46865042798041,53.77651154092372,0,4,0,0,89442.0,73016.4,327.0,1.0,31535.083333333332,26065.833333333332
423,муниципальный округ Алнашский район,Алнашский,Удмуртская Республика,муниципальный округ,56.155847794699106,52.5285853078984,3,0,0,0,19971.0,46374.0,337.0,0.0,20349.166666666668,17066.916666666668
424,муниципальный округ Балезинский район,Балезинский,Удмуртская Республика,муниципальный округ,58.08002970134323,53.18706661180291,3,1,0,3,26866.0,49049.5,315.7,0.0,20030.916666666668,17708.666666666668
425,муниципальный округ Вавожский район,Вавожский,Удмуртская Республика,муниципальный округ,56.763459134397344,51.802265765862565,3,0,0,0,13809.0,57916.2,325.9,0.0,22061.166666666668,19070.166666666668
428,муниципальный округ Граховский район,Граховский,Удмуртская Республика,муниципальный округ,56.059932238029354,51.96557904140304,3,0,0,0,8624.0,47943.0,336.5,0.0,21515.75,18124.75
429,муниципальный округ Дебёсский район,Дебёсский,Удмуртская Республика,муниципальный округ,57.63156664593389,53.8034545099337,3,0,0,0,10744.0,51971.3,319.7,0.0,20712.916666666668,18152.0
430,муниципальный округ Завьяловский район,Завьяловский,Удмуртская Республика,муниципальный округ,56.818883845262995,53.204356427391545,0,1,0,0,83460.0,60377.9,333.6,0.0,33720.333333333336,27452.833333333332
431,муниципальный округ Игринский район,Игринский,Удмуртская Республика,муниципальный округ,57.51130531248281,53.06751334495722,3,1,0,0,32538.0,58555.5,323.0,0.0,22467.916666666668,19789.166666666668
432,муниципальный округ Камбарский район,Камбарский,Удмуртская Республика,муниципальный округ,56.3672122815219,54.15979593269634,3,1,5,0,15570.0,54584.1,325.6,0.6318561335902376,23354.583333333332,20436.0
433,муниципальный округ Каракулинский район,Каракулинский,Удмуртская Республика,муниципальный округ,56.05508945492324,53.69394791674597,3,0,0,0,10095.0,60435.8,317.6,0.0,19603.166666666668,17897.0
434,муниципальный округ Кезский район,Кезский,Удмуртская Республика,муниципальный округ,58.01571634090162,53.708189561582195,3,0,0,0,17833.0,49008.0,314.3,0.0,20335.166666666668,17804.5
435,муниципальный округ Кизнерский район,Кизнерский,Удмуртская Республика,муниципальный округ,56.37639949717436,51.55835373130928,3,0,0,0,17496.0,49308.2,334.6,0.0,22302.0,19190.916666666668
436,муниципальный округ Киясовский район,Киясовский,Удмуртская Республика,муниципальный округ,56.28617856705557,53.1837893230446,3,0,0,0,8518.0,48497.2,327.3,0.0,18979.333333333332,16820.583333333332
437,муниципальный округ Красногорский район,Красногорский,Удмуртская Республика,муниципальный округ,57.66038681926821,52.36181249893993,3,0,0,0,7480.0,48409.2,320.2,0.0,20012.416666666668,17096.75
438,муниципальный округ Малопургинский район,Малопургинский,Удмуртская Республика,муниципальный округ,56.54699057311047,52.948289251161725,3,0,0,0,30993.0,51464.0,335.1,0.0,20184.916666666668,17172.666666666668
440,муниципальный округ Сарапульский район,Сарапульский,Удмуртская Республика,муниципальный округ,56.43490781866531,53.759814304359686,3,1,0,1,23267.0,60522.9,328.2,0.0,24502.25,20159.083333333332
441,муниципальный округ Селтинский район,Селтинский,Удмуртская Республика,муниципальный округ,57.35145563092541,51.97944752576058,3,0,0,0,10292.0,48548.8,325.4,0.0,21378.416666666668,18464.416666666668
442,муниципальный округ Сюмсинский район,Сюмсинский,Удмуртская Республика,муниципальный округ,57.16736890034255,51.48083546740312,3,0,0,0,9970.0,52140.1,328.2,0.0,21167.0,18941.416666666668
443,муниципальный округ Увинский район,Увинский,Удмуртская Республика,муниципальный округ,56.972713908452214,52.3616940756495,3,1,0,0,33739.0,63935.5,327.3,0.0,24083.25,19948.0
444,муниципальный округ Шарканский район,Шарканский,Удмуртская Республика,муниципальный округ,57.33691981379934,53.83972921933114,3,0,0,0,18886.0,50340.8,320.2,0.0,20124.916666666668,17931.083333333332
445,муниципальный округ Юкаменский район,Юкаменский,Удмуртская Республика,муниципальный округ,57.91444588428038,52.181728168026545,3,0,0,0,7231.0,42610.6,314.0,0.0,19243.416666666668,16457.333333333332
446,муниципальный округ Якшур-Бодьинский район,Якшур-Бодьинский,Удмуртская Республика,муниципальный округ,57.19719000212815,53.03405157103552,3,0,0,0,19293.0,62204.2,325.1,0.0,21372.833333333332,18494.833333333332
447,муниципальный округ Ярский район,Ярский,Удмуртская Республика,муниципальный округ,58.25524964972804,52.07499396283518,3,0,0,0,10983.0,50798.6,311.7,0.0,18528.0,16658.916666666668
448,городской округ город Абакан,Абакан,Республика Хакасия,городской округ,53.693999837495,91.439892884436,0,4,0,0,185804.0,79022.0,203.1,1.0,33375.583333333336,29013.916666666668
449,городской округ город Абаза,Абаза,Республика Хакасия,городской округ,52.625506885370264,90.12222102288132,3,1,2,6,11962.0,60495.4,192.7,1.0,27223.416666666668,23763.916666666668
450,городской округ город Саяногорск,Саяногорск,Республика Хакасия,городской округ,53.09066787907847,91.4059569662032,0,4,0,0,55712.0,91089.2,197.9,0.996858845491097,31602.916666666668,28510.666666666668
451,городской округ город Сорск,Сорск,Республика Хакасия,городской округ,54.07010894635461,89.96855239470452,1,3,3,0,10843.0,74830.8,198.1,0.9174582680070091,28782.75,23890.416666666668
452,городской округ город Черногорск,Черногорск,Республика Хакасия,городской округ,53.84508078985627,91.27836838623698,0,4,0,0,77948.0,71890.6,205.4,1.0,30644.416666666668,26631.5
453,Алтайский муниципальный район,Алтайский,Республика Хакасия,муниципальный район,53.410285692389685,91.5091681400778,1,3,2,3,24152.0,76908.1,203.5,0.0,25639.75,23107.166666666668
455,Бейский муниципальный район,Бейский,Республика Хакасия,муниципальный район,52.98648383613378,90.95590685272464,3,2,5,2,17067.0,62690.4,197.4,0.0,29142.916666666668,25343.583333333332
456,Боградский муниципальный район,Боградский,Республика Хакасия,муниципальный район,54.35085743404433,90.87539734242011,3,0,0,0,11030.0,48923.9,205.0,0.0,21228.5,19327.083333333332
457,Орджоникидзевский муниципальный район,Орджоникидзевский,Республика Хакасия,муниципальный район,54.898983967507306,89.2088739668991,3,0,0,0,9604.0,50171.7,209.9,0.0,22993.25,20143.916666666668
458,Таштыпский муниципальный район,Таштыпский,Республика Хакасия,муниципальный район,52.19317814511822,89.34786397100852,3,2,0,3,15165.0,61405.4,194.1,0.0,25478.083333333332,21569.25
459,Усть-Абаканский муниципальный район,Усть-Абаканский,Республика Хакасия,муниципальный район,53.77089553924136,90.3743434308124,1,2,3,2,46354.0,60840.7,206.4,0.2903093584156707,29255.083333333332,24752.583333333332
460,Ширинский муниципальный район,Ширинский,Республика Хакасия,муниципальный район,54.47298896136281,89.80977749639935,3,2,0,3,24253.0,62412.6,207.1,0.0,25467.666666666668,21907.25
478,городской округ город Чебоксары,Чебоксары,Чувашская Республика,городской округ,56.141321311046795,47.252608217929094,0,4,0,0,506480.0,72298.7,356.3,0.9799992102353499,31628.833333333332,26914.916666666668
479,городской округ город Алатырь,Алатырь,Чувашская Республика,городской округ,54.842245549811686,46.58036513753596,0,4,0,0,31304.0,49270.3,365.1,1.0,21480.0,18569.416666666668
480,городской округ город Канаш,Канаш,Чувашская Республика,городской округ,55.510937762911766,47.501315994373726,0,4,0,0,43508.0,61592.8,383.0,1.0,23012.333333333332,19593.75
481,городской округ город Новочебоксарск,Новочебоксарск,Чувашская Республика,городской округ,56.09692452059269,47.501546236085176,0,4,0,0,120767.0,60377.1,361.7,0.99778085072909,30187.166666666668,25663.916666666668
482,городской округ город Шумерля,Шумерля,Чувашская Республика,городской округ,55.497292209318694,46.41531400800411,0,4,0,0,26008.0,60368.5,368.6,1.0,21648.083333333332,19512.916666666668
484,Аликовский муниципальный округ,Аликовский,Чувашская Республика,муниципальный округ,55.747550766636024,46.73458960897588,3,0,0,0,13550.0,45151.6,361.5,0.0,15577.333333333334,14453.25
485,Батыревский муниципальный округ,Батыревский,Чувашская Республика,муниципальный округ,55.03495448874211,47.43328651153037,3,0,0,0,30773.0,42382.9,358.0,0.0,16927.25,14827.916666666666
486,Вурнарский муниципальный округ,Вурнарский,Чувашская Республика,муниципальный округ,55.53235506777407,46.93419740629544,3,1,0,0,28415.0,54604.9,359.4,0.0,20157.166666666668,17935.333333333332
487,Ибресинский муниципальный округ,Ибресинский,Чувашская Республика,муниципальный округ,55.25493982592275,47.03562074777704,3,0,0,0,19914.0,47073.9,358.7,0.0,18123.0,17566.75
489,Козловский муниципальный округ,Козловский,Чувашская Республика,муниципальный округ,55.82031661341076,48.11620083495917,3,1,0,0,14831.0,48876.6,356.8,0.5037421616883555,19459.416666666668,17542.25
490,Комсомольский муниципальный округ,Комсомольский,Чувашская Республика,муниципальный округ,55.226249047331194,47.48696747949357,3,0,0,0,20409.0,42179.6,361.3,0.0,16489.416666666668,14659.25
491,Красноармейский муниципальный округ,Красноармейский,Чувашская Республика,муниципальный округ,55.77067302751115,47.152875800793495,3,0,0,2,12470.0,58927.2,361.0,0.0,17287.416666666668,15431.583333333334
492,Красночетайский муниципальный округ,Красночетайский,Чувашская Республика,муниципальный округ,55.69013352652223,46.20149199504305,3,0,0,1,13525.0,42630.2,358.2,0.0,17087.166666666668,15215.75
493,Мариинско-Посадский муниципальный округ,Мариинско-Посадский,Чувашская Республика,муниципальный округ,55.993219266159585,47.79366778270301,3,0,0,6,18507.0,45128.6,354.7,0.4090344194088723,17030.166666666668,15902.416666666666
494,Моргаушский муниципальный округ,Моргаушский,Чувашская Республика,муниципальный округ,56.001879905577866,46.75776439995457,3,1,0,0,30685.0,53654.6,358.9,0.0,17647.5,15564.166666666666
495,Порецкий муниципальный округ,Порецкий,Чувашская Республика,муниципальный округ,55.16770884878443,46.381754511283866,3,0,0,0,10342.0,46956.8,360.6,0.0,19438.583333333332,17125.333333333332
496,Урмарский муниципальный округ,Урмарский,Чувашская Республика,муниципальный округ,55.68108145002781,47.89658423643399,3,0,0,0,20067.0,41482.4,358.0,0.0,16199.5,14783.666666666666
497,Цивильский муниципальный округ,Цивильский,Чувашская Республика,муниципальный округ,55.833420778771696,47.48740490971067,3,1,1,0,31134.0,51148.0,362.7,0.41318173058392754,21011.083333333332,17817.833333333332
498,Чебоксарский муниципальный округ,Чебоксарский,Чувашская Республика,муниципальный округ,56.08135166250446,47.20136205363028,3,1,0,0,61487.0,55148.3,366.7,0.0,25293.833333333332,20367.083333333332
499,Шемуршинский муниципальный округ,Шемуршинский,Чувашская Республика,муниципальный округ,54.840600241883166,47.3801918161151,3,0,0,2,11365.0,40106.1,356.8,0.0,16090.333333333334,14952.416666666666
501,Ядринский муниципальный округ,Ядринский,Чувашская Республика,муниципальный округ,55.93602522410451,46.36304532821857,3,1,0,0,22282.0,55961.7,361.5,0.3438650031415492,19183.916666666668,17430.833333333332
502,Яльчикский муниципальный округ,Яльчикский,Чувашская Республика,муниципальный округ,55.147824243023045,47.90944394179879,3,0,0,0,14957.0,41548.4,355.1,0.0,14246.083333333334,13604.583333333334
503,Янтиковский муниципальный округ,Янтиковский,Чувашская Республика,муниципальный округ,55.50144695851565,47.78160003671861,3,0,0,0,12065.0,43802.8,357.7,0.0,15593.833333333334,14259.916666666666
504,городской округ город Барнаул,Барнаул,Алтайский край,городской округ,53.306391316184666,83.64777556742212,0,4,0,0,687601.0,69580.5,224.8,0.9281152877904483,35580.166666666664,30195.5
505,городской округ город Алейск,Алейск,Алтайский край,городской округ,52.49308505258027,82.7731003887212,0,4,0,0,24604.0,58039.4,230.0,1.0,27597.916666666668,23404.5
506,городской округ город Белокуриха,Белокуриха,Алтайский край,городской округ,51.97969501257546,84.96313734461027,0,4,0,1,14879.0,63592.4,216.1,1.0,32902.916666666664,29016.666666666668
507,городской округ город Бийск,Бийск,Алтайский край,городской округ,52.504617840764325,85.0796560987163,0,4,0,0,188780.0,63225.9,230.7,0.9579987286788855,33803.5,27864.583333333332
508,городской округ город Заринск,Заринск,Алтайский край,городской округ,53.71935870074321,84.95379537184992,0,4,0,0,40255.0,64679.3,231.2,1.0,27837.5,23413.583333333332
509,городской округ город Новоалтайск,Новоалтайск,Алтайский край,городской округ,53.414609968701605,83.92362917011324,0,4,0,0,73511.0,69360.9,263.0,1.0,31390.5,26760.083333333332
510,городской округ город Рубцовск,Рубцовск,Алтайский край,городской округ,51.512838224632695,81.22096295054165,0,4,0,0,123379.0,52545.2,226.4,1.0,29461.666666666668,25120.416666666668
511,муниципальный округ город Славгород,Славгород,Алтайский край,муниципальный округ,53.066610534453986,78.88736831371303,3,1,0,0,36769.0,46914.9,228.3,0.7386385270200441,27493.5,22719.416666666668
512,городской округ город Яровое,Яровое,Алтайский край,городской округ,52.926254472534026,78.58387178804423,0,1,3,0,16528.0,46916.8,227.9,1.0,27459.083333333332,23713.083333333332
515,Алтайский муниципальный район,Алтайский,Алтайский край,муниципальный район,51.82097132646201,85.2755187667775,3,2,0,1,26284.0,44459.5,214.4,0.0,25760.333333333332,21978.416666666668
516,Баевский муниципальный район,Баевский,Алтайский край,муниципальный район,53.30496342483696,80.64903938106167,3,0,0,0,7821.0,44787.8,226.9,0.0,20637.333333333332,18047.916666666668
517,Бийский муниципальный район,Бийский,Алтайский край,муниципальный район,52.606077125004745,85.6425638295072,3,0,0,4,31583.0,48559.1,287.4,0.0,26901.75,21590.666666666668
518,Благовещенский муниципальный район,Благовещенский,Алтайский край,муниципальный район,52.906829229875754,79.93198944435326,3,1,0,0,25464.0,49998.5,224.3,0.6262566760917374,24352.25,20966.083333333332
519,Бурлинский муниципальный район,Бурлинский,Алтайский край,муниципальный район,53.34676172527213,78.36145915382583,3,0,0,0,7601.0,43452.0,229.5,0.0,20592.833333333332,18169.666666666668
520,Быстроистокский муниципальный район,Быстроистокский,Алтайский край,муниципальный район,52.34850635472611,84.47396987131708,3,0,0,0,7120.0,43273.5,214.2,0.0,18582.166666666668,15950.833333333334
521,Волчихинский муниципальный район,Волчихинский,Алтайский край,муниципальный район,52.06991149045087,80.47569785261685,3,0,0,0,14744.0,43276.0,220.1,0.0,20603.5,18246.666666666668
522,Егорьевский муниципальный район,Егорьевский,Алтайский край,муниципальный район,51.765286316619125,80.93061735564812,3,0,0,0,10678.0,41455.6,219.1,0.0,18130.75,15354.25
523,Ельцовский муниципальный район,Ельцовский,Алтайский край,муниципальный район,53.2501955532932,86.42716443646582,3,0,0,0,4672.0,39602.1,220.1,0.0,20419.916666666668,16417.666666666668
524,Завьяловский муниципальный район,Завьяловский,Алтайский край,муниципальный район,52.90135798841668,80.9089913365375,3,0,0,0,15469.0,46074.8,224.1,0.0,21221.333333333332,18610.0
525,Залесовский муниципальный округ,Залесовский,Алтайский край,муниципальный округ,54.10073083047545,84.69541142744643,3,0,0,0,11281.0,43197.6,229.3,0.0,18319.25,17535.5
527,Змеиногорский муниципальный район,Змеиногорский,Алтайский край,муниципальный район,51.19226503933267,82.312889310771,3,1,0,0,15905.0,73635.2,213.9,0.584407419050613,23738.583333333332,20743.583333333332
528,Калманский муниципальный район,Калманский,Алтайский край,муниципальный район,53.00317626631107,83.44774439048103,3,0,0,0,11641.0,53572.0,226.2,0.0,19049.833333333332,16904.0
529,Каменский муниципальный район,Каменский,Алтайский край,муниципальный район,53.68048501033351,81.31108056369482,3,1,0,2,39949.0,46107.0,229.8,0.7943127487546622,23830.666666666668,20561.666666666668
530,Ключевский муниципальный район,Ключевский,Алтайский край,муниципальный район,52.274349778640065,79.38097510222899,3,0,0,0,12366.0,41934.2,223.1,0.0,22099.583333333332,19202.833333333332
531,Косихинский муниципальный район,Косихинский,Алтайский край,муниципальный район,53.316360135436824,84.63222159913435,3,0,0,0,13314.0,43084.0,226.9,0.0,19523.583333333332,17119.25
532,Красногорский муниципальный район,Красногорский,Алтайский край,муниципальный район,52.31898785641127,86.28057988018783,3,0,0,0,12685.0,40918.0,214.4,0.0,21243.916666666668,18339.666666666668
533,Краснощёковский муниципальный район,Краснощёковский,Алтайский край,муниципальный район,51.573073289048814,82.95057966265654,3,0,0,0,13623.0,55883.9,214.4,0.0,21173.833333333332,18329.583333333332
534,Крутихинский муниципальный район,Крутихинский,Алтайский край,муниципальный район,54.03134875550578,80.94223785910164,3,0,0,0,7856.0,40265.3,231.9,0.0,20064.5,18348.333333333332
535,Кулундинский муниципальный район,Кулундинский,Алтайский край,муниципальный район,52.5871006320399,79.07303124258333,3,2,0,5,20371.0,53891.7,225.3,0.0,24697.416666666668,21477.5
536,Курьинский муниципальный район,Курьинский,Алтайский край,муниципальный район,51.492323602429266,82.36903453590094,3,0,0,0,8051.0,48314.4,215.6,0.0,21070.25,18678.75
537,Кытмановский муниципальный район,Кытмановский,Алтайский край,муниципальный район,53.47449545168555,85.3960292887071,3,0,0,2,9548.0,47256.4,223.8,0.0,18901.083333333332,17710.333333333332
538,Локтевский муниципальный район,Локтевский,Алтайский край,муниципальный район,51.052165240908195,81.51768969180853,3,0,0,2,19183.0,45626.7,213.0,0.49705468383464524,20880.916666666668,18543.5
539,Мамонтовский муниципальный район,Мамонтовский,Алтайский край,муниципальный район,52.739327542744675,81.68554104796999,3,0,0,0,17582.0,44020.8,223.6,0.0,19855.666666666668,17774.666666666668
540,Михайловский муниципальный район,Михайловский,Алтайский край,муниципальный район,51.83492947622273,79.66651268867673,3,0,0,0,16349.0,44209.9,220.1,0.15750198788916753,22052.083333333332,19013.5
541,Новичихинский муниципальный район,Новичихинский,Алтайский край,муниципальный район,52.17862874601609,81.38829508580936,3,0,0,0,7406.0,46496.5,219.1,0.0,21040.583333333332,18303.75
542,Зональный муниципальный район,Зональный,Алтайский край,муниципальный район,52.701157314957555,84.92239742302067,3,0,0,4,16341.0,52802.0,222.9,0.0,19635.583333333332,15842.083333333334
543,Павловский муниципальный район,Павловский,Алтайский край,муниципальный район,53.28085446054648,82.99893373340537,3,1,0,0,38447.0,59704.3,228.6,0.0,22419.0,19449.166666666668
544,Панкрушихинский муниципальный район,Панкрушихинский,Алтайский край,муниципальный район,53.80921546825965,80.32490096710342,3,0,0,0,9099.0,48668.0,230.2,0.0,21076.916666666668,18318.583333333332
545,Первомайский муниципальный район,Первомайский,Алтайский край,муниципальный район,53.46920210641918,84.06414476822864,3,1,0,1,53359.0,48236.7,273.7,0.0,23005.333333333332,20009.5
546,Петропавловский муниципальный район,Петропавловский,Алтайский край,муниципальный район,52.0972386206798,84.15515983581082,3,0,0,0,10214.0,52754.2,214.6,0.0,20018.25,18514.75
547,Поспелихинский муниципальный район,Поспелихинский,Алтайский край,муниципальный район,51.87747852080113,81.83451558350504,3,0,0,0,19439.0,47652.8,218.4,0.0,22099.416666666668,19528.083333333332
548,Ребрихинский муниципальный район,Ребрихинский,Алтайский край,муниципальный район,53.03917065065741,82.27240033654546,3,0,0,0,18726.0,42923.1,224.6,0.0,18849.916666666668,16670.833333333332
549,Родинский муниципальный район,Родинский,Алтайский край,муниципальный район,52.489272714348125,80.25757314998259,3,0,0,0,14369.0,45228.2,224.3,0.0,20076.5,17898.916666666668
550,Романовский муниципальный район,Романовский,Алтайский край,муниципальный район,52.60287185078364,81.09959654929634,3,0,0,0,10594.0,45475.4,223.6,0.0,20301.333333333332,17685.083333333332
552,Смоленский муниципальный район,Смоленский,Алтайский край,муниципальный район,52.15020619697504,84.90541213244619,3,0,0,0,20153.0,49164.1,219.6,0.0,22898.75,20697.083333333332
553,муниципальный округ Суетский район,Суетский,Алтайский край,муниципальный округ,53.259874654676025,79.95644516990737,3,0,0,0,3264.0,56623.9,227.2,0.0,22921.333333333332,19472.083333333332
554,Советский муниципальный район,Советский,Алтайский край,муниципальный район,52.241545335862575,85.55163049455375,3,0,0,3,13572.0,52884.7,217.7,0.0,24683.666666666668,19362.333333333332
555,Солонешенский муниципальный район,Солонешенский,Алтайский край,муниципальный район,51.640302163886346,84.38312395916152,3,0,0,0,7152.0,39451.3,211.1,0.0,21445.5,19450.083333333332
556,Солтонский муниципальный район,Солтонский,Алтайский край,муниципальный район,52.78816855638003,86.58195457073727,3,0,0,0,6045.0,39208.8,212.8,0.0,17341.25,14857.75
557,Шелаболихинский муниципальный район,Шелаболихинский,Алтайский край,муниципальный район,53.48427821100736,82.3285748570202,3,0,0,0,10246.0,46182.8,226.9,0.0,19953.916666666668,17914.583333333332
558,Табунский муниципальный район,Табунский,Алтайский край,муниципальный район,52.84729391793881,78.96275701368339,3,0,0,0,7060.0,42544.1,226.9,0.0,22572.583333333332,19694.833333333332
559,Тальменский муниципальный район,Тальменский,Алтайский край,муниципальный район,53.78951626187634,83.41727156779906,3,1,0,0,42346.0,51789.1,234.5,0.4227790110045813,22581.833333333332,19797.166666666668
560,Тогульский муниципальный район,Тогульский,Алтайский край,муниципальный район,53.49455239934561,86.07616409976787,3,0,0,0,6187.0,47637.9,221.3,0.0,20023.416666666668,17609.333333333332
561,Топчихинский муниципальный район,Топчихинский,Алтайский край,муниципальный район,52.751307006131086,83.22071785365372,3,0,0,2,18142.0,49388.8,222.7,0.0,21197.083333333332,18396.333333333332
562,Третьяковский муниципальный район,Третьяковский,Алтайский край,муниципальный район,50.91612772452814,82.2489957446596,3,0,0,0,10094.0,43012.0,212.5,0.0,21525.166666666668,18895.5
563,Троицкий муниципальный район,Троицкий,Алтайский край,муниципальный район,52.90844218528768,84.59050512700692,3,0,0,0,17787.0,46816.2,225.7,0.0,19792.75,17953.25
564,Тюменцевский муниципальный район,Тюменцевский,Алтайский край,муниципальный район,53.24723179728113,81.51970332521334,3,0,0,0,10801.0,40369.9,226.4,0.0,20814.25,18245.75
565,Угловский муниципальный район,Угловский,Алтайский край,муниципальный район,51.32644208724277,80.15194930910134,3,0,0,0,8700.0,42524.8,217.2,0.0,19003.833333333332,16542.833333333332
566,Усть-Калманский муниципальный район,Усть-Калманский,Алтайский край,муниципальный район,51.97990332505454,83.39723700005683,3,0,0,0,10802.0,46420.4,218.2,0.0,19803.416666666668,17544.666666666668
567,Усть-Пристанский муниципальный район,Усть-Пристанский,Алтайский край,муниципальный район,52.363236141929065,83.65964797375268,3,0,0,0,9078.0,40322.3,218.7,0.0,18948.916666666668,16814.25
568,Хабарский муниципальный район,Хабарский,Алтайский край,муниципальный район,53.561008925432674,79.52644273371266,3,0,0,0,12199.0,44449.2,230.2,0.0,20847.75,18292.0
569,Целинный муниципальный район,Целинный,Алтайский край,муниципальный район,52.988120814129786,85.75673441399772,3,0,0,0,12857.0,53093.3,221.7,0.0,20396.916666666668,17835.666666666668
570,муниципальный округ Чарышский район,Чарышский,Алтайский край,муниципальный округ,51.23331192874559,83.7674892470853,3,0,0,0,9268.0,38052.2,210.9,0.0,21148.083333333332,18792.416666666668
571,Шипуновский муниципальный район,Шипуновский,Алтайский край,муниципальный район,52.18148695706919,82.29623904221738,3,0,0,0,24128.0,45316.7,218.9,0.0,21888.583333333332,19631.083333333332
572,Немецкий национальный муниципальный район,Немецкий,Алтайский край,муниципальный район,53.29748813258033,79.06184343120835,3,0,0,0,14809.0,45594.7,227.6,0.0,22050.666666666668,19105.416666666668
574,городской округ город Петровск-Забайкальский,Петровск-Забайкальский,Забайкальский край,городской округ,51.3029086376971,108.83744609213652,0,1,3,5,14473.0,60368.9,172.4,1.0,27889.583333333332,24237.416666666668
578,Балейский муниципальный район,Балейский,Забайкальский край,муниципальный район,51.479782506666176,116.8575574883268,1,3,0,1,15274.0,82657.8,156.3,0.6581118240146654,28392.833333333332,25161.25
579,Борзинский муниципальный район,Борзинский,Забайкальский край,муниципальный район,50.453229765970256,116.71858737584202,1,2,3,2,43803.0,75712.2,154.9,0.8914914503572815,31423.333333333332,26761.0
580,Газимуро-Заводский муниципальный округ,Газимуро-Заводский,Забайкальский край,муниципальный округ,52.22849107165918,119.34633709342826,1,3,0,0,7885.0,136668.3,153.2,0.0,31122.5,27996.75
581,Забайкальский муниципальный район,Забайкальский,Забайкальский край,муниципальный район,49.908929595339735,117.23451369921438,1,2,0,2,19300.0,93748.4,152.8,0.6915544041450777,34608.333333333336,30539.166666666668
582,Каларский муниципальный округ,Каларский,Забайкальский край,муниципальный округ,56.69052875202632,118.09223756697084,1,3,0,0,7207.0,191191.8,157.0,0.5584848064381851,37563.916666666664,32518.5
583,Калганский муниципальный округ,Калганский,Забайкальский край,муниципальный округ,50.95322142454393,118.94422282369102,1,2,2,0,5488.0,100515.1,151.1,0.0,26572.666666666668,22477.25
584,Карымский муниципальный район,Карымский,Забайкальский край,муниципальный район,51.843314981215975,114.4980435298224,1,1,3,4,33483.0,79219.7,161.0,0.6279305916435206,26383.166666666668,23796.833333333332
585,муниципальный район Город Краснокаменск и Краснокаменский район,Краснокаменск и Краснокаменский,Забайкальский край,муниципальный район,50.09208971156573,118.08400439422132,0,4,2,4,55782.0,77474.7,151.8,0.9245993331182102,33494.166666666664,28645.416666666668
586,Красночикойский муниципальный район,Красночикойский,Забайкальский край,муниципальный район,50.07883560761923,109.51555705199264,3,2,2,2,15817.0,72216.5,165.1,0.0,26271.166666666668,23310.0
587,Кыринский муниципальный район,Кыринский,Забайкальский край,муниципальный район,49.670287142362355,111.47680915946692,1,2,5,0,9949.0,82082.5,153.0,0.0,29535.083333333332,26333.75
588,Могочинский муниципальный округ,Могочинский,Забайкальский край,муниципальный округ,53.71266890264337,120.11910238041044,1,3,0,0,20767.0,114246.8,152.1,0.864978090239322,31500.333333333332,27827.916666666668
589,Нерчинский муниципальный район,Нерчинский,Забайкальский край,муниципальный район,52.2416870700831,116.32948892799624,1,2,0,0,26450.0,67910.7,157.7,0.6226086956521739,29137.916666666668,25359.083333333332
591,Оловяннинский муниципальный район,Оловяннинский,Забайкальский край,муниципальный район,50.964411015063405,116.210170729049,3,2,3,1,29773.0,72903.8,157.3,0.6040372149262755,28425.5,25119.916666666668
592,Ононский муниципальный округ,Ононский,Забайкальский край,муниципальный округ,50.331992975501834,115.11976386057928,3,2,2,0,8214.0,50639.5,157.5,0.0,24838.25,22283.916666666668
593,Петровск-Забайкальский муниципальный район,Петровск-Забайкальский,Забайкальский край,муниципальный район,50.97808964801756,109.06118452527592,3,2,2,2,14576.0,76863.8,172.4,0.1857848518111965,25229.333333333332,21868.75
594,Приаргунский муниципальный округ,Приаргунский,Забайкальский край,муниципальный округ,50.41235322825192,118.77256072033208,3,2,2,0,15082.0,61588.3,150.9,0.5228086460681607,29043.583333333332,24804.333333333332
595,Сретенский муниципальный район,Сретенский,Забайкальский край,муниципальный район,52.58306566482949,118.44014722745212,3,2,4,2,17869.0,94046.2,155.4,0.7134702557501819,27233.5,24416.0
598,Улётовский муниципальный район,Улётовский,Забайкальский край,муниципальный район,50.8694596516264,111.9416705072245,3,2,0,1,16787.0,64435.7,162.2,0.176624769166617,24428.333333333332,21772.916666666668
599,Хилокский муниципальный район,Хилокский,Забайкальский край,муниципальный район,51.432374793636995,110.99038712631462,0,1,7,0,24713.0,79406.6,165.1,0.505766195929268,25772.583333333332,22825.75
600,Чернышевский муниципальный район,Чернышевский,Забайкальский край,муниципальный район,52.90391190947568,117.27828751006452,1,2,0,0,29154.0,97270.4,156.6,0.7124236811415243,29633.75,25983.75
601,Читинский муниципальный район,Читинский,Забайкальский край,муниципальный район,52.042878843332744,113.49470659463294,3,2,7,1,71661.0,64652.2,279.8,0.2756031872287576,27331.166666666668,23783.833333333332
602,Шелопугинский муниципальный район,Шелопугинский,Забайкальский край,муниципальный район,51.67306076943524,117.69997116435366,3,2,0,4,5546.0,61345.5,155.4,0.0,23456.0,20168.083333333332
603,Шилкинский муниципальный район,Шилкинский,Забайкальский край,муниципальный район,51.82873549752422,115.69340019748464,1,2,3,1,35034.0,74550.7,158.4,0.6987212422218416,28840.166666666668,25521.083333333332
604,городской округ поселок Агинское,Агинское,Забайкальский край,городской округ,51.10438733518041,114.5530277855176,0,2,3,0,16731.0,63486.7,167.4,0.9950989181758413,26486.75,23484.5
605,Агинский муниципальный район,Агинский,Забайкальский край,муниципальный район,50.9042872546746,114.53554228520404,1,2,5,0,15564.0,49514.6,167.9,0.3115523001799023,26053.916666666668,23384.583333333332
606,Дульдургинский муниципальный район,Дульдургинский,Забайкальский край,муниципальный район,50.79652822092249,113.38113545977669,3,2,2,2,13633.0,62244.6,158.4,0.0,24696.416666666668,22076.5
607,Могойтуйский муниципальный район,Могойтуйский,Забайкальский край,муниципальный район,51.21964722773661,115.21424597838308,3,2,5,0,22380.0,56189.5,159.1,0.47368185880250224,25476.583333333332,22682.833333333332
608,городской округ Петропавловск-Камчатский,Петропавловск-Камчатский,Камчатский край,городской округ,53.033074021648325,158.7613750481053,1,4,0,0,163152.0,148806.0,157.3,1.0,58623.75,52604.833333333336
612,Елизовский муниципальный район,Елизовский,Камчатский край,муниципальный район,53.5123663979717,159.444195219172,1,2,0,0,59889.0,118405.7,142.1,0.6294812068994307,55996.666666666664,49595.5
613,Мильковский муниципальный округ,Мильковский,Камчатский край,муниципальный округ,54.96967939413765,159.08157067026465,1,2,0,0,8727.0,101695.1,129.9,0.0,46974.166666666664,41705.666666666664
614,Соболевский муниципальный район,Соболевский,Камчатский край,муниципальный район,54.550648621606264,156.29499207990867,1,3,0,1,1979.0,159754.1,128.0,0.0,50521.083333333336,44477.916666666664
615,Усть-Большерецкий муниципальный район,Усть-Большерецкий,Камчатский край,муниципальный район,52.45763717827885,156.76504041051723,1,3,0,3,6069.0,160217.1,131.8,0.0,48772.416666666664,42419.583333333336
616,Усть-Камчатский муниципальный район,Усть-Камчатский,Камчатский край,муниципальный район,56.35440880701825,161.6420898096612,1,2,0,2,8450.0,108107.0,123.7,0.0,51344.25,44379.25
618,Карагинский муниципальный район,Карагинский,Камчатский край,муниципальный район,59.21241716735214,162.94005451133177,1,3,0,0,3457.0,193214.1,,0.0,52181.916666666664,47973.083333333336
619,Олюторский муниципальный район,Олюторский,Камчатский край,муниципальный район,61.04611291343612,169.54400789278847,1,3,0,0,3523.0,127466.1,,0.0,56101.75,48448.5
621,Тигильский муниципальный район,Тигильский,Камчатский край,муниципальный район,57.739470215472544,158.69324841229178,1,3,0,6,3662.0,115673.1,123.5,0.0,53639.916666666664,45289.0
666,городской округ город Красноярск,Красноярск,Красноярский край,городской округ,56.02137169316551,92.8864631072138,0,4,0,0,1206237.0,98129.1,203.8,0.9993666252983452,41647.916666666664,35902.833333333336
667,городской округ город Ачинск,Ачинск,Красноярский край,городской округ,56.253526193961086,90.45465356150488,0,4,0,0,101043.0,77971.8,222.9,1.0,34555.25,29918.583333333332
668,городской округ город Боготол,Боготол,Красноярский край,городской округ,56.21225658143615,89.50614416052288,0,1,0,1,17509.0,76854.3,220.1,1.0,27194.833333333332,23715.25
669,городской округ город Бородино,Бородино,Красноярский край,городской округ,55.90068012253797,94.90365133945812,0,1,2,1,14967.0,76667.8,205.9,1.0,28017.916666666668,24419.333333333332
670,городской округ город Дивногорск,Дивногорск,Красноярский край,городской округ,55.878140990025834,92.31842355386593,0,4,0,0,31561.0,80847.9,216.8,0.86866702575964,32416.916666666668,27231.333333333332
671,городской округ город Енисейск,Енисейск,Красноярский край,городской округ,58.44099577696154,92.17736169205584,0,4,0,2,17843.0,71515.6,196.5,1.0,34710.666666666664,31014.5
674,городской округ город Канск,Канск,Красноярский край,городской округ,56.21198733018058,95.70494881628184,0,4,0,0,85587.0,63207.1,209.9,1.0,33351.0,28132.916666666668
675,городской округ город Лесосибирск,Лесосибирск,Красноярский край,городской округ,58.18911421102453,92.47939957823398,0,4,0,0,58714.0,75147.0,194.6,0.9999829682869503,36043.583333333336,30829.583333333332
676,городской округ город Минусинск,Минусинск,Красноярский край,городской округ,53.708814261638615,91.686152315262,0,4,0,0,71318.0,66414.1,213.9,1.0,34447.416666666664,28514.083333333332
677,городской округ город Назарово,Назарово,Красноярский край,городской округ,56.02603481619485,90.39185193629454,0,4,0,0,44261.0,69653.0,223.1,1.0,30029.166666666668,24597.5
678,городской округ город Норильск,Норильск,Красноярский край,городской округ,69.28410153122206,87.95695743231676,0,3,4,0,177427.0,182860.4,,1.0,54444.333333333336,50207.0
679,городской округ город Сосновоборск,Сосновоборск,Красноярский край,городской округ,56.12714314338958,93.35731036339352,0,4,0,0,40913.0,74461.4,216.8,1.0,36364.333333333336,30520.083333333332
680,городской округ город Шарыпово,Шарыпово,Красноярский край,городской округ,55.531634132115656,89.10067598915673,0,4,0,0,40739.0,53945.3,220.3,1.0,32555.833333333332,27666.083333333332
683,Абанский муниципальный район,Абанский,Красноярский край,муниципальный район,56.955887848311406,96.52517932899194,3,0,0,0,17763.0,57179.1,198.1,0.0,21984.083333333332,19901.583333333332
685,Балахтинский муниципальный район,Балахтинский,Красноярский край,муниципальный район,55.319741593102634,92.01835441112846,3,1,0,1,17854.0,65358.9,209.0,0.3875322056681976,28702.833333333332,23011.0
686,Березовский муниципальный район,Березовский,Красноярский край,муниципальный район,55.82278757289145,93.1612010502224,0,1,0,0,40429.0,74424.1,222.9,0.46449330925820576,33522.916666666664,27433.5
687,Бирилюсский муниципальный район,Бирилюсский,Красноярский край,муниципальный район,57.25791405694645,90.6101977575468,3,0,0,0,7924.0,59903.0,209.2,0.0,23214.25,19996.416666666668
689,Богучанский муниципальный район,Богучанский,Красноярский край,муниципальный район,58.6956307873364,97.47797026731826,1,1,7,0,42225.0,86545.7,186.1,0.0,36341.833333333336,31552.583333333332
690,Большемуртинский муниципальный район,Большемуртинский,Красноярский край,муниципальный район,57.013667420166925,92.98019309734408,3,0,0,0,13529.0,62263.9,206.6,0.5137112868652525,24420.5,21278.833333333332
691,Большеулуйский муниципальный район,Большеулуйский,Красноярский край,муниципальный район,56.63780115499392,90.64729956925174,3,0,2,5,6681.0,108725.7,212.3,0.0,21989.75,21538.75
692,Дзержинский муниципальный район,Дзержинский,Красноярский край,муниципальный район,56.83770188667445,95.10351495177876,3,0,0,0,11389.0,57387.7,196.7,0.0,23336.833333333332,20787.5
693,Емельяновский муниципальный район,Емельяновский,Красноярский край,муниципальный район,56.31702138508148,92.34908777679492,0,5,2,1,55572.0,93491.1,221.7,0.2812567480025912,36803.75,31601.333333333332
694,Енисейский муниципальный район,Енисейский,Красноярский край,муниципальный район,59.68718337377343,88.97977455882489,3,1,1,0,21238.0,79274.1,195.7,0.16475185987381108,30097.833333333332,27304.666666666668
695,Ермаковский муниципальный район,Ермаковский,Красноярский край,муниципальный район,52.515800849354605,92.73201501505125,3,0,0,2,17423.0,57832.4,197.6,0.0,26642.0,22888.083333333332
696,Идринский муниципальный район,Идринский,Красноярский край,муниципальный район,54.56143132660263,92.50544439926124,3,0,0,2,10295.0,56047.9,197.2,0.0,21817.75,19263.75
697,Иланский муниципальный район,Иланский,Красноярский край,муниципальный район,56.0000115449236,96.1768221078076,0,1,4,0,22528.0,78793.0,200.5,0.69189453125,24850.75,22250.666666666668
698,Ирбейский муниципальный район,Ирбейский,Красноярский край,муниципальный район,55.22355924931165,95.97745087157804,3,0,0,2,12610.0,75513.9,202.6,0.0,25197.666666666668,22052.166666666668
699,Казачинский муниципальный район,Казачинский,Красноярский край,муниципальный район,57.603094685125434,93.33004178739964,3,0,0,0,8558.0,57344.0,199.8,0.0,24131.25,20861.166666666668
701,Каратузский муниципальный район,Каратузский,Красноярский край,муниципальный район,53.3389821061136,93.60946464986576,3,0,0,0,13157.0,60723.7,197.2,0.0,25616.416666666668,21843.416666666668
702,Кежемский муниципальный район,Кежемский,Красноярский край,муниципальный район,58.82657243386424,100.68984112270628,1,1,1,0,16559.0,96691.5,183.0,0.7772812367896612,39321.25,34022.083333333336
703,Козульский муниципальный район,Козульский,Красноярский край,муниципальный район,56.20913571489413,91.43007438587075,3,0,0,0,11808.0,66336.4,214.6,0.5247289972899729,24436.833333333332,21557.5
704,Краснотуранский муниципальный район,Краснотуранский,Красноярский край,муниципальный район,54.39261178595453,91.64573432427233,3,0,0,0,12848.0,52475.8,196.5,0.0,25487.583333333332,22117.333333333332
705,Курагинский муниципальный район,Курагинский,Красноярский край,муниципальный район,54.00452745172769,94.37766253415958,3,1,0,1,39269.0,61814.0,198.6,0.5665028393898495,27950.0,23984.833333333332
706,Манский муниципальный район,Манский,Красноярский край,муниципальный район,55.38595632424965,93.61308565052364,3,0,0,0,13436.0,56676.4,209.7,0.0,22025.166666666668,19038.666666666668
708,Мотыгинский муниципальный район,Мотыгинский,Красноярский край,муниципальный район,58.56769596758299,94.5455082689573,1,3,0,0,12009.0,100468.3,178.0,0.5598301274044467,35699.0,29213.083333333332
710,Нижнеингашский муниципальный район,Нижнеингашский,Красноярский край,муниципальный район,56.30983914943894,97.00955877788478,3,0,0,0,23480.0,59387.1,199.1,0.5654173764906303,26089.416666666668,22573.0
711,Новоселовский муниципальный район,Новоселовский,Красноярский край,муниципальный район,54.971826322826054,91.21830421914812,3,0,0,2,10619.0,58707.4,209.2,0.0,26337.333333333332,22550.5
712,Партизанский муниципальный район,Партизанский,Красноярский край,муниципальный район,54.991923419385,94.260950063833,3,0,0,2,7989.0,65385.3,204.7,0.0,23079.0,19987.916666666668
713,Пировский муниципальный округ,Пировский,Красноярский край,муниципальный округ,57.56594190831638,91.9672445625188,3,0,0,0,5747.0,58840.6,196.5,0.0,24274.333333333332,21511.166666666668
714,Рыбинский муниципальный район,Рыбинский,Красноярский край,муниципальный район,55.9935758843672,94.76657952315682,3,1,0,2,29400.0,71689.9,206.4,0.5154761904761904,26834.416666666668,23734.25
715,Саянский муниципальный район,Саянский,Красноярский край,муниципальный район,54.88850252864267,95.07130346569326,3,0,0,0,9056.0,56506.0,201.4,0.0,23666.583333333332,20760.416666666668
716,Северо-Енисейский муниципальный район,Северо-Енисейский,Красноярский край,муниципальный район,60.03725106948026,93.3274305978148,1,3,0,0,8308.0,154150.8,181.6,0.7172604718343765,42019.083333333336,34722.083333333336
717,Сухобузимский муниципальный район,Сухобузимский,Красноярский край,муниципальный район,56.57366674980082,93.78118495350569,3,0,0,0,18911.0,59181.9,210.6,0.0,24766.166666666668,20945.75
718,Таймырский Долгано-Ненецкий муниципальный район,Таймырский Долгано-Ненецкий,Красноярский край,муниципальный район,75.06612942576966,96.30453815236096,1,3,0,0,29609.0,162835.1,,0.6624674929919957,48107.25,45573.416666666664
719,Тасеевский муниципальный район,Тасеевский,Красноярский край,муниципальный район,57.37485792896553,94.85594268866656,3,0,0,0,9952.0,56323.3,193.9,0.0,24723.666666666668,21567.166666666668
720,Туруханский муниципальный район,Туруханский,Красноярский край,муниципальный район,64.76314482474972,87.37667897051539,1,3,0,0,12684.0,152563.2,,0.28058971933144117,44763.916666666664,39364.083333333336
721,Тюхтетский муниципальный округ,Тюхтетский,Красноярский край,муниципальный округ,56.98075287829852,89.26983674170079,3,0,0,0,7536.0,58910.8,213.2,0.0,24247.166666666668,21072.166666666668
722,Ужурский муниципальный район,Ужурский,Красноярский край,муниципальный район,55.354908922607834,90.10192238869423,3,1,0,4,27453.0,68907.9,212.3,0.5161184569992351,30395.416666666668,25816.083333333332
723,Уярский муниципальный район,Уярский,Красноярский край,муниципальный район,55.83454925100172,94.22200695179691,3,1,0,0,17912.0,63090.6,207.6,0.6583296114336757,24784.0,21594.916666666668
725,Шушенский муниципальный район,Шушенский,Красноярский край,муниципальный район,52.62763646826646,91.57580273972732,3,2,0,1,30274.0,58071.5,199.1,0.5536103587236573,29350.083333333332,25781.25
726,Эвенкийский муниципальный район,Эвенкийский,Красноярский край,муниципальный район,65.09633105990228,98.94168508531511,1,3,0,0,13258.0,133246.0,,0.0,40767.833333333336,36097.75
727,городской округ Пермский,Пермский,Пермский край,городской округ,58.036276511823,56.26484640817866,0,4,0,0,1026912.0,88118.2,350.9,0.9999961048268985,38374.333333333336,32845.5
731,городской округ Лысьвенский,Лысьвенский,Пермский край,городской округ,57.90665203812168,57.99887604274922,0,4,0,0,61124.0,59536.1,299.9,0.8623126758719979,27799.416666666668,23836.416666666668
734,муниципальный округ Александровский,Александровский,Пермский край,муниципальный округ,59.41962946528529,57.83604491739971,0,1,4,0,22642.0,58279.0,286.7,0.9061478667962194,26115.416666666668,22638.333333333332
735,муниципальный округ Бардымский,Бардымский,Пермский край,муниципальный округ,56.88784184593401,55.6578605689722,3,1,0,3,26262.0,64471.0,314.5,0.0,23176.583333333332,20401.166666666668
736,муниципальный округ Березовский,Березовский,Пермский край,муниципальный округ,57.633072049788886,57.54555600839672,3,0,0,8,13486.0,59871.3,305.8,0.0,20549.916666666668,17962.5
737,муниципальный округ Большесосновский,Большесосновский,Пермский край,муниципальный округ,57.54175583169073,54.45309737708888,3,0,0,2,11730.0,52881.4,317.8,0.0,23140.5,20348.666666666668
738,городской округ Верещагинский,Верещагинский,Пермский край,городской округ,58.12512728702885,54.396641311554326,0,1,0,1,38931.0,51615.6,311.9,0.5649739282320002,24426.416666666668,22013.5
739,городской округ Горнозаводский,Горнозаводский,Пермский край,городской округ,58.58441056062335,58.67519369781525,0,1,0,1,21697.0,67217.5,297.8,0.9538645895745955,26465.083333333332,23296.333333333332
741,городской округ Добрянский,Добрянский,Пермский край,городской округ,58.626860700031806,56.67200113577088,0,4,0,0,47730.0,81849.5,304.4,0.8319924575738529,29037.0,25330.75
742,муниципальный округ Еловский,Еловский,Пермский край,муниципальный округ,56.929012466244075,54.88264709059232,3,0,0,4,8527.0,48798.7,312.2,0.0,23169.666666666668,20705.416666666668
743,городской округ Ильинский,Ильинский,Пермский край,городской округ,58.64519859372546,55.76487411438351,3,1,0,3,17130.0,51646.9,305.1,0.1681260945709282,20341.416666666668,18428.5
744,муниципальный округ Карагайский,Карагайский,Пермский край,муниципальный округ,58.47926693283577,55.01849503232181,3,0,0,0,19967.0,49766.6,311.0,0.0,23931.666666666668,21111.666666666668
745,городской округ город Кизел,Кизел,Пермский край,городской округ,59.089990799776984,58.11813484416398,0,1,0,0,17213.0,50204.2,288.1,0.8750363097658747,25805.833333333332,22603.583333333332
746,муниципальный округ Кишертский,Кишертский,Пермский край,муниципальный округ,57.33974650789323,57.598846657749725,3,0,0,0,10872.0,52600.8,308.9,0.0,19084.083333333332,17475.75
747,городской округ Красновишерский,Красновишерский,Пермский край,городской округ,60.525575010043696,58.286229694835505,3,1,1,0,17217.0,52325.2,273.0,0.8117558227333449,24481.083333333332,21950.833333333332
748,городской округ Краснокамский,Краснокамский,Пермский край,городской округ,58.168834946111794,55.89908934075465,0,4,0,0,66475.0,73277.6,318.3,0.7808349003384731,32336.333333333332,26933.833333333332
749,муниципальный округ Куединский,Куединский,Пермский край,муниципальный округ,56.538214152593405,55.20825021103769,3,0,0,1,22949.0,51245.8,318.5,0.0,23395.666666666668,20534.666666666668
751,городской округ Нытвенский,Нытвенский,Пермский край,городской округ,58.11444135908893,55.36505621632673,0,1,0,1,37780.0,59224.5,315.9,0.6790365272631022,25568.5,22545.0
752,городской округ Октябрьский,Октябрьский,Пермский край,городской округ,56.50006966324423,56.956877631489654,3,1,5,0,23944.0,60795.1,313.1,0.5637320414300033,21701.083333333332,18889.333333333332
753,муниципальный округ Ординский,Ординский,Пермский край,муниципальный округ,57.08135751241837,56.779534207535086,3,0,0,0,13958.0,53812.9,311.7,0.0,20971.833333333332,19102.083333333332
754,городской округ Осинский,Осинский,Пермский край,городской округ,57.2712166383717,55.49418635586119,0,4,0,1,26196.0,67450.8,309.6,0.7337761490303863,27123.083333333332,24474.75
755,городской округ Оханский,Оханский,Пермский край,городской округ,57.65896391488603,55.213034849440696,3,0,0,4,14030.0,47448.6,311.0,0.4436208125445474,23439.416666666668,20656.083333333332
756,городской округ Очерский,Очерский,Пермский край,городской округ,57.89256300572016,54.6220372226341,0,1,0,1,22301.0,59360.1,316.9,0.7758844894847765,25757.166666666668,22793.416666666668
757,муниципальный округ Пермский,Пермский,Пермский край,муниципальный округ,57.7883433678865,56.10119139494377,0,5,5,1,128718.0,72918.6,686.4,0.0,33956.5,28431.916666666668
758,муниципальный округ Сивинский,Сивинский,Пермский край,муниципальный округ,58.478592230623185,54.204084136724056,3,0,0,0,11869.0,49361.4,309.1,0.0,23225.166666666668,20951.166666666668
760,городской округ Суксунский,Суксунский,Пермский край,городской округ,57.08007863267561,57.49922037054455,3,0,0,0,18094.0,67480.1,309.1,0.4568365203935006,22764.0,19238.333333333332
761,муниципальный округ Уинский,Уинский,Пермский край,муниципальный округ,56.87279485860683,56.483643688589915,3,0,0,0,9728.0,52556.1,310.3,0.0,21504.833333333332,18522.583333333332
763,городской округ Чайковский,Чайковский,Пермский край,городской округ,56.70896534897273,54.35548590569432,0,4,0,0,93785.0,70557.7,322.1,0.7987737911179826,31032.833333333332,26681.333333333332
764,муниципальный округ Частинский,Частинский,Пермский край,муниципальный округ,57.26573084592975,54.77772578157941,3,0,0,4,11783.0,58265.8,311.5,0.0,22749.416666666668,19988.833333333332
765,городской округ Чердынский,Чердынский,Пермский край,городской округ,60.85375333113472,56.745573098359785,3,0,0,0,14730.0,48749.8,273.4,0.519959266802444,22348.083333333332,20118.75
766,городской округ Чернушинский,Чернушинский,Пермский край,городской округ,56.54152866446661,56.17513280402827,0,3,0,4,50392.0,74102.2,314.5,0.6560962057469439,29000.833333333332,25165.166666666668
767,городской округ Чусовской,Чусовской,Пермский край,городской округ,58.318873099397365,57.429649038924225,0,4,0,0,63686.0,62029.9,301.1,0.8144961215965832,30782.0,25765.166666666668
769,муниципальный округ Гайнский,Гайнский,Пермский край,муниципальный округ,60.541055616923146,53.592779804482184,3,0,0,0,11679.0,61144.0,279.3,0.0,24023.916666666668,21639.75
770,муниципальный округ Косинский,Косинский,Пермский край,муниципальный округ,59.90593965858697,55.025755729253454,3,0,0,0,5543.0,58600.5,281.2,0.0,21658.833333333332,20140.333333333332
771,муниципальный округ Кочевский,Кочевский,Пермский край,муниципальный округ,59.74212235372875,54.20323351618741,3,0,0,0,9259.0,64669.4,287.8,0.0,21567.0,20257.666666666668
773,муниципальный округ Юрлинский,Юрлинский,Пермский край,муниципальный округ,59.40941556286489,54.077128564741855,3,0,0,0,8439.0,45241.8,291.4,0.0,21155.333333333332,19306.666666666668
774,муниципальный округ Юсьвинский,Юсьвинский,Пермский край,муниципальный округ,59.05403772522509,55.531770247044655,3,0,0,0,16182.0,49483.7,296.1,0.0,19681.083333333332,18596.0
775,городской округ Владивостокский,Владивостокский,Приморский край,городской округ,43.14388097942928,131.9287440251463,0,4,3,0,622782.0,115583.5,140.3,0.9499760750952982,49715.833333333336,42911.666666666664
776,городской округ Арсеньевский,Арсеньевский,Приморский край,городской округ,44.14018006085987,133.2723771806102,0,4,0,0,47015.0,95125.1,137.2,1.0,37197.666666666664,31364.75
777,городской округ Артемовский,Артемовский,Приморский край,городской округ,43.396062764737415,132.2182017159483,0,4,3,0,117762.0,89562.8,142.1,0.92168101764576,41692.25,35797.166666666664
778,городской округ Большой Камень,Большой Камень,Приморский край,городской округ,43.09443099285779,132.3660745101688,0,4,0,0,42502.0,122281.3,138.4,0.9575314102865747,39538.583333333336,35062.0
779,городской округ Дальнегорский,Дальнегорский,Приморский край,городской округ,44.74106786906657,135.58731804835665,0,2,3,3,38543.0,73819.2,132.5,0.8489219832394987,33748.833333333336,30175.833333333332
780,городской округ Дальнереченский,Дальнереченский,Приморский край,городской округ,45.871643910647634,133.64570312796693,1,2,0,2,24564.0,81576.1,140.7,0.9249715030125387,31561.75,27376.833333333332
781,городской округ Лесозаводский,Лесозаводский,Приморский край,городской округ,45.464020135098075,133.60434298977682,1,2,4,2,39685.0,84726.6,138.1,0.8710595943051531,30065.666666666668,26639.0
782,городской округ Находкинский,Находкинский,Приморский край,городской округ,42.82748197066529,132.85910747502655,0,4,3,0,135345.0,105573.6,134.8,0.9923898186116961,42367.75,36840.083333333336
783,городской округ Партизанский,Партизанский,Приморский край,городской округ,43.25398831904331,133.0700041078528,1,2,3,3,39132.0,87831.8,136.0,0.838853112542165,30791.0,27370.5
784,городской округ Спасск-Дальний,Спасск-Дальний,Приморский край,городской округ,44.592645006377175,132.81694616255535,1,2,3,3,34822.0,68238.9,148.1,1.0,32882.083333333336,27905.416666666668
785,городской округ Уссурийский,Уссурийский,Приморский край,городской округ,43.72951947588195,131.77706342198655,0,4,3,0,205435.0,80481.1,139.3,0.8758780149438995,42370.166666666664,36154.0
787,Анучинский муниципальный округ,Анучинский,Приморский край,муниципальный округ,43.94963227785774,133.05119690193345,3,2,5,2,12237.0,76451.1,137.9,0.0,25325.333333333332,22516.25
788,Дальнереченский муниципальный район,Дальнереченский,Приморский край,муниципальный район,45.46773838612025,134.3388599545499,1,2,3,0,7793.0,62363.5,145.2,0.0,25635.0,21075.833333333332
789,Кавалеровский муниципальный округ,Кавалеровский,Приморский край,муниципальный округ,44.31306006939527,135.05495102864853,1,2,4,0,20727.0,72875.1,133.9,0.7523037583827857,31369.25,27986.0
790,Кировский муниципальный район,Кировский,Приморский край,муниципальный район,45.00683436749458,133.65271526524805,3,2,5,0,17312.0,64993.2,138.6,0.6902148798521257,28034.0,26015.583333333332
791,Красноармейский муниципальный округ,Красноармейский,Приморский край,муниципальный округ,45.83166236959981,135.53410879855335,1,2,0,0,13859.0,83864.8,137.2,0.22793852370300888,30826.083333333332,25718.833333333332
792,Лазовский муниципальный округ,Лазовский,Приморский край,муниципальный округ,43.185068649413445,133.8578977641033,1,2,0,0,11848.0,94966.2,133.2,0.5094530722484808,30351.833333333332,26304.666666666668
793,Михайловский муниципальный район,Михайловский,Приморский край,муниципальный район,43.95013754549092,132.34804275246404,1,2,2,5,28474.0,76951.3,141.9,0.24671630259183816,23724.333333333332,22442.75
794,Надеждинский муниципальный район,Надеждинский,Приморский край,муниципальный район,43.48291253956471,131.81307238347767,1,2,0,0,41960.0,86783.2,144.7,0.0,35920.0,29913.666666666668
795,Октябрьский муниципальный округ,Октябрьский,Приморский край,муниципальный округ,44.0765914858254,131.54679742369814,1,2,4,0,22743.0,68005.0,139.8,0.2297410192147034,25209.583333333332,23382.333333333332
796,Ольгинский муниципальный округ,Ольгинский,Приморский край,муниципальный округ,43.72804460700221,134.85441868376512,3,2,5,0,7209.0,81391.7,132.7,0.42183381883756416,30030.916666666668,25530.416666666668
797,Партизанский муниципальный округ,Партизанский,Приморский край,муниципальный округ,43.26026550203382,133.25027118247905,1,2,2,0,29888.0,69296.5,136.0,0.0,30200.166666666668,26414.416666666668
798,Пограничный муниципальный округ,Пограничный,Приморский край,муниципальный округ,44.59405918554403,131.43795916001184,1,2,0,0,18096.0,71071.9,137.0,0.5370247568523431,27375.833333333332,24933.166666666668
799,Пожарский муниципальный округ,Пожарский,Приморский край,муниципальный округ,46.65295742066133,135.89829942985236,1,3,0,10,24093.0,99163.1,139.3,0.7042294442369152,33499.333333333336,28662.25
800,Спасский муниципальный район,Спасский,Приморский край,муниципальный район,44.713807995558824,133.0321031184015,1,2,2,0,19870.0,74247.4,155.4,0.0,28484.416666666668,24984.75
801,Тернейский муниципальный округ,Тернейский,Приморский край,муниципальный округ,46.63230333427395,137.5876838274004,1,2,1,3,9728.0,77899.6,132.0,0.8116776315789473,34545.0,29020.666666666668
802,Ханкайский муниципальный округ,Ханкайский,Приморский край,муниципальный округ,44.91523319269644,131.8568047528645,3,2,2,0,17049.0,73387.7,137.4,0.0,28523.75,24613.666666666668
803,Хасанский муниципальный округ,Хасанский,Приморский край,муниципальный округ,42.92822085598252,131.1452891790226,1,2,0,0,24400.0,81322.3,135.1,0.7581967213114754,33359.5,28664.5
804,Хорольский муниципальный округ,Хорольский,Приморский край,муниципальный округ,44.36187639823193,132.11010720505752,3,2,3,0,24478.0,68059.6,139.1,0.32984720973935777,26972.583333333332,24568.166666666668
805,Черниговский муниципальный округ,Черниговский,Приморский край,муниципальный округ,44.27195421106029,132.58342018640568,1,2,0,0,25893.0,75280.0,139.3,0.26211717452593364,30114.25,26452.583333333332
806,Чугуевский муниципальный округ,Чугуевский,Приморский край,муниципальный округ,44.30902321337146,134.2041935870675,3,2,2,0,21090.0,64568.9,135.8,0.0,29824.833333333332,26089.5
807,Шкотовский муниципальный округ,Шкотовский,Приморский край,муниципальный округ,43.354540167559215,132.58786239636228,1,2,0,6,21051.0,115314.5,140.5,0.46648615267683247,29192.833333333332,25221.25
808,Яковлевский муниципальный округ,Яковлевский,Приморский край,муниципальный округ,44.43622020615227,133.54553776299136,3,2,2,6,11970.0,67064.5,137.4,0.0,27180.083333333332,23889.666666666668
809,городской округ город Ставрополь,Ставрополь,Ставропольский край,городской округ,45.03888139247595,41.90984379876383,0,4,0,0,557402.0,73824.2,310.0,0.9997649811087869,37007.666666666664,31494.25
810,Благодарненский муниципальный округ,Благодарненский,Ставропольский край,муниципальный округ,45.102194704260754,43.56151799961878,3,1,0,0,57014.0,,304.8,0.5377977338899218,24716.166666666668,20695.416666666668
811,Георгиевский муниципальный округ,Георгиевский,Ставропольский край,муниципальный округ,44.27444139460702,43.45395177285417,0,1,0,0,157898.0,,306.3,0.3897642782049171,27765.166666666668,23395.75
812,городской округ город-курорт Ессентуки,Ессентуки,Ставропольский край,городской округ,44.048041604723345,42.874146591568994,0,4,0,0,123138.0,64029.5,310.3,1.0,35862.75,29829.416666666668
813,городской округ город-курорт Железноводск,Железноводск,Ставропольский край,городской округ,44.1132055478281,43.07777055514756,0,4,0,0,50082.0,59471.7,309.6,1.0,34046.5,27232.5
814,Изобильненский муниципальный округ,Изобильненский,Ставропольский край,муниципальный округ,45.33352726898647,41.666877997465406,3,1,1,0,104095.0,,313.6,0.5609587396128537,28416.416666666668,23226.833333333332
815,Ипатовский муниципальный округ,Ипатовский,Ставропольский край,муниципальный округ,45.78155937052674,42.65568093096463,3,1,0,0,56684.0,,309.1,0.44802766212687883,24626.25,20680.833333333332
817,Кировский муниципальный округ,Кировский,Ставропольский край,муниципальный округ,43.988608484196526,43.71526406474784,3,1,1,0,66369.0,,304.8,0.3090599526887553,23917.25,19837.916666666668
818,городской округ город Лермонтов,Лермонтов,Ставропольский край,городской округ,44.101176646415446,42.98890296599361,0,4,0,0,24717.0,63479.7,309.6,0.9396366873002387,33518.083333333336,26335.833333333332
819,Минераловодский муниципальный округ,Минераловодский,Ставропольский край,муниципальный округ,44.33790718183152,42.97251927096819,0,1,0,2,130865.0,,309.1,0.5738203492148397,32174.25,26590.5
820,городской округ город Невинномысск,Невинномысск,Ставропольский край,городской округ,44.6398744105619,41.938566750529944,0,4,0,0,114556.0,74252.0,312.6,1.0,32857.083333333336,26956.583333333332
821,Нефтекумский муниципальный округ,Нефтекумский,Ставропольский край,муниципальный округ,44.59960051537983,45.124312018051015,3,1,0,0,59801.0,,296.3,0.49355361950469057,24574.416666666668,20610.833333333332
822,Новоалександровский муниципальный округ,Новоалександровский,Ставропольский край,муниципальный округ,45.4721455412258,41.174229159244696,3,1,0,2,62246.0,,317.6,0.41678180124024033,26865.25,22633.083333333332
823,Петровский муниципальный округ,Петровский,Ставропольский край,муниципальный округ,45.29011153929152,42.8243057671633,3,1,0,0,68240.0,,308.9,0.5101699882766706,24790.75,20687.166666666668
824,городской округ город-курорт Пятигорск,Пятигорск,Ставропольский край,городской округ,44.041500922705765,43.06600208448185,0,4,0,0,211692.0,64260.2,308.1,0.9326616027058179,36654.333333333336,30957.833333333332
825,Советский муниципальный округ,Советский,Ставропольский край,муниципальный округ,44.34239117437071,43.936649266624386,3,1,0,0,57692.0,,303.2,0.5708070443042363,24661.75,20797.25
826,Александровский муниципальный округ,Александровский,Ставропольский край,муниципальный округ,44.71965549138676,43.009364036018354,3,0,0,0,46217.0,44256.8,308.1,0.0,22898.833333333332,19654.0
827,Андроповский муниципальный округ,Андроповский,Ставропольский край,муниципальный округ,44.59210202534562,42.4940833711579,3,0,0,0,33305.0,47160.6,309.1,0.0,23662.583333333332,20936.166666666668
828,Апанасенковский муниципальный округ,Апанасенковский,Ставропольский край,муниципальный округ,45.88086473843689,43.39604532147459,3,0,0,0,29279.0,42531.2,309.3,0.0,22605.083333333332,19687.166666666668
829,Арзгирский муниципальный округ,Арзгирский,Ставропольский край,муниципальный округ,45.29573209190441,44.29454586846086,3,0,0,0,22666.0,43853.2,303.9,0.0,21543.333333333332,18598.583333333332
830,Будённовский муниципальный округ,Будённовский,Ставропольский край,муниципальный округ,44.746490562119504,44.14060500016091,0,1,0,0,106466.0,54769.5,302.0,0.5305731407209814,29567.0,24283.25
831,Грачёвский муниципальный округ,Грачёвский,Ставропольский край,муниципальный округ,45.13902865465237,42.46307271808664,3,0,0,0,37958.0,50188.1,313.3,0.0,21630.583333333332,18730.75
832,Кочубеевский муниципальный округ,Кочубеевский,Ставропольский край,муниципальный округ,44.63600476799663,41.887489639755266,3,0,0,2,77707.0,53915.3,313.6,0.0,25431.75,20987.083333333332
833,Красногвардейский муниципальный округ,Красногвардейский,Ставропольский край,муниципальный округ,45.806591027822165,41.59330623850779,3,0,0,0,35678.0,58768.1,317.4,0.0,23771.333333333332,20108.25
834,Курский муниципальный округ,Курский,Ставропольский край,муниципальный округ,43.98873973848162,44.86170979960085,3,0,0,0,52260.0,46725.1,298.5,0.0,21525.5,18280.833333333332
835,Левокумский муниципальный округ,Левокумский,Ставропольский край,муниципальный округ,45.01352544785003,44.944129062337176,3,0,0,0,34715.0,46735.3,299.9,0.0,20544.25,18293.583333333332
836,Новоселицкий муниципальный округ,Новоселицкий,Ставропольский край,муниципальный округ,44.74605179865182,43.475994390062695,3,0,0,0,24490.0,45695.6,305.5,0.0,21643.75,18962.75
838,Степновский муниципальный округ,Степновский,Ставропольский край,муниципальный округ,44.266764416471226,44.54768867813989,3,0,0,0,20369.0,45790.3,295.6,0.0,21760.916666666668,18008.083333333332
839,Труновский муниципальный округ,Труновский,Ставропольский край,муниципальный округ,45.558073452903,42.058509519423225,3,0,0,0,32211.0,52560.6,315.9,0.0,22851.333333333332,20307.25
840,Туркменский муниципальный округ,Туркменский,Ставропольский край,муниципальный округ,45.47085681813998,43.56061173301478,3,0,0,0,22025.0,43555.6,304.6,0.0,20123.75,17918.75
841,Шпаковский муниципальный округ,Шпаковский,Ставропольский край,муниципальный округ,45.023335581848194,42.02052035200214,0,4,0,1,165229.0,59169.7,316.6,0.6789304540970411,34763.833333333336,28574.083333333332
842,городской округ город Хабаровск,Хабаровск,Хабаровский край,городской округ,48.47433742361444,135.06303461980224,0,4,1,0,615570.0,106096.5,173.3,1.0,48158.666666666664,41985.333333333336
843,городской округ город Комсомольск-на-Амуре,Комсомольск-на-Амуре,Хабаровский край,городской округ,50.57598852613193,137.00385023202588,0,4,0,0,235488.0,97973.0,141.7,1.0,43257.083333333336,36976.75
844,Амурский муниципальный район,Амурский,Хабаровский край,муниципальный район,49.68630565331467,135.6149310639026,1,3,0,0,55970.0,93168.1,136.5,0.8485259960693229,34157.916666666664,29735.916666666668
846,Бикинский муниципальный район,Бикинский,Хабаровский край,муниципальный район,46.99549513502576,134.36547048401445,1,2,0,0,21147.0,71458.5,139.8,0.7365110890433632,36174.166666666664,31040.333333333332
847,Ванинский муниципальный район,Ванинский,Хабаровский край,муниципальный район,49.98759361806376,139.7777113832607,1,3,0,0,33535.0,115596.0,135.5,0.7522588340539734,41912.666666666664,36869.0
848,Верхнебуреинский муниципальный район,Верхнебуреинский,Хабаровский край,муниципальный район,51.00677954262298,132.89698391074953,1,3,0,0,24441.0,131180.9,138.1,0.7649441512213084,40018.5,35293.0
849,Вяземский муниципальный район,Вяземский,Хабаровский край,муниципальный район,47.47330680064216,134.94073760696796,3,2,6,0,19202.0,60401.3,141.7,0.6634204770336424,29557.25,26323.333333333332
851,муниципальный район имени Лазо,Лазо,Хабаровский край,муниципальный район,47.78326935843533,136.46958661623842,1,2,4,0,37861.0,62910.4,143.8,0.5444652808959087,26763.666666666668,23643.583333333332
852,Нанайский муниципальный район,Нанайский,Хабаровский край,муниципальный район,49.13988609178042,137.08080506157657,1,1,2,1,13922.0,98058.1,139.3,0.0,26204.25,23637.666666666668
853,Николаевский муниципальный район,Николаевский,Хабаровский край,муниципальный район,53.28980294875443,140.49824231842896,1,3,0,0,23555.0,111410.9,127.7,0.8504776056039057,41077.083333333336,35208.75
854,Охотский муниципальный округ,Охотский,Хабаровский край,муниципальный округ,60.29772727615894,142.16824834020852,1,3,0,0,6326.0,128142.3,,0.507745810938982,44722.916666666664,38178.833333333336
855,муниципальный район имени Полины Осипенко,Полины Осипенко,Хабаровский край,муниципальный район,52.56308114242428,136.81989486112985,1,2,0,0,3532.0,158798.8,134.4,0.0,33345.5,30141.083333333332
856,Советско-Гаванский муниципальный район,Советско-Гаванский,Хабаровский край,муниципальный район,48.3696311914011,139.41328893773388,1,2,0,2,36352.0,94696.8,133.9,0.9811839788732394,39060.166666666664,34181.5
857,Солнечный муниципальный район,Солнечный,Хабаровский край,муниципальный район,51.27214553064324,136.1415434141957,1,3,0,0,26843.0,93058.4,137.7,0.45434563945907686,30516.833333333332,28091.0
859,Ульчский муниципальный район,Ульчский,Хабаровский край,муниципальный район,52.02477050408033,139.58254845745353,1,2,3,0,13977.0,83409.1,129.6,0.0,31381.083333333332,25926.916666666668
860,Хабаровский муниципальный район,Хабаровский,Хабаровский край,муниципальный район,49.45364029396759,134.37592327396072,0,2,3,1,82380.0,82059.1,399.3,0.05853362466618111,40325.666666666664,34841.916666666664
870,Архаринский муниципальный округ,Архаринский,Амурская область,муниципальный округ,49.536283278259475,130.6263926878491,1,2,0,0,12372.0,86158.0,144.0,0.6021661817006143,28040.333333333332,25242.333333333332
871,Белогорский муниципальный округ,Белогорский,Амурская область,муниципальный округ,50.789477388381506,128.44857511719658,1,2,2,0,17004.0,66226.2,175.9,0.0,32439.833333333332,28314.416666666668
872,Благовещенский муниципальный округ,Благовещенский,Амурская область,муниципальный округ,50.66155841465843,127.55333954140984,1,2,0,0,35810.0,77201.6,236.1,0.0,43085.666666666664,35379.916666666664
873,Бурейский муниципальный округ,Бурейский,Амурская область,муниципальный округ,50.10306388002556,130.1961673852211,1,3,0,4,16566.0,95304.5,144.7,0.7808764940239044,28404.166666666668,26759.25
874,Завитинский муниципальный округ,Завитинский,Амурская область,муниципальный округ,50.231003221971534,129.56217807265438,1,2,0,0,11590.0,71923.9,145.2,0.7874029335634167,26463.416666666668,23768.75
875,Зейский муниципальный округ,Зейский,Амурская область,муниципальный округ,54.42275230536221,128.99685749191542,1,3,0,0,11287.0,126833.2,149.5,0.0,37423.083333333336,33690.916666666664
876,Ивановский муниципальный округ,Ивановский,Амурская область,муниципальный округ,50.485057449624,128.09316141535226,1,2,4,0,20785.0,63576.6,146.4,0.0,30173.25,26628.416666666668
877,Константиновский муниципальный район,Константиновский,Амурская область,муниципальный район,49.73820958743063,128.10153262764163,3,2,7,0,10666.0,68337.8,144.0,0.0,25867.75,24180.75
878,Магдагачинский муниципальный район,Магдагачинский,Амурская область,муниципальный район,53.1766777896367,126.1055783952938,1,3,0,0,16478.0,119224.4,148.3,0.7099162519723268,29864.75,26897.75
879,Мазановский муниципальный район,Мазановский,Амурская область,муниципальный район,52.09786350185666,129.60913300464043,1,2,2,0,9173.0,65854.3,145.7,0.0,28120.083333333332,24217.0
880,Михайловский муниципальный район,Михайловский,Амурская область,муниципальный район,49.70363249798881,128.84851868752477,1,2,1,0,12248.0,70692.2,144.0,0.0,25673.666666666668,23155.583333333332
881,Октябрьский муниципальный район,Октябрьский,Амурская область,муниципальный район,50.2820567771064,128.92530410998515,1,2,3,0,18390.0,74927.2,145.9,0.0,30884.916666666668,27693.333333333332
882,Ромненский муниципальный округ,Ромненский,Амурская область,муниципальный округ,50.9031477780136,130.0051478658805,1,2,3,1,7209.0,60963.8,145.7,0.0,24733.666666666668,22222.416666666668
883,Свободненский муниципальный район,Свободненский,Амурская область,муниципальный район,51.43104933808342,127.7334139842257,1,3,0,0,11318.0,227512.1,165.1,0.0,28981.166666666668,26857.666666666668
884,Селемджинский муниципальный район,Селемджинский,Амурская область,муниципальный район,52.757889921513225,132.16129970510417,1,3,0,0,7107.0,129060.5,138.1,0.6624454762909807,33352.5,30661.166666666668
885,Серышевский муниципальный округ,Серышевский,Амурская область,муниципальный округ,51.11740486629424,128.64100089388165,1,2,2,0,20859.0,64016.9,147.1,0.4429742557169567,27866.083333333332,26471.0
886,Сковородинский муниципальный округ,Сковородинский,Амурская область,муниципальный округ,53.86177345645989,123.36048557893794,1,3,0,0,19790.0,107406.7,149.2,0.6785750378979283,30785.416666666668,27415.916666666668
888,Тындинский муниципальный округ,Тындинский,Амурская область,муниципальный округ,55.45319749665407,123.69287738574056,1,3,0,0,13370.0,142195.3,158.4,0.0,39010.416666666664,34175.916666666664
889,Шимановский муниципальный округ,Шимановский,Амурская область,муниципальный округ,52.160629598671605,127.5232331890257,1,2,0,2,5003.0,123760.6,152.5,0.0,30767.416666666668,30104.5
890,городской округ город Архангельск,Архангельск,Архангельская область,городской округ,64.59224152351017,40.550599593988075,0,4,0,0,301376.0,91197.6,261.4,0.9843683637715014,41635.666666666664,36488.5
891,городской округ город Коряжма,Коряжма,Архангельская область,городской округ,61.29662985681571,47.15168356163003,0,4,0,0,33663.0,73622.2,287.4,1.0,30181.666666666668,30203.0
892,городской округ Котлас,Котлас,Архангельская область,городской округ,61.24548737657498,46.70348919942469,0,4,0,0,66838.0,78418.5,296.1,0.9987432298991592,35454.333333333336,31292.416666666668
895,городской округ город Новодвинск,Новодвинск,Архангельская область,городской округ,64.40960804092286,40.80263352648176,0,4,0,0,32639.0,80850.2,260.0,0.9999693618064279,29351.333333333332,27392.416666666668
896,городской округ Северодвинск,Северодвинск,Архангельская область,городской округ,64.43205821646889,39.67351917841697,0,4,0,0,156310.0,92164.9,253.6,0.9957584287633549,44042.75,39851.5
897,Вельский муниципальный район,Вельский,Архангельская область,муниципальный район,61.314148808551394,42.09294831101486,0,1,2,0,44862.0,71844.4,299.2,0.5783290981231332,31508.666666666668,27511.333333333332
898,Верхнетоемский муниципальный округ,Верхнетоемский,Архангельская область,муниципальный округ,62.487984049926034,45.64445523534397,3,0,0,0,10925.0,65286.4,276.0,0.0,24038.166666666668,21841.75
899,муниципальный округ Вилегодский,Вилегодский,Архангельская область,муниципальный округ,61.227112239483326,48.32852739809818,3,0,0,0,8586.0,63714.0,284.8,0.0,25889.5,24318.0
900,Виноградовский муниципальный округ,Виноградовский,Архангельская область,муниципальный округ,62.92583411728884,43.422920991949454,3,0,0,0,12371.0,64888.9,276.5,0.0,27072.75,23780.083333333332
901,муниципальный округ Каргопольский,Каргопольский,Архангельская область,муниципальный округ,61.4477393279458,38.77743615756712,3,1,0,4,14660.0,59758.9,287.1,0.5940654843110504,28031.0,25064.5
902,Коношский муниципальный район,Коношский,Архангельская область,муниципальный район,61.01176642642574,40.20626100679998,0,1,7,0,17807.0,73751.9,297.0,0.5695513000505419,29037.75,26230.333333333332
903,Котласский муниципальный округ,Котласский,Архангельская область,муниципальный округ,61.29441906512025,46.768020539225674,3,1,6,1,17119.0,94195.2,314.5,0.5024826216484608,24509.333333333332,24054.916666666668
904,Красноборский муниципальный округ,Красноборский,Архангельская область,муниципальный округ,61.80851197598161,46.47305663389836,3,0,0,0,10008.0,66348.3,284.5,0.0,23232.5,21512.083333333332
905,Ленский муниципальный район,Ленский,Архангельская область,муниципальный район,62.08886032299979,48.69067855427591,3,1,0,0,9646.0,87595.2,274.4,0.4014099108438731,30787.583333333332,27098.666666666668
907,Мезенский муниципальный округ,Мезенский,Архангельская область,муниципальный округ,65.9785235868754,44.07325035419455,1,2,1,6,7098.0,106476.5,240.9,0.3994082840236686,25270.0,23126.583333333332
908,Няндомский муниципальный округ,Няндомский,Архангельская область,муниципальный округ,61.934327718523114,40.577757882669125,0,1,4,0,22613.0,80817.5,287.6,0.7992747534603989,30622.166666666668,27435.166666666668
909,Онежский муниципальный район,Онежский,Архангельская область,муниципальный район,63.67357131434925,37.8483959915582,0,1,2,0,23456.0,73165.6,250.5,0.7649641882673943,30234.333333333332,26960.75
911,Плесецкий муниципальный округ,Плесецкий,Архангельская область,муниципальный округ,62.750943765670634,39.62859084737201,0,1,4,0,33077.0,70221.1,270.1,0.6684403059527768,31306.083333333332,27724.75
912,Приморский муниципальный округ,Приморский,Архангельская область,муниципальный округ,79.94914345350801,54.20716935270449,1,1,1,1,28908.0,86680.3,325.4,0.0,37809.583333333336,32521.5
913,Устьянский муниципальный округ,Устьянский,Архангельская область,муниципальный округ,61.2977616291575,44.1070839813481,3,1,0,0,23280.0,75235.7,293.7,0.40107388316151205,28931.333333333332,25779.0
914,Холмогорский муниципальный округ,Холмогорский,Архангельская область,муниципальный округ,63.84545363010113,41.996645964044816,3,0,0,3,17957.0,71012.4,261.9,0.0,23279.666666666668,21934.666666666668
915,Шенкурский муниципальный округ,Шенкурский,Архангельская область,муниципальный округ,62.125402590846605,42.593048079732085,3,0,0,0,10436.0,60597.0,283.4,0.4253545419701035,25917.666666666668,23647.5
916,городской округ город Нарьян-Мар,Нарьян-Мар,Ненецкий автономный округ,городской округ,67.63640418939622,53.029206536326924,1,3,0,3,24266.0,113701.9,209.7,1.0,48494.0,44993.583333333336
917,муниципальный район Заполярный район,Заполярный,Ненецкий автономный округ,муниципальный район,68.1670441802285,53.85194339023611,1,3,0,0,17958.0,158968.4,210.2,0.4073950328544381,44424.5,40349.5
918,городской округ город Астрахань,Астрахань,Астраханская область,городской округ,46.36270185841042,48.03827079489204,0,4,0,0,465524.0,66194.2,285.7,1.0,32686.583333333332,27497.916666666668
920,Ахтубинский муниципальный район,Ахтубинский,Астраханская область,муниципальный район,48.1615371242061,46.479991435040986,3,1,2,0,57030.0,54862.5,306.0,0.775048220234964,25190.583333333332,22602.5
922,Енотаевский муниципальный район,Енотаевский,Астраханская область,муниципальный район,47.25998057290469,46.83705930699155,3,0,0,4,25039.0,69842.0,293.7,0.0,21193.166666666668,18828.166666666668
923,Икрянинский муниципальный район,Икрянинский,Астраханская область,муниципальный район,45.89203673364888,47.690613965089405,3,0,0,0,47744.0,40442.6,288.3,0.2712173257372654,20035.083333333332,17519.75
924,Камызякский муниципальный район,Камызякский,Астраханская область,муниципальный район,45.90179230709622,48.18592770200877,3,0,0,0,46892.0,39760.6,286.7,0.44028832210185104,18956.5,16662.0
925,Красноярский муниципальный район,Красноярский,Астраханская область,муниципальный район,46.88553837924629,48.399271771613535,0,1,1,0,35860.0,109649.2,287.8,0.0,18657.0,16948.166666666668
926,Лиманский муниципальный район,Лиманский,Астраханская область,муниципальный район,45.83338553549881,47.01831845587083,3,0,0,0,27717.0,49802.5,284.5,0.3154742576757946,20808.75,18028.5
927,Наримановский муниципальный район,Наримановский,Астраханская область,муниципальный район,46.42602358832267,47.33386160358314,0,1,0,2,47528.0,78100.7,290.7,0.2284127251304494,28983.5,23498.5
928,Приволжский муниципальный район,Приволжский,Астраханская область,муниципальный район,46.29125275670794,48.17188286777539,3,1,0,1,66669.0,50571.5,291.9,0.0,30998.25,25501.583333333332
929,Харабалинский муниципальный район,Харабалинский,Астраханская область,муниципальный район,47.41004061400144,47.64770709894929,3,0,0,0,39434.0,51867.3,291.1,0.46054166455343104,19731.0,17567.083333333332
930,Черноярский муниципальный район,Черноярский,Астраханская область,муниципальный район,48.15673397003814,45.67478515550226,3,0,0,0,19298.0,51028.8,306.0,0.0,20045.416666666668,19033.666666666668
986,городской округ город Владимир,Владимир,Владимирская область,городской округ,56.11859920649343,40.433944650768375,0,4,0,0,346685.0,73898.5,408.0,0.9924917432251179,38291.916666666664,32503.5
987,городской округ город Гусь-Хрустальный,Гусь-Хрустальный,Владимирская область,городской округ,55.62780244229822,40.63424054434173,0,4,0,0,51182.0,62463.2,424.6,0.9983587980149271,30597.416666666668,25809.583333333332
988,городской округ город Ковров,Ковров,Владимирская область,городской округ,56.35766631182186,41.316892972824654,0,4,0,0,128879.0,72958.9,409.7,1.0,35766.833333333336,30274.5
989,городской округ округ Муром,Муром,Владимирская область,городской округ,55.56708679235486,42.01882394023567,0,4,0,0,112091.0,66886.9,394.3,0.9350081630104112,32504.083333333332,27549.666666666668
991,Александровский муниципальный район,Александровский,Владимирская область,муниципальный район,56.43237241351074,38.72287771065225,0,1,0,1,102657.0,63364.6,426.7,0.8615583934851009,35809.583333333336,29801.916666666668
992,Вязниковский муниципальный район,Вязниковский,Владимирская область,муниципальный район,56.219281909570526,42.04039140801585,0,1,0,0,66875.0,49634.9,386.8,0.6476261682242991,27717.833333333332,23754.333333333332
993,Гороховецкий муниципальный район,Гороховецкий,Владимирская область,муниципальный район,56.091660395867805,42.51042672857868,3,1,1,0,19901.0,62567.8,383.7,0.6082106426812723,27715.833333333332,23880.833333333332
994,Гусь-Хрустальный муниципальный район,Гусь-Хрустальный,Владимирская область,муниципальный район,55.55495854837186,40.68939438676052,0,1,3,0,38749.0,56544.8,434.9,0.154455598854164,22882.916666666668,20211.833333333332
995,Камешковский муниципальный район,Камешковский,Владимирская область,муниципальный район,56.32096291226491,40.890585627091134,0,1,2,0,30466.0,65450.0,396.5,0.38652924571653646,26320.333333333332,23289.416666666668
996,Киржачский муниципальный район,Киржачский,Владимирская область,муниципальный район,56.1383614501561,38.86914379858875,0,1,0,2,37950.0,77759.5,441.6,0.6921212121212121,35285.833333333336,29651.25
998,Кольчугинский муниципальный район,Кольчугинский,Владимирская область,муниципальный район,56.29132036515974,39.405732266410624,0,1,0,0,47188.0,65080.0,421.3,0.799800796812749,33139.833333333336,27664.166666666668
999,Меленковский муниципальный район,Меленковский,Владимирская область,муниципальный район,55.36922272184003,41.599482573937955,3,1,0,0,31240.0,50159.1,381.6,0.41299615877080664,22941.25,20123.666666666668
1001,Петушинский муниципальный район,Петушинский,Владимирская область,муниципальный район,55.96604999365916,39.416793040269006,0,1,0,1,58074.0,78611.2,433.1,0.7984640286530977,35716.083333333336,30044.083333333332
1002,Селивановский муниципальный район,Селивановский,Владимирская область,муниципальный район,55.82677910697092,41.64871949563937,3,0,0,7,16758.0,52714.3,385.4,0.4633011099176513,22698.5,20758.416666666668
1003,Собинский муниципальный район,Собинский,Владимирская область,муниципальный район,56.01760266543587,40.0003029723868,0,1,0,0,48500.0,68552.5,416.3,0.7321855670103092,27039.166666666668,23439.25
1004,Судогодский муниципальный район,Судогодский,Владимирская область,муниципальный район,55.94869650308287,40.9201394350107,3,1,3,0,34005.0,53831.4,401.2,0.2946625496250551,24808.083333333332,22626.0
1005,Суздальский муниципальный район,Суздальский,Владимирская область,муниципальный район,56.371029335710105,40.44780581061195,0,1,6,0,46532.0,63652.3,399.1,0.19195392418120863,32007.666666666668,26332.0
1006,Юрьев-Польский муниципальный район,Юрьев-Польский,Владимирская область,муниципальный район,56.53574158860145,39.70343113606592,0,1,3,0,30784.0,58722.3,408.7,0.5400207900207901,27318.666666666668,23622.916666666668
1007,городской округ город-герой Волгоград,Волгоград,Волгоградская область,городской округ,48.63211019736048,44.442146278105525,0,4,0,0,1018898.0,68989.9,325.6,1.0,34302.416666666664,29138.833333333332
1008,городской округ город Волжский,Волжский,Волгоградская область,городской округ,48.82767331047198,44.762894420834336,0,4,0,0,315220.0,67975.6,332.9,1.0,32000.333333333332,27266.083333333332
1009,городской округ город Камышин,Камышин,Волгоградская область,городской округ,50.075132813160906,45.39464629115066,0,4,0,0,105187.0,50409.5,350.9,1.0,31047.833333333332,26377.25
1010,городской округ город Михайловка,Михайловка,Волгоградская область,городской округ,50.16099023147093,43.275385176973096,0,4,0,0,82402.0,51608.4,336.7,0.723162059173321,27089.833333333332,23289.5
1011,городской округ город Урюпинск,Урюпинск,Волгоградская область,городской округ,50.792923826834624,42.02545451932206,0,4,0,0,35085.0,47746.3,363.9,1.0,26047.916666666668,22176.333333333332
1012,городской округ город Фролово,Фролово,Волгоградская область,городской округ,49.77044121536009,43.67140416419731,0,1,0,1,34173.0,52506.0,339.8,1.0,24994.916666666668,21833.166666666668
1013,Алексеевский муниципальный район,Алексеевский,Волгоградская область,муниципальный район,50.2057148785586,42.2073249770201,3,0,0,0,14771.0,56323.5,337.0,0.0,22230.166666666668,19623.833333333332
1014,Быковский муниципальный район,Быковский,Волгоградская область,муниципальный район,49.501253170305105,45.413241966984465,3,0,0,0,24854.0,47241.5,312.2,0.290898849279794,19771.0,18143.666666666668
1015,Городищенский муниципальный район,Городищенский,Волгоградская область,муниципальный район,48.88144968185198,44.218796114406345,0,1,0,0,59927.0,64417.6,345.2,0.588148914512657,23448.666666666668,20042.75
1016,Даниловский муниципальный район,Даниловский,Волгоградская область,муниципальный район,50.38472802765703,44.10470210007208,3,0,0,0,12175.0,46810.3,330.6,0.326652977412731,22384.916666666668,19798.333333333332
1017,Дубовский муниципальный район,Дубовский,Волгоградская область,муниципальный район,49.34818085747537,44.770574875879255,3,1,0,2,28637.0,59846.7,331.8,0.5059887558054266,22323.25,19505.5
1018,Еланский муниципальный район,Еланский,Волгоградская область,муниципальный район,50.86383972428322,43.75703161546696,3,0,0,1,27976.0,53337.8,337.2,0.48881183871890194,23716.166666666668,20422.083333333332
1019,Жирновский муниципальный район,Жирновский,Волгоградская область,муниципальный район,50.90044358898021,44.86550071994765,3,1,0,0,35986.0,51685.6,333.4,0.7519868837881398,24427.666666666668,21955.916666666668
1020,Иловлинский муниципальный район,Иловлинский,Волгоградская область,муниципальный район,49.311643845746566,43.95241017003733,3,1,0,0,30650.0,55517.8,332.5,0.32923327895595433,22704.416666666668,20314.583333333332
1021,Калачевский муниципальный район,Калачевский,Волгоградская область,муниципальный район,48.62374200908245,43.63827944565983,3,1,0,0,50507.0,50032.6,325.9,0.46682638050171266,26297.916666666668,22383.666666666668
1023,Киквидзенский муниципальный район,Киквидзенский,Волгоградская область,муниципальный район,50.76014056312712,43.171049947377774,3,0,0,0,14536.0,44522.5,337.9,0.0,22459.833333333332,19639.916666666668
1024,Клетский муниципальный район,Клетский,Волгоградская область,муниципальный район,49.16810113883992,42.96047036455481,3,0,0,0,15893.0,48814.3,325.1,0.0,22151.583333333332,19554.333333333332
1025,Котельниковский муниципальный район,Котельниковский,Волгоградская область,муниципальный район,47.73078995978402,43.26310509660114,0,1,0,0,36842.0,91629.7,314.3,0.5957874165354758,26324.75,23006.166666666668
1026,Котовский муниципальный район,Котовский,Волгоградская область,муниципальный район,50.34994129557782,44.799011412522866,3,1,1,0,28608.0,57339.3,328.0,0.7031599552572707,23822.75,21815.75
1027,Кумылженский муниципальный район,Кумылженский,Волгоградская область,муниципальный район,49.86014083386538,42.43303321674707,3,0,0,0,17511.0,46230.3,330.1,0.0,20743.5,18155.666666666668
1028,Ленинский муниципальный район,Ленинский,Волгоградская область,муниципальный район,48.80757768904155,45.3604949736664,3,0,0,0,27111.0,42144.1,325.1,0.4743462063369112,21093.083333333332,18244.333333333332
1029,Нехаевский муниципальный район,Нехаевский,Волгоградская область,муниципальный район,50.33505267547264,41.69663303556939,3,0,0,0,12813.0,46399.0,337.4,0.0,22614.833333333332,19786.0
1030,Николаевский муниципальный район,Николаевский,Волгоградская область,муниципальный район,50.02932590119003,45.945238948248225,3,0,0,0,28193.0,48588.8,310.3,0.4675983400134785,21928.833333333332,19413.583333333332
1031,Новоаннинский муниципальный район,Новоаннинский,Волгоградская область,муниципальный район,50.51790292832863,42.72032800512965,3,0,0,1,31431.0,48591.7,342.1,0.46956826063440554,24747.333333333332,21519.916666666668
1032,Новониколаевский муниципальный район,Новониколаевский,Волгоградская область,муниципальный район,51.00707758047652,42.650518941294095,3,0,0,0,19463.0,48614.9,347.8,0.455222730308791,24190.416666666668,21377.833333333332
1033,Октябрьский муниципальный район,Октябрьский,Волгоградская область,муниципальный район,48.046123762421296,43.69601181446864,3,0,0,0,20005.0,51795.1,315.5,0.3017745563609098,22312.416666666668,19946.166666666668
1034,Ольховский муниципальный район,Ольховский,Волгоградская область,муниципальный район,49.826069245308865,44.56844596199253,3,0,0,0,15780.0,57618.6,330.1,0.0,22337.25,19815.166666666668
1035,Палласовский муниципальный район,Палласовский,Волгоградская область,муниципальный район,49.440263345922105,46.40651275640453,3,0,0,0,37911.0,45990.7,314.0,0.3840046424520588,21851.333333333332,19300.25
1036,Руднянский муниципальный район,Руднянский,Волгоградская область,муниципальный район,50.801736494261014,44.35902196289276,3,0,0,0,14070.0,45232.0,332.2,0.4123667377398721,22953.416666666668,19802.75
1037,Светлоярский муниципальный район,Светлоярский,Волгоградская область,муниципальный район,48.31405316511052,44.48396389361857,3,1,0,0,33189.0,60865.2,321.6,0.32510771641206426,23372.666666666668,20451.916666666668
1038,Серафимовичский муниципальный район,Серафимовичский,Волгоградская область,муниципальный район,49.50007260888445,42.717295055960015,3,0,0,0,21811.0,47142.2,328.9,0.3891614323048003,23010.666666666668,20399.916666666668
1039,Среднеахтубинский муниципальный район,Среднеахтубинский,Волгоградская область,муниципальный район,48.850692663423935,44.9634011570136,0,1,0,0,61526.0,63569.6,336.5,0.4991710821441342,28220.5,23446.916666666668
1040,Старополтавский муниципальный район,Старополтавский,Волгоградская область,муниципальный район,50.4388763303589,46.493219339090466,3,0,0,0,16630.0,45600.5,320.7,0.0,21522.916666666668,18535.25
1041,Суровикинский муниципальный район,Суровикинский,Волгоградская область,муниципальный район,48.58317027199375,42.97744369165622,3,0,0,1,33010.0,41045.0,325.1,0.5702514389578915,23327.666666666668,20250.916666666668
1044,Чернышковский муниципальный район,Чернышковский,Волгоградская область,муниципальный район,48.182493292265015,42.51870309465288,3,0,0,0,12986.0,47213.5,323.5,0.2609733559217619,22455.5,19835.416666666668
1047,Бабаевский муниципальный округ,Бабаевский,Вологодская область,муниципальный округ,59.841576861971134,35.94277349240155,0,1,7,0,18827.0,72929.0,320.2,0.6224571094704414,27205.416666666668,24647.083333333332
1048,Бабушкинский муниципальный округ,Бабушкинский,Вологодская область,муниципальный округ,59.67988274430994,43.796410242264656,3,0,0,2,9515.0,54216.2,308.4,0.0,22765.083333333332,20781.916666666668
1049,Белозерский муниципальный округ,Белозерский,Вологодская область,муниципальный округ,60.029598003721105,37.20822308823091,0,1,1,0,13265.0,58608.9,308.9,0.6077647945721825,26759.083333333332,23843.083333333332
1051,Великоустюгский муниципальный округ,Великоустюгский,Вологодская область,муниципальный округ,60.677503453734374,46.045272444362325,0,1,0,0,49167.0,55556.5,297.3,0.6926393719364614,29069.333333333332,24987.416666666668
1052,Верховажский муниципальный округ,Верховажский,Вологодская область,муниципальный округ,60.61330161319856,42.09957523044444,3,0,0,2,12428.0,50373.1,304.6,0.0,25503.583333333332,22153.666666666668
1053,Вожегодский муниципальный округ,Вожегодский,Вологодская область,муниципальный округ,60.48918604961482,40.18750347639657,3,1,0,5,13654.0,61437.4,303.4,0.4386992822616083,25020.916666666668,22948.166666666668
1054,Вологодский муниципальный округ,Вологодский,Вологодская область,муниципальный округ,59.32271272128633,39.46053945812249,3,1,0,0,52112.0,62777.5,468.2,0.0,32185.833333333332,28063.916666666668
1055,Вытегорский муниципальный район,Вытегорский,Вологодская область,муниципальный район,60.96847470904938,36.80046759212823,3,1,0,4,21919.0,70995.3,295.6,0.46512158401386927,31147.25,26795.75
1056,Грязовецкий муниципальный округ,Грязовецкий,Вологодская область,муниципальный округ,58.88222292463428,40.64337483653741,0,1,3,0,31660.0,70749.0,344.7,0.6186670878079595,25186.666666666668,23032.5
1057,Кадуйский муниципальный округ,Кадуйский,Вологодская область,муниципальный округ,59.405389952924686,36.90480596459309,0,1,3,0,16433.0,72910.8,323.0,0.8171971033895211,26087.916666666668,23809.416666666668
1058,Кирилловский муниципальный округ,Кирилловский,Вологодская область,муниципальный округ,60.140257319679506,38.61368690480572,3,1,0,4,14038.0,55213.1,315.9,0.5037042313719903,23395.833333333332,22150.583333333332
1059,Кичменгско-Городецкий муниципальный округ,Кичменгско-Городецкий,Вологодская область,муниципальный округ,59.988892949636025,45.958001878820234,3,0,0,1,14278.0,47517.9,305.5,0.0,23732.166666666668,20908.666666666668
1060,Междуреченский муниципальный округ,Междуреченский,Вологодская область,муниципальный округ,59.31244413015219,41.268025756058634,3,0,0,0,4834.0,51162.5,326.1,0.0,22389.666666666668,20922.083333333332
1061,Никольский муниципальный округ,Никольский,Вологодская область,муниципальный округ,59.498441861055575,45.249044507516814,3,0,0,2,18641.0,48311.4,311.0,0.40566493213883376,24582.666666666668,21553.833333333332
1062,Нюксенский муниципальный округ,Нюксенский,Вологодская область,муниципальный округ,60.49207680280332,44.5597070875607,3,0,0,5,8427.0,71691.6,301.3,0.0,24531.5,22852.75
1063,Сокольский муниципальный округ,Сокольский,Вологодская область,муниципальный округ,59.57983731924968,40.72260025064292,0,1,0,0,44621.0,60325.8,329.2,0.8498016628941529,28287.666666666668,24737.916666666668
1064,Сямженский муниципальный округ,Сямженский,Вологодская область,муниципальный округ,60.045264673210546,41.30305098508001,3,0,0,0,8005.0,58762.2,314.8,0.0,22601.916666666668,21256.416666666668
1065,Тарногский муниципальный округ,Тарногский,Вологодская область,муниципальный округ,60.58526354945074,43.56409896357596,3,0,0,0,10381.0,53705.2,298.2,0.0,25025.0,22175.0
1066,Тотемский муниципальный округ,Тотемский,Вологодская область,муниципальный округ,59.87204632251214,42.585202727725296,3,1,2,0,21923.0,62840.2,311.0,0.39396980340281895,26506.166666666668,23546.166666666668
1067,Усть-Кубинский муниципальный округ,Усть-Кубинский,Вологодская область,муниципальный округ,59.90619165929941,39.437966549373286,3,0,0,0,7282.0,52990.2,321.6,0.0,23482.75,21414.75
1068,Устюженский муниципальный округ,Устюженский,Вологодская область,муниципальный округ,58.88480913194069,36.39431708187307,3,1,0,0,15130.0,51007.9,334.4,0.4991407799074686,25505.416666666668,22076.416666666668
1069,Харовский муниципальный округ,Харовский,Вологодская область,муниципальный округ,60.06657438985286,40.1581346783789,3,1,0,4,12814.0,56509.7,314.5,0.6481192445762447,25202.25,22775.333333333332
1070,Чагодощенский муниципальный округ,Чагодощенский,Вологодская область,муниципальный округ,59.06713843389494,35.36398646363578,0,1,2,0,10919.0,65786.9,321.8,0.7472295997801996,29682.583333333332,26282.75
1071,Череповецкий муниципальный район,Череповецкий,Вологодская область,муниципальный район,59.08219202665964,37.866906248115306,0,1,1,0,39202.0,77639.9,448.4,0.0,31242.166666666668,26958.916666666668
1072,Шекснинский муниципальный район,Шекснинский,Вологодская область,муниципальный район,59.25250277713853,38.63421982506899,0,1,0,0,28758.0,64438.2,325.4,0.5542110021559218,28596.25,25382.916666666668
1107,городской округ Иваново,Иваново,Ивановская область,городской округ,57.00241196143373,40.98449681208139,0,4,0,0,358437.0,60499.5,405.9,1.0,35756.25,30289.916666666668
1108,городской округ Вичуга,Вичуга,Ивановская область,городской округ,57.20643984313789,41.91375037735661,3,1,5,0,29623.0,38989.2,380.9,1.0,22818.5,19720.916666666668
1109,городской округ Кинешма,Кинешма,Ивановская область,городской округ,57.43790064271859,42.142475126105985,0,4,0,0,74804.0,45411.7,367.7,1.0,28083.416666666668,23844.666666666668
1110,городской округ Кохма,Кохма,Ивановская область,городской округ,56.93202894353995,41.098387428521114,0,4,0,0,30181.0,48308.4,384.9,1.0,30753.833333333332,26122.916666666668
1111,городской округ Тейково,Тейково,Ивановская область,городской округ,56.85679505813718,40.53550993222882,0,4,0,1,30506.0,43157.2,394.6,1.0,25639.666666666668,22783.416666666668
1112,городской округ Шуя,Шуя,Ивановская область,городской округ,56.85162572824491,41.3702644254761,0,4,0,0,53312.0,53084.6,396.5,1.0,27525.583333333332,23441.416666666668
1113,Вичугский муниципальный район,Вичугский,Ивановская область,муниципальный район,57.25179394283375,41.93362593346239,3,0,0,0,15732.0,39526.4,392.4,0.6480422069666921,23134.416666666668,18885.25
1115,Гаврилово-Посадский муниципальный район,Гаврилово-Посадский,Ивановская область,муниципальный район,56.628398082657256,40.10083721925892,3,0,0,0,11865.0,47938.5,396.7,0.585503581963759,21980.75,19046.583333333332
1116,Заволжский муниципальный район,Заволжский,Ивановская область,муниципальный район,57.5539882796269,41.9877618273846,3,0,0,0,12153.0,41322.1,357.7,0.6892125401135523,24196.083333333332,20235.416666666668
1117,Ивановский муниципальный район,Ивановский,Ивановская область,муниципальный район,57.026186823617344,41.00592132986659,0,1,0,2,40478.0,62846.8,622.7,0.0,36045.0,30142.916666666668
1118,Ильинский муниципальный район,Ильинский,Ивановская область,муниципальный район,56.94962543222903,39.81352758260222,3,0,0,0,7336.0,42474.4,388.7,0.4446564885496183,21064.916666666668,18285.583333333332
1119,Кинешемский муниципальный район,Кинешемский,Ивановская область,муниципальный район,57.37845763809823,42.45863044687782,3,1,0,0,17408.0,43331.1,395.3,0.4469209558823529,23535.5,20645.916666666668
1120,Комсомольский муниципальный район,Комсомольский,Ивановская область,муниципальный район,57.11393670040924,40.38008020877933,3,1,0,0,19537.0,55184.8,380.4,0.43051645595536675,23702.416666666668,21175.75
1121,Лежневский муниципальный район,Лежневский,Ивановская область,муниципальный район,56.74036579236613,40.89005250114277,3,1,0,3,14905.0,58888.5,387.0,0.4719221737671922,21242.833333333332,19539.166666666668
1122,Лухский муниципальный район,Лухский,Ивановская область,муниципальный район,57.01462871112979,42.4224324725886,3,0,0,2,7399.0,40833.5,364.3,0.3350452763887012,19706.583333333332,17304.25
1123,Палехский муниципальный район,Палехский,Ивановская область,муниципальный район,56.81650415132527,41.95550784057508,3,0,0,2,8518.0,48758.0,373.3,0.522423104015027,22625.75,19647.333333333332
1124,Пестяковский муниципальный район,Пестяковский,Ивановская область,муниципальный район,56.6080852717872,42.6072260777627,3,0,0,4,4744.0,42939.3,366.2,0.6222596964586846,19581.083333333332,17906.0
1125,Приволжский муниципальный район,Приволжский,Ивановская область,муниципальный район,57.34091096845723,41.39414304103288,3,1,0,0,21589.0,49070.0,370.2,0.7352355366158692,24527.5,21121.916666666668
1126,Пучежский муниципальный район,Пучежский,Ивановская область,муниципальный район,56.97143888575132,42.98826374369823,3,0,0,0,10538.0,42853.9,358.4,0.6246915923325109,20815.5,17988.333333333332
1127,Родниковский муниципальный район,Родниковский,Ивановская область,муниципальный район,57.08489767994638,41.722002037707,0,1,0,0,29807.0,44956.0,371.4,0.7918609722548394,23470.5,20553.666666666668
1128,Савинский муниципальный район,Савинский,Ивановская область,муниципальный район,56.57948494882647,41.29739861742511,3,0,0,2,9719.0,44763.1,377.6,0.46373083650581337,21505.75,18834.25
1129,Тейковский муниципальный район,Тейковский,Ивановская область,муниципальный район,56.787785248630335,40.468941128196526,3,0,0,8,9988.0,41697.3,408.5,0.18982779335202243,23130.583333333332,20252.333333333332
1130,Фурмановский муниципальный район,Фурмановский,Ивановская область,муниципальный район,57.229836767405025,41.02641839667377,0,1,0,0,33630.0,55508.6,374.0,0.8601248884924175,23166.666666666668,20479.333333333332
1131,Шуйский муниципальный район,Шуйский,Ивановская область,муниципальный район,56.83641994187288,41.43312418044577,3,1,0,0,19184.0,42714.8,425.0,0.11905754795663052,26802.0,22655.416666666668
1132,Южский муниципальный район,Южский,Ивановская область,муниципальный район,56.5707828972002,42.03269616516569,3,0,0,0,19100.0,46097.5,373.1,0.6567539267015707,22681.833333333332,20203.666666666668
1133,Юрьевецкий муниципальный район,Юрьевецкий,Ивановская область,муниципальный район,57.28584099122782,42.926483561541346,3,0,0,0,11464.0,39515.0,351.4,0.6457606420097697,21887.416666666668,18581.666666666668
1134,городской округ город Иркутск,Иркутск,Иркутская область,городской округ,52.31450453714682,104.28068560485028,0,4,0,0,606369.0,100088.5,232.6,1.0,40808.916666666664,35486.75
1135,городской округ Ангарский,Ангарский,Иркутская область,городской округ,52.37968082200585,103.72448152653848,0,4,0,0,229085.0,81000.1,186.3,0.9488399502368117,35002.25,30229.333333333332
1136,городской округ город Братск,Братск,Иркутская область,городской округ,56.2015318197672,101.66864990455412,0,4,0,0,220097.0,92229.0,201.9,1.0,38340.166666666664,33538.75
1137,городской округ Зима,Зима,Иркутская область,городской округ,53.911503342560685,102.04910587406536,0,4,0,0,29877.0,78591.9,191.0,1.0,27827.0,24402.0
1138,городской округ город Саянск,Саянск,Иркутская область,городской округ,54.08157021637551,102.1358951847757,0,4,0,0,35724.0,68906.5,185.8,1.0,31296.666666666668,27842.75
1139,городской округ город Тулун,Тулун,Иркутская область,городской округ,54.549990996156936,100.5942455376588,0,4,0,0,37583.0,66572.9,194.3,1.0,30593.166666666668,26337.333333333332
1140,городской округ город Усолье-Сибирское,Усолье-Сибирское,Иркутская область,городской округ,52.76757467658143,103.63143794256332,0,4,0,0,72594.0,65751.7,187.5,1.0,32941.666666666664,28618.083333333332
1141,городской округ город Усть-Илимск,Усть-Илимск,Иркутская область,городской округ,57.99386381544272,102.70311539071692,0,4,0,0,77762.0,87337.6,180.4,1.0,38003.75,34209.333333333336
1142,городской округ город Черемхово,Черемхово,Иркутская область,городской округ,53.131480150218465,103.10748954738207,0,4,0,0,53160.0,69323.6,192.7,1.0,31178.833333333332,26750.75
1143,городской округ город Свирск,Свирск,Иркутская область,городской округ,53.065865012439005,103.34872082530872,0,1,0,3,15270.0,62609.4,185.8,1.0,27400.25,24152.5
1144,Балаганский муниципальный район,Балаганский,Иркутская область,муниципальный район,54.67646159522614,102.87934178368184,3,0,0,0,8577.0,62240.4,183.2,0.0,24871.416666666668,22253.75
1146,Братский муниципальный район,Братский,Иркутская область,муниципальный район,55.9115593380022,101.6967277965024,3,1,4,0,47236.0,87830.9,264.0,0.45027097976119906,24959.916666666668,22293.75
1147,Жигаловский муниципальный район,Жигаловский,Иркутская область,муниципальный район,54.95848225059285,105.3626057954664,0,3,7,0,9747.0,126671.1,169.1,0.5598645737149892,30202.25,24700.916666666668
1148,Заларинский муниципальный район,Заларинский,Иркутская область,муниципальный район,53.28345527793019,101.5715532889306,3,2,0,1,26236.0,63924.6,185.6,0.5163134624180515,26155.416666666668,22563.916666666668
1149,Зиминский муниципальный район,Зиминский,Иркутская область,муниципальный район,53.821401510989325,101.64193211259892,3,2,0,0,12070.0,61874.5,198.8,0.0,27001.583333333332,23429.583333333332
1150,Иркутский муниципальный район,Иркутский,Иркутская область,муниципальный район,52.28949601512844,104.91038076150176,0,5,2,1,167989.0,65699.5,372.4,0.2602551357529362,40040.583333333336,34233.666666666664
1151,Казачинско-Ленский муниципальный район,Казачинско-Ленский,Иркутская область,муниципальный район,56.08429555234447,108.04511747038175,1,3,0,2,14910.0,121226.2,172.1,0.639906103286385,37831.083333333336,31935.75
1152,Катангский муниципальный район,Катангский,Иркутская область,муниципальный район,60.9436025287209,107.454826191551,1,3,0,0,3016.0,153356.8,158.7,0.0,40135.083333333336,35657.083333333336
1153,Качугский муниципальный район,Качугский,Иркутская область,муниципальный район,54.11660534939247,106.63021000877504,3,2,0,1,15044.0,62604.1,172.8,0.4201675086413188,25376.583333333332,22474.583333333332
1154,Киренский муниципальный район,Киренский,Иркутская область,муниципальный район,57.97314401316345,109.20780570732636,1,3,0,1,15936.0,117123.7,169.3,0.785140562248996,34454.583333333336,28440.583333333332
1155,Куйтунский муниципальный район,Куйтунский,Иркутская область,муниципальный район,54.53932197388581,101.60024899092808,3,2,0,2,26931.0,60342.8,186.8,0.3646355501095392,26511.833333333332,23930.416666666668
1157,Нижнеилимский муниципальный район,Нижнеилимский,Иркутская область,муниципальный район,56.87349370895009,103.75505410192224,0,1,2,0,41873.0,92977.7,178.5,0.8574260263176748,32985.583333333336,28904.333333333332
1158,Нижнеудинский муниципальный район,Нижнеудинский,Иркутская область,муниципальный район,54.37732399436671,98.34702570053192,0,1,0,0,51698.0,73923.1,190.1,0.7442841115710472,27641.166666666668,23974.25
1159,Ольхонский муниципальный район,Ольхонский,Иркутская область,муниципальный район,53.2894333757246,107.2089506522093,3,2,0,5,10483.0,61544.3,174.5,0.0,24596.666666666668,22417.333333333332
1160,Слюдянский муниципальный район,Слюдянский,Иркутская область,муниципальный район,51.61274306201992,104.0090357931596,0,1,2,0,38424.0,74683.2,180.9,0.886633354153654,28166.833333333332,24654.083333333332
1161,Тайшетский муниципальный район,Тайшетский,Иркутская область,муниципальный район,56.24034159920139,97.94076965656028,0,1,2,0,69773.0,86393.9,194.6,0.7815200722342454,29862.25,26302.083333333332
1163,Усольский муниципальный район,Усольский,Иркутская область,муниципальный район,52.41763216108458,103.20904702942738,0,1,6,0,47850.0,83332.4,187.0,0.5564890282131661,26498.25,22694.0
1164,Усть-Илимский муниципальный район,Усть-Илимский,Иркутская область,муниципальный район,57.97710090411588,102.68518039513464,1,1,6,6,12734.0,112935.1,200.0,0.4472278938275483,25129.916666666668,21217.75
1165,Усть-Кутский муниципальный район,Усть-Кутский,Иркутская область,муниципальный район,56.98477053872863,105.90685676550476,1,3,2,0,41633.0,134257.8,175.7,0.902577282444215,40954.333333333336,35972.0
1166,Усть-Удинский муниципальный район,Усть-Удинский,Иркутская область,муниципальный район,55.15485660184467,103.88510031747444,3,0,0,4,13291.0,58666.6,171.0,0.0,25317.5,22052.916666666668
1167,Черемховский муниципальный район,Черемховский,Иркутская область,муниципальный район,52.76953049465957,102.26939183959604,3,1,0,4,28180.0,63332.0,199.3,0.2627750177430802,25478.666666666668,21820.583333333332
1168,Чунский муниципальный район,Чунский,Иркутская область,муниципальный район,56.78269663215496,99.70889375816203,3,1,0,0,26448.0,63915.8,190.6,0.763762855414398,25736.916666666668,22391.416666666668
1169,Шелеховский муниципальный район,Шелеховский,Иркутская область,муниципальный район,52.030725695487206,103.83432196875816,0,4,0,0,63683.0,88482.8,191.3,0.6385691628849144,35179.416666666664,30607.75
1170,Аларский муниципальный район,Аларский,Иркутская область,муниципальный район,53.31085155026573,102.7800806916312,3,2,0,2,22320.0,61995.6,186.1,0.0,25716.583333333332,23913.583333333332
1171,Баяндаевский муниципальный район,Баяндаевский,Иркутская область,муниципальный район,53.140830949427915,105.57503491268528,3,2,0,2,11534.0,63986.9,178.0,0.0,22269.666666666668,20811.916666666668
1172,Боханский муниципальный район,Боханский,Иркутская область,муниципальный район,53.153560436221774,103.92241875371138,3,2,0,0,25159.0,60665.0,178.7,0.0,22872.916666666668,20790.75
1173,Нукутский муниципальный район,Нукутский,Иркутская область,муниципальный район,53.75125547376784,102.8746342978041,3,0,0,1,14902.0,62010.3,185.1,0.0,25153.75,22866.416666666668
1174,Осинский муниципальный район,Осинский,Иркутская область,муниципальный район,53.60416322172244,104.03739100063726,3,2,0,2,20704.0,61815.9,177.3,0.0,23271.416666666668,21213.0
1175,Эхирит-Булагатский муниципальный район,Эхирит-Булагатский,Иркутская область,муниципальный район,52.92143558108296,104.9195564660753,3,2,2,0,29626.0,59167.2,182.1,0.0,24073.333333333332,21969.75
1176,городской округ город Калининград,Калининград,Калининградская область,городской округ,54.70856900947927,20.45105398033428,0,4,1,0,489584.0,80295.6,327.3,1.0,40623.916666666664,34697.583333333336
1178,городской округ Мамоновский,Мамоновский,Калининградская область,городской округ,54.45972596904795,19.957796687786143,0,1,6,2,8458.0,56117.9,312.2,0.9748167415464649,21802.5,20672.833333333332
1179,городской округ Пионерский,Пионерский,Калининградская область,городской округ,54.94632324671944,20.221784593197864,0,4,0,2,12928.0,71932.3,332.0,1.0,29775.916666666668,26559.166666666668
1180,городской округ Светловский,Светловский,Калининградская область,городской округ,54.70908029752198,20.20000424170174,0,4,0,0,27486.0,105631.8,341.9,0.7619515389652914,23416.083333333332,22714.166666666668
1181,городской округ Советский,Советский,Калининградская область,городской округ,55.074904391891025,21.861546851731596,0,4,0,0,38474.0,61178.7,293.7,1.0,27193.25,23502.083333333332
1184,городской округ Балтийский,Балтийский,Калининградская область,городской округ,54.68293333481001,19.96236677523724,0,4,0,2,29289.0,49215.8,391.0,0.9788999283007273,31837.666666666668,27881.833333333332
1185,муниципальный округ Гвардейский,Гвардейский,Калининградская область,муниципальный округ,54.65546175044876,21.07330497552901,3,1,1,0,28931.0,56213.3,315.0,0.47965849780512254,23729.916666666668,21616.083333333332
1186,муниципальный округ Гурьевский,Гурьевский,Калининградская область,муниципальный округ,54.754631773340066,20.643903770488595,2,5,0,0,110395.0,77261.7,331.3,0.25874360251823,40318.666666666664,33722.25
1187,городской округ Гусевский,Гусевский,Калининградская область,городской округ,54.62800073939013,22.182589165642856,0,4,0,1,37472.0,53619.0,292.6,0.7698281383432963,26492.5,23083.083333333332
1188,муниципальный округ Зеленоградский,Зеленоградский,Калининградская область,муниципальный округ,54.87456317473262,20.294101726232174,0,4,0,0,39588.0,74304.6,325.1,0.43356572698797613,41935.833333333336,33618.416666666664
1189,муниципальный округ Краснознаменский,Краснознаменский,Калининградская область,муниципальный округ,54.87919548842911,22.50398761513871,3,0,0,4,10823.0,62379.2,286.7,0.30546059318118823,25187.75,21221.083333333332
1190,городской округ Светлогорский,Светлогорский,Калининградская область,городской округ,54.93758055662055,20.0970938410808,0,4,0,0,21165.0,66207.1,332.7,0.8090715804394046,38646.583333333336,32117.416666666668
1191,муниципальный округ Неманский,Неманский,Калининградская область,муниципальный округ,54.94220354195742,22.009506612444657,3,1,0,4,15267.0,60846.2,292.6,0.5974978712255191,25868.25,21969.25
1192,муниципальный округ Нестеровский,Нестеровский,Калининградская область,муниципальный округ,54.53231959817139,22.526561284187473,3,0,0,1,11632.0,61643.1,287.6,0.28541953232462175,23826.916666666668,20376.583333333332
1193,муниципальный округ Озерский,Озерский,Калининградская область,муниципальный округ,54.424700001553326,21.95403128253966,3,0,0,3,12553.0,56999.8,291.6,0.34406118059428026,23707.5,20476.333333333332
1194,муниципальный округ Полесский,Полесский,Калининградская область,муниципальный округ,54.83500682321881,21.254435737223037,3,0,0,1,17007.0,60342.0,312.9,0.40771447051214205,23219.5,21370.75
1195,муниципальный округ Правдинский,Правдинский,Калининградская область,муниципальный округ,54.44681263869655,21.184648753775903,3,0,0,3,18045.0,72264.6,309.3,0.21607093377666944,20667.916666666668,18931.583333333332
1196,муниципальный округ Славский,Славский,Калининградская область,муниципальный округ,55.03351601529775,21.518088098800263,3,0,0,1,15573.0,46801.7,294.7,0.2556347524561742,24746.0,21154.083333333332
1197,муниципальный округ Черняховский,Черняховский,Калининградская область,муниципальный округ,54.66404065378545,21.73700374177967,0,1,0,0,45312.0,62572.9,299.2,0.7786899717514124,27656.666666666668,23770.25
1198,городской округ город Калуга,Калуга,Калужская область,городской округ,54.55569442890096,36.22967316498961,0,4,0,0,351103.0,79422.4,399.5,0.9389637798594714,38975.25,33451.666666666664
1200,Бабынинский муниципальный район,Бабынинский,Калужская область,муниципальный район,54.42661847585329,35.76138261362571,0,1,0,0,20665.0,68312.5,389.8,0.5118799903218001,25171.75,23067.5
1201,Барятинский муниципальный район,Барятинский,Калужская область,муниципальный район,54.33917451561327,34.54464471572641,3,0,0,0,5446.0,59608.3,360.3,0.0,26484.916666666668,23080.416666666668
1203,Дзержинский муниципальный район,Дзержинский,Калужская область,муниципальный район,54.71890086301537,35.869790949454355,0,1,1,0,56426.0,68888.7,399.3,0.6874667706376493,26192.833333333332,23582.583333333332
1204,Думиничский муниципальный район,Думиничский,Калужская область,муниципальный район,53.93263250908408,35.032651850395844,3,0,0,0,13284.0,42288.3,366.0,0.40989159891598914,23442.083333333332,21142.416666666668
1205,Жиздринский муниципальный район,Жиздринский,Калужская область,муниципальный район,53.66050835189578,34.73374152805634,3,0,0,0,9807.0,44104.3,360.6,0.5499133272152544,26357.333333333332,22809.166666666668
1206,Жуковский муниципальный район,Жуковский,Калужская область,муниципальный район,55.00085991553806,36.89006907807014,0,1,0,0,60240.0,83534.0,435.2,0.6224767596281541,29082.75,25544.833333333332
1207,Кировский муниципальный район,Кировский,Калужская область,муниципальный район,54.116444706488394,34.373182756714,0,1,0,0,37540.0,56599.0,351.8,0.7304741608950452,28839.583333333332,24375.75
1208,Износковский муниципальный район,Износковский,Калужская область,муниципальный район,55.01065994046244,35.40672551943131,3,0,0,0,6363.0,68389.6,382.8,0.0,25353.833333333332,21296.916666666668
1209,Козельский муниципальный район,Козельский,Калужская область,муниципальный район,54.03580755533302,35.82320995086144,0,1,2,0,38129.0,56722.2,377.6,0.7311232919824805,27265.75,24037.166666666668
1210,Куйбышевский муниципальный район,Куйбышевский,Калужская область,муниципальный район,54.08061150359949,33.841774098676915,3,0,0,0,7291.0,56391.3,345.0,0.0,25204.5,22639.666666666668
1211,Людиновский муниципальный район,Людиновский,Калужская область,муниципальный район,53.911759568405536,34.48748582928545,0,1,0,0,38134.0,61454.2,354.9,0.9166885194314784,28452.666666666668,24102.833333333332
1212,Малоярославецкий муниципальный район,Малоярославецкий,Калужская область,муниципальный район,54.88819830859168,36.392440992687945,0,1,0,3,69194.0,77128.2,430.5,0.608029597942018,33097.416666666664,28242.333333333332
1213,Медынский муниципальный район,Медынский,Калужская область,муниципальный район,55.07698882757621,35.825356788092044,3,1,3,0,12187.0,49871.7,407.3,0.6575859522441946,25967.583333333332,23083.333333333332
1214,Мещовский муниципальный район,Мещовский,Калужская область,муниципальный район,54.34203710847794,35.303724122194126,3,0,0,0,11280.0,48563.5,376.4,0.3299645390070922,23758.416666666668,22374.333333333332
1215,Мосальский муниципальный район,Мосальский,Калужская область,муниципальный район,54.552232213261306,34.85603933043997,3,0,0,0,9032.0,49701.5,371.4,0.4715456155890168,24411.666666666668,21872.75
1217,Спас-Деменский муниципальный район,Спас-Деменский,Калужская область,муниципальный район,54.40006825872968,33.97551415970682,3,0,0,2,7334.0,48916.0,349.0,0.6268066539405509,25151.0,21812.916666666668
1218,Сухиничский муниципальный район,Сухиничский,Калужская область,муниципальный район,54.11582541028716,35.24101725620128,3,1,0,7,22227.0,50460.2,374.0,0.7207450398164394,25694.833333333332,22803.666666666668
1219,Тарусский муниципальный район,Тарусский,Калужская область,муниципальный район,54.71579843673939,37.01360645963669,3,1,0,0,16375.0,65384.6,425.3,0.5937099236641221,27958.416666666668,25503.583333333332
1220,Ульяновский муниципальный район,Ульяновский,Калужская область,муниципальный район,53.704910510888986,35.58939675731653,3,0,0,0,6942.0,56053.3,361.5,0.0,26444.5,21679.083333333332
1221,Ферзиковский муниципальный район,Ферзиковский,Калужская область,муниципальный район,54.519673965690394,36.68028591957186,3,1,0,0,18112.0,72028.2,403.5,0.0,30104.75,24389.833333333332
1222,Хвастовичский муниципальный район,Хвастовичский,Калужская область,муниципальный район,53.48138987482697,35.1349983758115,3,0,0,0,9685.0,48986.0,355.4,0.0,21680.916666666668,19611.5
1223,Юхновский муниципальный район,Юхновский,Калужская область,муниципальный район,54.71455933912683,35.2567913892711,3,0,0,0,12596.0,48955.6,373.6,0.5087329310892347,24491.25,22628.416666666668
1224,городской округ Кемеровский,Кемеровский,Кемеровская область,городской округ,55.37934687800832,86.08214982801923,0,4,0,0,544600.0,77793.8,246.0,1.0,39373.75,33429.833333333336
1225,городской округ Анжеро-Судженский,Анжеро-Судженский,Кемеровская область,городской округ,56.0514581386135,86.09227305050452,0,4,0,0,69293.0,54175.5,227.6,0.9790887968481665,30152.916666666668,26075.5
1226,городской округ Беловский,Беловский,Кемеровская область,городской округ,54.3656000241312,86.28653743443853,0,4,0,0,119175.0,71657.3,231.9,0.986221942521502,32889.833333333336,28085.916666666668
1227,городской округ Березовский,Березовский,Кемеровская область,городской округ,55.64158145338488,86.26136530467522,0,3,4,0,45757.0,64498.2,231.2,0.9539305461459449,31288.5,27003.583333333332
1228,городской округ Калтанский,Калтанский,Кемеровская область,городской округ,53.493764237570055,87.28935291148774,0,3,2,2,29026.0,70769.5,224.3,0.7251085233928203,29632.583333333332,25063.25
1229,городской округ Киселевский,Киселевский,Кемеровская область,городской округ,54.013014553409405,86.57809379254635,0,4,0,0,85300.0,68025.3,229.8,0.9502344665885112,33179.083333333336,28732.166666666668
1230,городской округ Ленинск-Кузнецкий,Ленинск-Кузнецкий,Кемеровская область,городской округ,54.66213312824836,86.18067587108861,0,4,0,0,90570.0,69133.2,243.2,0.9858010378712598,34236.0,29266.416666666668
1231,городской округ Междуреченский,Междуреченский,Кемеровская область,городской округ,53.79692899061321,88.60122183229784,0,3,4,0,96216.0,76520.8,217.7,0.9881932318949032,36747.25,31687.833333333332
1232,городской округ Мысковский,Мысковский,Кемеровская область,городской округ,53.61823972550773,87.70784151412522,0,4,0,0,41229.0,68218.9,221.7,0.9512236532537777,30769.5,26771.0
1233,городской округ Новокузнецкий,Новокузнецкий,Кемеровская область,городской округ,53.79759219477312,87.1925347620312,0,4,0,0,531186.0,71643.2,246.0,1.0,37415.833333333336,31990.916666666668
1234,городской округ Осинниковский,Осинниковский,Кемеровская область,городской округ,53.641234473626064,87.3893992645944,0,4,0,0,43655.0,63422.8,225.3,0.8984766922460199,31523.0,27026.083333333332
1235,городской округ Полысаевский,Полысаевский,Кемеровская область,городской округ,54.5713963268331,86.27226061116372,1,3,6,0,27901.0,72218.1,235.4,0.9095731335794416,30470.333333333332,25811.416666666668
1236,городской округ Прокопьевский,Прокопьевский,Кемеровская область,городской округ,53.87474643184344,86.73416177778402,0,4,0,0,172618.0,57334.1,251.2,1.0,33722.333333333336,28865.666666666668
1237,городской округ Тайгинский,Тайгинский,Кемеровская область,городской округ,56.11851474385473,85.68408302728027,0,4,0,0,23065.0,64184.6,229.8,0.9511380880121396,29061.833333333332,24406.083333333332
1238,городской округ Юргинский,Юргинский,Кемеровская область,городской округ,55.717366334706625,84.90535245711155,0,4,0,0,78009.0,47192.9,248.2,1.0,33494.75,27947.166666666668
1240,Беловский муниципальный округ,Беловский,Кемеровская область,муниципальный округ,54.41701306365974,86.67669357126785,1,3,2,0,24823.0,84135.1,234.5,0.0,27360.916666666668,22045.333333333332
1241,Гурьевский муниципальный округ,Гурьевский,Кемеровская область,муниципальный округ,54.3779561531028,85.596354578817,1,1,5,7,36402.0,63985.3,230.9,0.7838855007966595,28486.583333333332,23867.166666666668
1242,Ижморский муниципальный округ,Ижморский,Кемеровская область,муниципальный округ,56.14227895548841,86.80020726990065,3,0,0,0,9689.0,47315.5,225.5,0.47538445660026835,24442.416666666668,20549.583333333332
1243,Кемеровский муниципальный округ,Кемеровский,Кемеровская область,муниципальный округ,55.513029365931715,86.27249966849189,1,3,2,0,45263.0,78691.2,448.4,0.0,35965.583333333336,29726.166666666668
1244,Крапивинский муниципальный округ,Крапивинский,Кемеровская область,муниципальный округ,54.95929756573872,87.09883270080704,3,1,0,3,21713.0,47217.0,228.6,0.5534472435867913,26415.0,22932.75
1246,Мариинский муниципальный округ,Мариинский,Кемеровская область,муниципальный округ,56.39676116229665,87.79925522615235,3,1,0,0,50597.0,45788.2,221.7,0.795817933869597,27291.75,23116.916666666668
1249,Промышленновский муниципальный округ,Промышленновский,Кемеровская область,муниципальный округ,54.91318593206709,85.44755249759854,3,1,0,0,45477.0,51912.5,234.9,0.42390659014446863,27045.916666666668,22905.916666666668
1250,Таштагольский муниципальный район,Таштагольский,Кемеровская область,муниципальный район,52.82545845414205,88.12535552711438,1,3,3,0,48876.0,60700.5,211.8,0.9040019641541861,35153.0,29613.833333333332
1251,Тисульский муниципальный округ,Тисульский,Кемеровская область,муниципальный округ,55.3780233158508,88.1340295070725,3,0,0,0,17957.0,58358.3,218.7,0.6408085983182046,26916.5,23074.666666666668
1252,Топкинский муниципальный округ,Топкинский,Кемеровская область,муниципальный округ,55.30921487934896,85.42008165865937,0,1,0,0,40525.0,56833.6,234.7,0.6632202344231956,29756.083333333332,24402.416666666668
1253,Тяжинский муниципальный округ,Тяжинский,Кемеровская область,муниципальный округ,56.08610702821451,88.75846576062602,3,0,0,0,18381.0,44868.5,219.4,0.643436156901148,24610.666666666668,21347.166666666668
1254,Чебулинский муниципальный округ,Чебулинский,Кемеровская область,муниципальный округ,55.78831284167645,87.52208834139525,3,0,0,3,12997.0,43965.5,223.4,0.3957067015465107,26122.916666666668,21800.0
1256,Яйский муниципальный округ,Яйский,Кемеровская область,муниципальный округ,56.24838928356564,86.19566491460748,3,1,0,3,15502.0,47515.0,226.4,0.5865049671010192,26762.5,22764.583333333332
1257,Яшкинский муниципальный округ,Яшкинский,Кемеровская область,муниципальный округ,55.910359469847606,85.41180724386109,3,1,1,0,26089.0,55554.9,232.3,0.48848173559737823,28191.5,23621.833333333332
1258,городской округ город Киров,Киров,Кировская область,городской округ,58.594335436262945,49.48967585111995,0,4,0,0,500457.0,71313.0,315.7,0.9500596454840275,36590.583333333336,31172.416666666668
1259,городской округ город Вятские Поляны,Вятские Поляны,Кировская область,городской округ,56.23592275850472,51.0542796514069,0,1,0,1,28922.0,51795.0,355.1,1.0,24818.333333333332,21614.75
1260,городской округ город Кирово-Чепецк,Кирово-Чепецк,Кировская область,городской округ,58.54059581504028,50.02520348753709,0,4,0,0,64571.0,66540.6,328.0,1.0,31344.333333333332,27209.916666666668
1261,городской округ город Котельнич,Котельнич,Кировская область,городской округ,58.30529226079173,48.325515463645544,0,1,0,1,19454.0,47149.4,333.4,1.0,23132.666666666668,20563.333333333332
1262,городской округ город Слободской,Слободской,Кировская область,городской округ,58.71750992694402,50.18954457703618,0,4,0,0,28479.0,54829.1,341.0,0.9892903542961481,24287.5,21225.25
1264,муниципальный округ Арбажский,Арбажский,Кировская область,муниципальный округ,57.76745668277229,48.32704520774944,3,0,0,0,4257.0,43781.2,325.6,0.571764153159502,20016.083333333332,17670.75
1265,муниципальный округ Афанасьевский,Афанасьевский,Кировская область,муниципальный округ,58.888332147086146,53.2607031698009,3,1,0,3,10517.0,41260.4,306.0,0.31682038604164686,20265.416666666668,18541.916666666668
1266,Белохолуницкий муниципальный район,Белохолуницкий,Кировская область,муниципальный район,59.03764915355763,51.24622184751125,3,0,0,0,15062.0,44284.2,311.7,0.6219625547736024,19740.416666666668,18301.583333333332
1267,муниципальный округ Богородский,Богородский,Кировская область,муниципальный округ,57.85538232856268,50.80796604484753,3,0,0,2,3151.0,52350.7,314.8,0.6737543636940654,18023.583333333332,16311.583333333334
1268,муниципальный округ Верхнекамский,Верхнекамский,Кировская область,муниципальный округ,59.757713045925136,52.57118933257146,3,1,0,0,19600.0,47299.7,300.8,0.8350510204081633,23058.25,20635.25
1269,Верхошижемский муниципальный район,Верхошижемский,Кировская область,муниципальный район,57.99139621389645,49.14033826491737,3,0,0,0,6778.0,48704.7,322.6,0.509294777220419,19722.0,17924.0
1270,Вятскополянский муниципальный район,Вятскополянский,Кировская область,муниципальный район,56.25070403961782,51.167214644723494,3,1,0,0,22503.0,42873.6,360.1,0.5854330533706616,22061.0,19510.833333333332
1271,Даровской муниципальный район,Даровской,Кировская область,муниципальный район,59.023424958788766,47.81870758091033,3,0,0,0,8117.0,43238.2,314.5,0.7314278674387089,20076.25,17670.333333333332
1272,Зуевский муниципальный район,Зуевский,Кировская область,муниципальный район,58.362331235683165,51.08115729756629,3,0,0,0,16435.0,52984.0,312.4,0.5721934895041071,21105.833333333332,19230.333333333332
1273,муниципальный округ Кикнурский,Кикнурский,Кировская область,муниципальный округ,57.344667760782,47.12665971507909,3,0,0,0,6384.0,38942.9,336.0,0.6231203007518797,19163.583333333332,16800.25
1274,Кильмезский муниципальный район,Кильмезский,Кировская область,муниципальный район,57.02359426866915,50.97135671286562,3,0,0,0,9573.0,42344.0,330.8,0.5466415961558551,19713.583333333332,17823.333333333332
1275,Кирово-Чепецкий муниципальный район,Кирово-Чепецкий,Кировская область,муниципальный район,58.37907405357485,50.14993303413793,3,1,0,0,19898.0,57342.1,352.3,0.0,25882.0,22274.0
1276,Котельничский муниципальный район,Котельничский,Кировская область,муниципальный район,58.27577618624077,48.10450655501893,3,0,0,3,9945.0,46001.0,341.0,0.0,19574.083333333332,18615.666666666668
1277,Куменский муниципальный район,Куменский,Кировская область,муниципальный район,58.13202814537468,50.076800123764706,3,0,0,2,14038.0,57854.2,318.3,0.40810656788716343,21845.083333333332,20287.416666666668
1278,муниципальный округ Лебяжский,Лебяжский,Кировская область,муниципальный округ,57.30629469875331,49.4669444264357,3,0,0,0,5283.0,40689.3,326.6,0.5129661177361348,19538.416666666668,17595.75
1279,муниципальный округ Лузский,Лузский,Кировская область,муниципальный округ,60.65516103299359,47.844832380833864,3,0,0,0,12427.0,45723.0,294.2,0.8762372253963144,22815.25,20234.0
1280,Малмыжский муниципальный район,Малмыжский,Кировская область,муниципальный район,56.59491002274494,50.70418921479581,3,0,0,0,19801.0,44116.7,338.8,0.3401848391495379,20256.833333333332,18119.0
1281,муниципальный округ Мурашинский,Мурашинский,Кировская область,муниципальный округ,59.35073257165271,48.719679562608825,3,1,0,0,8746.0,65023.4,305.8,0.6104504916533272,20676.416666666668,18915.333333333332
1282,Нагорский муниципальный район,Нагорский,Кировская область,муниципальный район,59.55605097619017,50.782940917958214,3,0,0,3,6225.0,44270.2,301.8,0.6366265060240964,18250.166666666668,16360.166666666666
1284,Нолинский муниципальный район,Нолинский,Кировская область,муниципальный район,57.591086858908206,49.82280888764473,3,0,0,2,15213.0,43969.9,321.8,0.6113849996713338,20668.416666666668,18515.0
1285,Омутнинский муниципальный район,Омутнинский,Кировская область,муниципальный район,58.81080988876096,52.30532644273979,0,1,0,0,33193.0,55132.6,305.3,0.8426475461693731,24171.5,21982.083333333332
1286,муниципальный округ Опаринский,Опаринский,Кировская область,муниципальный округ,59.723125938478375,47.80841071888617,3,0,0,0,6571.0,46554.0,298.9,0.5601887079592147,22058.916666666668,19608.5
1287,Оричевский муниципальный район,Оричевский,Кировская область,муниципальный район,58.29417191721687,48.96384474195356,3,1,0,2,24539.0,50711.2,318.1,0.6275316842577122,21404.166666666668,19748.666666666668
1288,Орловский муниципальный район,Орловский,Кировская область,муниципальный район,58.70316088800185,48.781239799599334,3,0,0,0,9136.0,49280.8,321.6,0.5802320490367776,19842.333333333332,18159.083333333332
1289,муниципальный округ Пижанский,Пижанский,Кировская область,муниципальный округ,57.40148926572034,48.51522425599729,3,0,0,0,7903.0,45963.3,331.8,0.4470454257876756,20234.5,18308.166666666668
1290,Подосиновский муниципальный район,Подосиновский,Кировская область,муниципальный район,60.23492550005109,47.33586466707951,3,0,0,3,11195.0,47295.1,300.4,0.7833854399285395,21022.5,18716.333333333332
1291,муниципальный округ Санчурский,Санчурский,Кировская область,муниципальный округ,57.01860707751079,47.2116907362845,3,0,0,0,6900.0,39558.7,338.4,0.547536231884058,18976.916666666668,16944.0
1292,муниципальный округ Свечинский,Свечинский,Кировская область,муниципальный округ,58.334750422213766,47.58357102525603,3,0,0,0,5744.0,44029.9,324.4,0.6453690807799443,20883.5,18949.416666666668
1293,Слободской муниципальный район,Слободской,Кировская область,муниципальный район,58.85394629185707,50.15267148510496,3,1,0,0,32057.0,51617.9,338.4,0.27326324983622924,22601.666666666668,20343.25
1294,Советский муниципальный район,Советский,Кировская область,муниципальный район,57.53151089080604,48.97345060136458,3,1,0,0,21424.0,48817.2,328.7,0.6716299477221808,22012.333333333332,19486.416666666668
1295,Сунский муниципальный район,Сунский,Кировская область,муниципальный район,57.8776319772188,50.04569534568142,3,0,0,0,4826.0,50882.6,318.8,0.3903854123497721,18234.916666666668,17327.416666666668
1296,Тужинский муниципальный район,Тужинский,Кировская область,муниципальный район,57.60327751530274,47.82623108584355,3,0,0,0,5475.0,39954.9,330.8,0.703744292237443,20301.75,17618.166666666668
1297,муниципальный округ Унинский,Унинский,Кировская область,муниципальный округ,57.671239995091085,51.42156795675135,3,0,0,1,5751.0,44072.1,311.9,0.6056338028169014,18907.25,17013.416666666668
1298,Уржумский муниципальный район,Уржумский,Кировская область,муниципальный район,57.068920136993135,50.08410602812091,3,0,0,0,19396.0,46534.2,330.8,0.4250876469375129,21275.416666666668,19080.333333333332
1299,муниципальный округ Фаленский,Фаленский,Кировская область,муниципальный округ,58.2070718750955,51.576888257862294,3,0,0,0,7168.0,44839.4,311.2,0.5640345982142857,19052.166666666668,17218.333333333332
1300,Шабалинский муниципальный район,Шабалинский,Кировская область,муниципальный район,58.362004320456464,46.95958417441386,3,0,0,0,7140.0,44357.5,324.7,0.5490196078431373,20708.083333333332,18564.583333333332
1301,Юрьянский муниципальный район,Юрьянский,Кировская область,муниципальный район,59.01804390295764,49.23481203304544,3,1,0,4,15836.0,61840.7,313.3,0.6807906036878,20865.0,19438.916666666668
1302,Яранский муниципальный район,Яранский,Кировская область,муниципальный район,57.230961291323105,47.93357714178855,3,1,0,0,19268.0,44396.5,337.7,0.7122690471247665,21719.5,19618.666666666668
1303,городской округ город Кострома,Кострома,Костромская область,городской округ,57.78005525915345,40.93030835406404,0,4,0,0,265761.0,67574.4,383.2,1.0,33882.416666666664,28518.75
1304,городской округ город Буй,Буй,Костромская область,городской округ,58.479748766725166,41.536699396689514,0,1,0,1,19938.0,63047.3,351.1,1.0,25550.0,22852.666666666668
1305,городской округ город Волгореченск,Волгореченск,Костромская область,городской округ,57.444678940380584,41.16278508650174,0,4,0,1,14030.0,72931.3,367.9,0.9988595866001425,24989.083333333332,24178.583333333332
1306,городской округ город Галич,Галич,Костромская область,городской округ,58.380218149137,42.36662992921388,0,1,0,1,12488.0,53922.7,347.6,1.0,26908.916666666668,23734.75
1308,городской округ город Шарья,Шарья,Костромская область,городской округ,58.37501089853728,45.48360918497178,0,1,0,1,30008.0,55333.6,337.0,0.9758064516129032,26501.0,22924.5
1309,Антроповский муниципальный район,Антроповский,Костромская область,муниципальный район,58.21530316360097,42.99779523478386,3,0,0,0,4987.0,43449.9,341.2,0.0,21337.583333333332,19382.0
1310,Буйский муниципальный район,Буйский,Костромская область,муниципальный район,58.608021844233626,41.50361447708355,3,0,0,2,8634.0,40017.6,358.2,0.0,25422.666666666668,22259.833333333332
1311,Вохомский муниципальный район,Вохомский,Костромская область,муниципальный район,59.16650963334511,46.62953123943029,3,0,0,0,6543.0,42235.8,313.1,0.0,20805.666666666668,17641.75
1312,Галичский муниципальный район,Галичский,Костромская область,муниципальный район,58.39048403584177,42.26260553243099,3,0,0,0,6258.0,62147.2,351.8,0.0,23870.916666666668,20132.166666666668
1313,Кадыйский муниципальный район,Кадыйский,Костромская область,муниципальный район,57.74066747153177,43.10353805839064,3,0,0,0,5744.0,40498.1,345.9,0.0,21515.666666666668,18165.5
1314,Кологривский муниципальный округ,Кологривский,Костромская область,муниципальный округ,58.949513786068586,44.19744831712066,3,0,0,0,3925.0,38820.9,320.7,0.6010191082802547,21612.0,18133.166666666668
1315,Костромской муниципальный район,Костромской,Костромская область,муниципальный район,57.90716820731159,40.98677480003224,3,1,0,0,40577.0,51506.7,491.9,0.0,31561.5,25893.333333333332
1316,Красносельский муниципальный район,Красносельский,Костромская область,муниципальный район,57.58512760644659,41.331625241548494,0,1,0,0,16012.0,77237.1,358.7,0.0,25935.666666666668,22219.833333333332
1317,Макарьевский муниципальный район,Макарьевский,Костромская область,муниципальный район,57.78433091024456,44.04120333457918,3,0,0,0,9933.0,40165.1,343.1,0.0,20145.0,17312.0
1319,Межевской муниципальный округ,Межевской,Костромская область,муниципальный округ,58.86867423583289,45.03046363164137,3,0,0,0,2703.0,43755.6,326.6,0.0,21374.416666666668,17959.583333333332
1320,Нейский муниципальный округ,Нейский,Костромская область,муниципальный округ,58.38383760781849,43.97594790722021,3,0,0,0,9904.0,47761.7,337.9,0.7617124394184168,23598.75,20318.416666666668
1321,муниципальный район город Нерехта и Нерехтский район,Нерехта и Нерехтский,Костромская область,муниципальный район,57.4450786176148,40.747249017754875,0,1,1,0,27921.0,57044.8,371.4,0.0,25274.25,20959.5
1322,Октябрьский муниципальный район,Октябрьский,Костромская область,муниципальный район,59.00715699724847,47.12819925214278,3,0,0,0,3257.0,43080.4,311.0,0.0,21634.0,17797.166666666668
1323,Островский муниципальный округ,Островский,Костромская область,муниципальный округ,57.82316429723923,42.3253375951699,3,0,0,0,8787.0,43225.9,353.7,0.0,21142.083333333332,18742.0
1324,Павинский муниципальный округ,Павинский,Костромская область,муниципальный округ,59.11601500478833,46.14050726100234,3,0,0,0,2935.0,40332.4,315.9,0.0,21321.666666666668,17647.25
1325,Парфеньевский муниципальный округ,Парфеньевский,Костромская область,муниципальный округ,58.58341263283919,43.5007442023612,3,0,0,0,4283.0,41821.5,336.2,0.0,22416.0,19115.5
1326,Поназыревский муниципальный округ,Поназыревский,Костромская область,муниципальный округ,58.4557373650416,46.358323576876145,3,0,0,2,4593.0,41439.4,326.6,0.6255170912257784,22231.833333333332,18752.0
1327,Пыщугский муниципальный округ,Пыщугский,Костромская область,муниципальный округ,58.90824688324819,45.62032418090106,3,0,0,0,3269.0,43290.7,321.8,0.0,21201.25,17776.666666666668
1328,Солигаличский муниципальный округ,Солигаличский,Костромская область,муниципальный округ,59.05314239318366,42.19850160597472,3,0,0,0,7528.0,48518.8,324.7,0.7174548352816154,21268.916666666668,19701.916666666668
1329,Судиславский муниципальный район,Судиславский,Костромская область,муниципальный район,57.90878487424104,41.68782226336854,3,0,0,4,10748.0,52917.0,356.1,0.0,22284.666666666668,19774.5
1330,Сусанинский муниципальный район,Сусанинский,Костромская область,муниципальный район,58.15337094394852,41.561163205727944,3,0,0,0,5566.0,46712.5,352.1,0.0,21304.416666666668,19210.75
1331,Чухломский муниципальный район,Чухломский,Костромская область,муниципальный район,58.8999575975747,42.99143508642073,3,0,0,0,7653.0,39180.1,334.1,0.0,22883.416666666668,19471.0
1333,городской округ город Курган,Курган,Курганская область,городской округ,55.42890073491971,65.33454678573716,0,4,0,0,302354.0,75790.7,278.2,1.0,33205.583333333336,27232.083333333332
1334,городской округ город Шадринск,Шадринск,Курганская область,городской округ,56.12554965652796,63.70216471987293,0,4,0,0,67884.0,64595.2,300.4,1.0,27485.5,22892.0
1335,Альменевский муниципальный округ,Альменевский,Курганская область,муниципальный округ,54.882520932272016,63.35352490001488,3,0,0,0,7380.0,45029.1,282.9,0.0,19488.333333333332,16150.25
1336,Белозерский муниципальный округ,Белозерский,Курганская область,муниципальный округ,55.928564732490486,65.50678610107944,3,0,0,0,12696.0,46685.9,277.7,0.0,17291.083333333332,16330.666666666666
1337,Варгашинский муниципальный округ,Варгашинский,Курганская область,муниципальный округ,55.559470089395155,66.04054901513672,3,0,0,5,15485.0,55881.0,277.4,0.5374878915079109,19177.75,18227.25
1338,Далматовский муниципальный округ,Далматовский,Курганская область,муниципальный округ,56.2222381876271,63.10645286222954,3,1,0,2,22136.0,58179.8,292.3,0.5081767256956993,22443.833333333332,20350.25
1339,Звериноголовский муниципальный округ,Звериноголовский,Курганская область,муниципальный округ,54.48814292800036,64.82776449013389,3,0,0,5,6573.0,43140.4,270.8,0.0,17946.666666666668,16765.833333333332
1340,Каргапольский муниципальный округ,Каргапольский,Курганская область,муниципальный округ,55.89502811760996,64.54291034111446,3,0,0,0,25283.0,51130.4,282.9,0.45220108373215206,20926.583333333332,18793.0
1341,Катайский муниципальный округ,Катайский,Курганская область,муниципальный округ,56.18148730518043,62.484770558593354,3,1,0,0,18565.0,51186.3,295.9,0.619122003770536,22359.583333333332,19822.583333333332
1343,Куртамышский муниципальный округ,Куртамышский,Курганская область,муниципальный округ,54.82092783297108,64.47002554376223,3,0,0,0,24231.0,48743.6,277.4,0.6078577029425116,20182.083333333332,17978.833333333332
1344,Лебяжьевский муниципальный округ,Лебяжьевский,Курганская область,муниципальный округ,55.28106446711365,66.53899303020418,3,0,0,0,10941.0,47412.1,271.3,0.48999177406087197,19259.0,17212.916666666668
1345,муниципальный округ Макушинский,Макушинский,Курганская область,муниципальный округ,55.15932112714892,67.18142473100215,3,0,0,0,11993.0,54038.3,267.8,0.5587425998499125,20667.333333333332,18221.333333333332
1346,Мишкинский муниципальный округ,Мишкинский,Курганская область,муниципальный округ,55.40720400514117,63.8137533851616,3,0,0,0,12441.0,49546.9,286.2,0.5201350373764166,20687.916666666668,18276.916666666668
1347,Мокроусовский муниципальный округ,Мокроусовский,Курганская область,муниципальный округ,55.75110910370107,66.88001460718702,3,0,0,0,8983.0,45432.5,269.7,0.0,19338.583333333332,17080.583333333332
1348,Петуховский муниципальный округ,Петуховский,Курганская область,муниципальный округ,55.155387196116806,67.98097803341203,3,0,0,0,13666.0,48003.8,263.5,0.6104200204888043,19681.0,17695.333333333332
1349,Половинский муниципальный округ,Половинский,Курганская область,муниципальный округ,54.85035820600702,66.0528839573591,3,0,0,0,7740.0,45206.2,268.5,0.0,17864.0,16204.75
1350,Притобольный муниципальный округ,Притобольный,Курганская область,муниципальный округ,54.86014062187266,65.28674890906875,3,0,0,0,9619.0,49686.9,272.5,0.0,17807.833333333332,16164.666666666666
1351,Сафакулевский муниципальный округ,Сафакулевский,Курганская область,муниципальный округ,54.88470098814232,62.450819999051426,3,0,0,0,10385.0,44629.8,291.4,0.0,18839.0,16058.0
1352,Целинный муниципальный округ,Целинный,Курганская область,муниципальный округ,54.48183265356651,63.69023045539526,3,0,0,0,11754.0,43999.1,279.8,0.0,17846.833333333332,15871.25
1353,Частоозерский муниципальный округ,Частоозерский,Курганская область,муниципальный округ,55.524657523896344,67.91960060031774,3,0,0,0,4540.0,45036.5,264.2,0.0,19796.0,17529.0
1355,Шатровский муниципальный округ,Шатровский,Курганская область,муниципальный округ,56.44244101630016,64.68863538072891,3,0,0,0,13663.0,43750.6,279.3,0.0,19691.916666666668,17301.166666666668
1356,муниципальный округ Шумихинский,Шумихинский,Курганская область,муниципальный округ,55.390568176487065,63.2210904441811,3,1,0,0,23519.0,53181.2,289.5,0.6854458097708236,22979.25,20208.75
1357,Щучанский муниципальный округ,Щучанский,Курганская область,муниципальный округ,55.36225609228292,62.63951786978554,3,0,0,2,15866.0,55419.1,294.0,0.4994327492751796,23540.5,20202.75
1358,Юргамышский муниципальный округ,Юргамышский,Курганская область,муниципальный округ,55.40295621375121,64.43236618638888,3,0,0,0,15694.0,60492.6,283.1,0.40990187332738626,21813.333333333332,19646.666666666668
1392,Бокситогорский муниципальный район,Бокситогорский,Ленинградская область,муниципальный район,59.54230283978752,34.61687769475822,0,1,0,0,50855.0,75396.5,318.3,0.7689902664438109,33266.416666666664,29017.833333333332
1393,Волосовский муниципальный район,Волосовский,Ленинградская область,муниципальный район,59.35192171373408,29.34956789752377,3,1,5,0,50257.0,68765.7,327.0,0.22749069781323994,33684.5,28708.166666666668
1394,Волховский муниципальный район,Волховский,Ленинградская область,муниципальный район,60.25007001687688,32.414027863960996,0,1,0,2,78679.0,77006.3,319.5,0.724068684146977,36891.5,31099.0
1395,Всеволожский муниципальный район,Всеволожский,Ленинградская область,муниципальный район,60.28544384055681,30.782623387854716,2,5,0,0,571142.0,99062.8,360.1,0.732497347419731,47560.416666666664,40956.083333333336
1396,Выборгский муниципальный район,Выборгский,Ленинградская область,муниципальный район,60.55235404370069,28.866742980334735,0,4,0,0,194689.0,91584.5,297.8,0.6446383719675997,41478.166666666664,35572.333333333336
1397,Гатчинский муниципальный район,Гатчинский,Ленинградская область,муниципальный район,59.375755190786045,30.175970850041463,0,4,0,0,261522.0,82586.4,346.2,0.5883711504194675,41945.333333333336,36032.75
1398,Кингисеппский муниципальный район,Кингисеппский,Ленинградская область,муниципальный район,59.77777962105717,27.928858243932808,0,4,0,0,83361.0,123058.2,323.7,0.7000755749091302,41878.916666666664,35997.833333333336
1399,Киришский муниципальный район,Киришский,Ленинградская область,муниципальный район,59.459489362131016,32.2686463285543,0,4,0,0,58942.0,85514.2,319.7,0.8840385463676156,37289.0,32518.083333333332
1400,Кировский муниципальный район,Кировский,Ленинградская область,муниципальный район,60.00442148736269,31.4580368322905,0,4,0,0,108186.0,86859.3,347.8,0.8927957406688481,40813.0,35012.833333333336
1401,Лодейнопольский муниципальный район,Лодейнопольский,Ленинградская область,муниципальный район,60.55505370390636,33.55216347791938,0,1,0,0,27168.0,59047.6,300.6,0.7121613663133097,36506.833333333336,30179.25
1402,Ломоносовский муниципальный район,Ломоносовский,Ленинградская область,муниципальный район,59.81841497759084,29.42192635737168,2,5,0,0,90576.0,115167.4,349.0,0.2313195548489666,43971.25,37333.333333333336
1403,Лужский муниципальный район,Лужский,Ленинградская область,муниципальный район,58.85453574020274,29.809677029686743,0,1,0,2,74392.0,70100.0,321.6,0.5353667060974299,38660.75,32162.583333333332
1404,Подпорожский муниципальный район,Подпорожский,Ленинградская область,муниципальный район,60.85371458776346,34.69668278767311,0,1,0,0,25067.0,61376.2,295.9,0.8956396856424782,32542.583333333332,27648.833333333332
1405,Приозерский муниципальный район,Приозерский,Ленинградская область,муниципальный район,60.80760729685852,30.288153845446544,0,1,0,0,56730.0,70647.0,297.5,0.38956460426582057,38063.0,31379.333333333332
1406,Сланцевский муниципальный район,Сланцевский,Ленинградская область,муниципальный район,59.08485728385911,28.357249760186484,0,1,0,0,44406.0,77914.9,308.4,0.754717830923749,36020.166666666664,30639.083333333332
1407,Тихвинский муниципальный район,Тихвинский,Ленинградская область,муниципальный район,59.86689304225916,33.82710641287824,0,4,0,0,65782.0,82246.9,318.3,0.8198595360432945,36415.083333333336,30529.333333333332
1408,Тосненский муниципальный район,Тосненский,Ленинградская область,муниципальный район,59.375475243852165,31.019584774865155,0,4,0,2,130546.0,81263.9,343.6,0.6560752531674658,41384.666666666664,35385.083333333336
1409,городской округ Сосновоборский,Сосновоборский,Ленинградская область,городской округ,59.87768712327746,29.0941170118539,0,4,0,0,63462.0,120590.6,320.4,1.0,45309.583333333336,39266.833333333336
1410,городской округ город Липецк,Липецк,Липецкая область,городской округ,52.599059278686624,39.605907698377685,0,4,0,0,485260.0,80260.6,399.3,1.0,38006.75,30120.666666666668
1411,городской округ город Елец,Елец,Липецкая область,городской округ,52.6169061792124,38.51251228530766,0,4,0,0,94902.0,60220.9,392.0,1.0,34049.75,26612.583333333332
1412,Воловский муниципальный район,Воловский,Липецкая область,муниципальный район,52.04991547832796,37.96285434674939,3,0,0,0,12286.0,42462.7,355.6,0.0,22852.75,20091.166666666668
1413,Грязинский муниципальный район,Грязинский,Липецкая область,муниципальный район,52.47383813782422,39.86676889809589,0,1,0,0,77383.0,77641.9,372.6,0.5656410322680692,27678.166666666668,23935.583333333332
1414,Данковский муниципальный район,Данковский,Липецкая область,муниципальный район,53.31601009585667,38.95973870093773,3,1,0,0,31514.0,59157.2,378.7,0.5881195659072158,27736.75,24070.666666666668
1415,Добринский муниципальный район,Добринский,Липецкая область,муниципальный район,52.1781391430746,40.35938764535607,3,0,0,0,32283.0,65120.6,362.7,0.0,23963.75,21018.333333333332
1416,Добровский муниципальный район,Добровский,Липецкая область,муниципальный район,52.90186142324588,39.7819681320571,3,0,0,0,26993.0,43185.2,375.7,0.0,21873.25,19520.416666666668
1417,Долгоруковский муниципальный район,Долгоруковский,Липецкая область,муниципальный район,52.34003168228347,38.35456688454155,3,0,0,0,15713.0,56006.8,365.5,0.0,22427.0,19824.25
1419,Задонский муниципальный район,Задонский,Липецкая область,муниципальный район,52.44378814315054,38.92018855115025,3,0,0,0,33205.0,71890.0,373.6,0.2853184761331125,24249.083333333332,21230.833333333332
1420,Измалковский муниципальный район,Измалковский,Липецкая область,муниципальный район,52.64418651767001,37.99910848432832,3,0,0,0,14799.0,44710.7,367.9,0.0,21991.583333333332,20130.166666666668
1421,Краснинский муниципальный район,Краснинский,Липецкая область,муниципальный район,52.89298500293448,38.7559263565556,3,0,0,0,13181.0,67414.5,371.9,0.0,24755.416666666668,21091.416666666668
1422,Лебедянский муниципальный район,Лебедянский,Липецкая область,муниципальный район,52.97848344365939,39.169832937109064,0,1,0,0,38865.0,65478.8,375.4,0.4893863373214975,26863.583333333332,23196.333333333332
1423,Лев-Толстовский муниципальный район,Лев-Толстовский,Липецкая область,муниципальный район,53.24742696580927,39.53111488565019,3,0,0,0,16181.0,62104.5,375.0,0.0,27762.833333333332,23771.416666666668
1425,Становлянский муниципальный район,Становлянский,Липецкая область,муниципальный район,52.87109642575782,38.25378178250854,3,0,0,3,16521.0,49907.3,374.5,0.0,21063.916666666668,19134.833333333332
1426,Тербунский муниципальный район,Тербунский,Липецкая область,муниципальный район,52.126993173626595,38.371298796264185,3,0,0,1,20466.0,62431.8,363.9,0.0,25323.25,21894.416666666668
1427,Усманский муниципальный район,Усманский,Липецкая область,муниципальный район,52.141557170212934,39.74917397777063,3,1,0,1,49178.0,53900.6,367.2,0.38982878522916753,24519.583333333332,21143.416666666668
1428,Хлевенский муниципальный район,Хлевенский,Липецкая область,муниципальный район,52.179144961534526,39.124005064796414,3,0,0,1,18262.0,59234.2,372.4,0.0,23411.666666666668,20581.0
1429,Чаплыгинский муниципальный район,Чаплыгинский,Липецкая область,муниципальный район,53.28393188948631,39.88581930217549,3,0,0,1,29850.0,59232.0,378.5,0.38613065326633167,25140.25,22262.666666666668
1430,городской округ город Магадан,Магадан,Магаданская область,городской округ,59.718418808556656,150.84057518032347,1,3,0,3,94768.0,155268.7,119.2,1.0,60383.75,55245.916666666664
1431,муниципальный округ Ольский,Ольский,Магаданская область,муниципальный округ,59.92146300268044,151.3080511153293,1,2,0,4,8658.0,116776.1,120.2,0.6588126588126588,42542.0,39732.166666666664
1438,муниципальный округ Ягоднинский,Ягоднинский,Магаданская область,муниципальный округ,62.60365095839245,150.2572988787967,1,3,0,0,5934.0,167101.4,122.8,0.9984833164812943,52406.166666666664,44436.916666666664
1439,городской округ Балашиха,Балашиха,Московская область,городской округ,55.78621848576555,37.966354812008845,2,5,0,0,554248.0,102186.6,565.5,0.9568117521398363,47536.083333333336,41520.833333333336
1440,городской округ Бронницы,Бронницы,Московская область,городской округ,55.4161591785228,38.24828977800592,0,4,0,0,20981.0,79343.4,489.7,1.0,41547.083333333336,35803.166666666664
1443,городской округ Дзержинский,Дзержинский,Московская область,городской округ,55.62383067459028,37.84148839097542,2,4,0,0,57434.0,108785.2,586.8,1.0,46477.75,39871.916666666664
1444,городской округ Долгопрудный,Долгопрудный,Московская область,городской округ,55.95077010513253,37.501719991805935,2,5,0,0,119089.0,140511.0,569.8,1.0,51810.666666666664,44562.75
1445,городской округ Домодедово,Домодедово,Московская область,городской округ,55.320372093251414,37.83461901061993,2,5,0,0,226573.0,116808.3,524.2,0.691525468612765,46104.916666666664,39665.083333333336
1446,городской округ Дубна,Дубна,Московская область,городской округ,56.74229646941456,37.17215019785328,0,4,0,0,74032.0,119658.1,413.2,1.0,47994.416666666664,40418.083333333336
1447,городской округ Егорьевск,Егорьевск,Московская область,городской округ,55.301170684110176,39.2978066209004,0,4,0,0,111759.0,82618.9,440.1,0.6617006236634186,37689.916666666664,32260.25
1448,городской округ Жуковский,Жуковский,Московская область,городской округ,55.574362806136186,38.109627008182166,2,5,0,0,110083.0,116756.8,523.0,1.0,47475.25,41411.5
1449,городской округ Зарайск,Зарайск,Московская область,городской округ,54.73373859708584,38.897947258574305,0,1,0,0,36618.0,65077.5,417.5,0.5566388115134633,32040.5,27925.75
1453,городской округ Истра,Истра,Московская область,городской округ,55.93589153300212,36.7428017205177,2,4,0,4,171213.0,111672.8,477.7,0.4135900895375935,48810.333333333336,40914.916666666664
1454,городской округ Кашира,Кашира,Московская область,городской округ,54.75843850994493,38.2878004412245,0,4,0,0,65747.0,85341.4,436.1,0.6776126667376459,40249.0,32541.666666666668
1456,городской округ Королёв,Королёв,Московская область,городской округ,55.91289055478433,37.86252346501158,2,5,0,0,226007.0,117436.2,561.7,1.0,51219.166666666664,44570.5
1457,городской округ Котельники,Котельники,Московская область,городской округ,55.6548479038036,37.86425401204795,2,5,0,0,72311.0,118773.0,601.4,1.0,50474.666666666664,43439.333333333336
1459,городской округ Красногорск,Красногорск,Московская область,городской округ,55.82208278784868,37.2350526766779,2,5,0,0,335991.0,137301.9,568.1,0.7398263643966654,55508.416666666664,48020.833333333336
1461,городской округ Лобня,Лобня,Московская область,городской округ,56.02831292086422,37.46649710302394,2,5,0,0,81143.0,161420.5,521.6,1.0,46867.0,40366.333333333336
1463,городской округ Луховицы,Луховицы,Московская область,городской округ,54.953524116972936,39.206356689423615,0,4,0,0,61079.0,92259.2,429.3,0.5857332307339674,38415.583333333336,32434.166666666668
1464,городской округ Лыткарино,Лыткарино,Московская область,городской округ,55.57797845819881,37.91462255495276,0,4,0,0,66526.0,111222.9,538.1,1.0,46303.833333333336,39590.833333333336
1465,городской округ Люберцы,Люберцы,Московская область,городской округ,55.65136534059451,37.96327625108243,2,5,0,0,364888.0,112072.0,587.7,0.9487788033588389,47237.0,40859.25
1467,городской округ Мытищи,Мытищи,Московская область,городской округ,56.010871494321016,37.64501934180889,2,5,0,0,309564.0,110614.2,572.6,0.8893572896073186,50602.083333333336,44058.25
1468,городской округ Наро-Фоминский,Наро-Фоминский,Московская область,городской округ,55.36306719886271,36.52652648065963,0,4,4,0,198501.0,89700.3,462.8,0.7952504017612002,46941.083333333336,39168.916666666664
1472,городской округ Подольск,Подольск,Московская область,городской округ,55.38214458322022,37.54929466068283,2,5,0,0,350634.0,172415.1,527.3,0.8924148827552376,45663.916666666664,39444.25
1473,городской округ Протвино,Протвино,Московская область,городской округ,54.880715392056736,37.210529892505846,0,4,0,0,37221.0,91076.8,436.6,1.0,34176.833333333336,29856.416666666668
1474,городской округ Пущино,Пущино,Московская область,городской округ,54.827901849791125,37.61478365478393,0,4,0,2,19342.0,86843.1,432.8,1.0,33011.916666666664,30234.5
1475,городской округ Реутов,Реутов,Московская область,городской округ,55.7615274354854,37.86330994874888,2,5,0,0,112070.0,107100.5,609.0,1.0,51597.833333333336,45857.333333333336
1477,городской округ Рузский,Рузский,Московская область,городской округ,55.70782706731477,36.278402663747386,0,4,0,0,79874.0,91991.8,431.9,0.4805568770814032,39221.75,32788.833333333336
1478,городской округ Серебряные Пруды,Серебряные Пруды,Московская область,городской округ,54.47075044839352,38.63782844028928,0,1,0,0,23278.0,70705.8,412.3,0.3752899733654094,33923.833333333336,29578.583333333332
1480,городской округ Ступино,Ступино,Московская область,городской округ,55.05704703641702,38.09446249595002,0,4,0,0,118129.0,102284.6,441.1,0.6779199011250413,41562.416666666664,35652.5
1481,городской округ Фрязино,Фрязино,Московская область,городской округ,55.9606904864286,38.046791763956215,0,4,0,0,58677.0,123955.5,522.8,0.9997273207560032,45558.666666666664,39237.833333333336
1483,городской округ Черноголовка,Черноголовка,Московская область,городской округ,56.02240538148426,38.376719161462646,2,5,0,0,21254.0,142578.8,483.8,0.8691069916251059,40868.5,36096.333333333336
1484,городской округ Чехов,Чехов,Московская область,городской округ,55.14848014518067,37.42867904608359,0,4,0,0,146643.0,92079.7,469.7,0.6233778632461147,45132.333333333336,38150.583333333336
1486,городской округ Шаховская,Шаховская,Московская область,городской округ,55.98417034026658,35.459487716081085,0,4,0,2,29743.0,71927.4,402.6,0.4279662441582893,35925.0,30586.416666666668
1488,городской округ Электросталь,Электросталь,Московская область,городской округ,55.75097205355264,38.43589145520413,0,4,0,0,150729.0,174519.6,492.6,0.9406152764232497,43859.0,38044.666666666664
1489,городской округ Волоколамский,Волоколамский,Московская область,городской округ,56.01023257373449,35.97063138359889,0,4,0,0,64721.0,77087.1,417.7,0.4463157244171135,38149.833333333336,32477.166666666668
1490,городской округ Воскресенск,Воскресенск,Московская область,городской округ,55.38178916013598,38.64247912246419,0,4,0,0,160755.0,89073.4,451.2,0.7586078193524307,40856.833333333336,34671.416666666664
1491,городской округ Дмитровский,Дмитровский,Московская область,городской округ,56.36264651541812,37.42257457572753,0,4,0,0,163081.0,89670.2,458.3,0.5979605226850461,43515.833333333336,36997.75
1492,городской округ Клин,Клин,Московская область,городской округ,56.33075527543847,36.59503370019618,0,4,0,0,148545.0,82878.8,440.6,0.7137231142078159,41880.833333333336,35373.75
1493,городской округ Ленинский,Ленинский,Московская область,городской округ,55.54773739256922,37.771171992860715,2,5,0,0,327211.0,118959.9,565.5,0.5960221386200342,52183.666666666664,45110.5
1494,городской округ Лотошино,Лотошино,Московская область,городской округ,56.29754166977146,35.73067093069879,3,1,5,0,21886.0,61386.3,399.8,0.28145846659965273,29366.75,26402.0
1495,городской округ Можайский,Можайский,Московская область,городской округ,55.50812560260901,35.69884780496904,0,4,0,0,92529.0,71940.1,425.5,0.396621599714684,40498.666666666664,33856.416666666664
1496,городской округ Богородский,Богородский,Московская область,городской округ,55.87069940292259,38.38023172994086,0,4,0,0,220062.0,106506.2,494.0,0.7662476938317383,42352.75,36183.583333333336
1500,городской округ Раменский,Раменский,Московская область,городской округ,55.485548534401914,38.25116289276194,2,4,0,0,338109.0,97837.0,498.5,0.5231596911055311,44841.916666666664,38721.583333333336
1501,городской округ Сергиево-Посадский,Сергиево-Посадский,Московская область,городской округ,56.458291573117215,38.09209934623876,0,4,0,0,207827.0,90162.6,460.2,0.7724068576267761,42322.75,36476.583333333336
1504,городской округ Талдомский,Талдомский,Московская область,городской округ,56.7273744403503,37.63495305667994,0,4,0,0,64165.0,86441.7,418.2,0.7176965635471051,33558.916666666664,30127.416666666668
1506,городской округ город Мурманск,Мурманск,Мурманская область,городской округ,68.96562423301253,33.11008621086713,0,4,0,0,266681.0,125235.4,214.9,1.0,50457.416666666664,43853.166666666664
1507,муниципальный округ город Апатиты,Апатиты,Мурманская область,муниципальный округ,67.45866406102002,33.1442479779909,0,4,2,2,48277.0,100902.6,221.7,0.9996892930380926,50399.416666666664,43148.0
1508,муниципальный округ город Кировск,Кировск,Мурманская область,муниципальный округ,67.49568755104558,34.12863590177957,1,3,4,0,25984.0,155467.1,221.3,0.9200277093596059,53097.0,46562.666666666664
1509,муниципальный округ город Мончегорск,Мончегорск,Мурманская область,муниципальный округ,67.93254210474282,32.49611884303636,0,4,0,2,41427.0,110712.0,222.0,0.9463152050595023,43218.0,41106.5
1510,муниципальный округ город Оленегорск,Оленегорск,Мурманская область,муниципальный округ,68.07304971283659,33.47386129311333,0,1,1,5,27867.0,100016.8,220.8,0.7426346574801737,42150.75,38310.75
1511,муниципальный округ город Полярные Зори,Полярные Зори,Мурманская область,муниципальный округ,67.45360023208778,32.52353178367015,0,4,4,3,15634.0,142415.5,226.0,0.896315722144045,48675.583333333336,44570.833333333336
1512,Ковдорский муниципальный округ,Ковдорский,Мурманская область,муниципальный округ,67.57572338698243,31.09212173276468,1,3,3,0,16803.0,118867.3,218.9,0.9217996786288163,48623.083333333336,42161.583333333336
1518,Кандалакшский муниципальный район,Кандалакшский,Мурманская область,муниципальный район,66.96844270426188,31.20122137396604,0,1,2,2,39330.0,93922.5,226.7,0.8011187388761759,44559.0,38668.833333333336
1519,Кольский муниципальный район,Кольский,Мурманская область,муниципальный район,68.66666963617797,32.04426113957114,0,4,0,2,33201.0,138007.3,220.1,0.7813017680190356,35008.0,33188.666666666664
1520,Ловозерский муниципальный район,Ловозерский,Мурманская область,муниципальный район,67.70912380611242,37.555196657194955,1,1,4,0,8770.0,86372.9,216.5,0.7346636259977195,41773.75,37417.75
1521,Печенгский муниципальный округ,Печенгский,Мурманская область,муниципальный округ,69.45388162843552,31.172932965998136,0,4,1,3,29632.0,106442.9,207.1,0.8429063174946004,50467.5,45479.916666666664
1522,Терский муниципальный район,Терский,Мурманская область,муниципальный район,66.5832650692491,36.50602091001859,3,1,2,0,4698.0,85974.2,220.3,0.8648361004682844,36677.916666666664,32429.833333333332
1523,городской округ город Нижний Новгород,Нижний Новгород,Нижегородская область,городской округ,56.27816668314497,43.871876732500006,0,4,0,0,1228702.0,91812.7,367.7,0.9823114148101004,38995.583333333336,33593.083333333336
1525,городской округ город Бор,Бор,Нижегородская область,городской округ,56.42457204590606,44.431812166560086,0,4,0,0,117552.0,70599.6,381.3,0.6577514631822513,35635.083333333336,30222.666666666668
1526,городской округ город Выкса,Выкса,Нижегородская область,городской округ,55.179487269386456,42.243175167134325,0,4,0,0,72393.0,91080.7,374.7,0.8178829444835827,35124.0,29853.25
1527,городской округ город Дзержинск,Дзержинск,Нижегородская область,городской округ,56.27576953240752,43.49923359946164,0,4,0,0,225251.0,81689.3,380.2,0.9696605120510009,38260.75,32379.666666666668
1528,городской округ город Кулебаки,Кулебаки,Нижегородская область,городской округ,55.36542910194223,42.604000192910895,0,4,0,0,45056.0,69693.7,375.0,0.7956321022727273,28622.0,24447.5
1529,городской округ Навашинский,Навашинский,Нижегородская область,городской округ,55.58333834642473,42.50325033360455,0,1,0,1,20671.0,63569.1,383.2,0.6859851966523148,25036.916666666668,23183.083333333332
1530,городской округ Перевозский,Перевозский,Нижегородская область,городской округ,55.58962490379628,44.50889200052479,3,1,0,5,16026.0,51293.7,369.5,0.5481093223511794,24066.75,21504.5
1532,городской округ Семеновский,Семеновский,Нижегородская область,городской округ,56.891791724213064,44.55427973040713,0,1,0,1,45405.0,52030.2,361.5,0.6447087325184451,26298.333333333332,23040.916666666668
1533,городской округ город Шахунья,Шахунья,Нижегородская область,городской округ,57.772215065372585,46.49787682625718,0,1,0,0,28511.0,50743.1,337.0,0.8159657675984707,24946.5,21561.416666666668
1534,городской округ город Первомайск,Первомайск,Нижегородская область,городской округ,54.94764282663109,43.83422576291117,3,1,4,2,17117.0,63925.0,364.6,0.8277151369983058,23822.333333333332,21477.583333333332
1535,городской округ Сокольский,Сокольский,Нижегородская область,городской округ,57.22151394379424,43.42782952190006,3,1,0,0,10807.0,55072.0,345.2,0.5454797816230221,24032.416666666668,21272.916666666668
1536,городской округ город Чкаловск,Чкаловск,Нижегородская область,городской округ,56.679665779312955,43.06974851416161,3,1,4,0,19063.0,51333.1,364.3,0.5910402350102293,25891.0,22736.166666666668
1537,Ардатовский муниципальный округ,Ардатовский,Нижегородская область,муниципальный округ,55.316480656288185,43.12054670074517,3,0,0,1,22161.0,51079.9,373.3,0.5945128829926447,22298.083333333332,19410.916666666668
1539,Балахнинский муниципальный округ,Балахнинский,Нижегородская область,муниципальный округ,56.46752821528509,43.40145974071188,0,4,0,3,72219.0,64085.0,378.5,0.9224996192137803,33196.583333333336,27845.833333333332
1540,Богородский муниципальный округ,Богородский,Нижегородская область,муниципальный округ,56.018050011411006,43.61066917474703,0,1,0,0,57639.0,54887.8,379.5,0.5891323582990683,32597.916666666668,27251.666666666668
1541,Большеболдинский муниципальный округ,Большеболдинский,Нижегородская область,муниципальный округ,54.996451111998574,45.21926650375804,3,0,0,0,10172.0,52302.9,361.0,0.0,24282.5,21403.5
1542,Большемурашкинский муниципальный округ,Большемурашкинский,Нижегородская область,муниципальный округ,55.801938808535134,44.725651455764165,3,0,0,0,10258.0,54463.0,369.3,0.5349970754533048,22887.333333333332,20057.333333333332
1543,Бутурлинский муниципальный округ,Бутурлинский,Нижегородская область,муниципальный округ,55.51448919274799,44.88892807276973,3,0,0,0,12910.0,50073.9,367.2,0.5262587141750581,24203.25,21565.583333333332
1544,Вадский муниципальный округ,Вадский,Нижегородская область,муниципальный округ,55.49547560634297,44.215175865043214,3,0,0,0,13290.0,60421.0,371.7,0.0,23491.333333333332,21902.75
1545,Варнавинский муниципальный округ,Варнавинский,Нижегородская область,муниципальный округ,57.50157151904595,44.890584160305224,3,0,0,0,9653.0,42530.2,340.0,0.32860250699264476,25468.166666666668,21951.5
1546,Вачский муниципальный округ,Вачский,Нижегородская область,муниципальный округ,55.798617621671475,42.68379209125392,3,0,0,0,16730.0,47172.5,376.4,0.3067543335325762,23425.75,20530.166666666668
1547,Ветлужский муниципальный округ,Ветлужский,Нижегородская область,муниципальный округ,57.8604071725814,45.48914280059322,3,0,0,0,12521.0,43677.4,335.3,0.7314910949604664,24766.166666666668,21061.416666666668
1548,Вознесенский муниципальный округ,Вознесенский,Нижегородская область,муниципальный округ,54.921560606015994,42.80927038851207,3,0,0,0,14309.0,46674.6,370.2,0.41386539939897965,22939.583333333332,19373.666666666668
1549,Володарский муниципальный округ,Володарский,Нижегородская область,муниципальный округ,56.323498889136395,42.98803872474414,0,1,0,0,47925.0,65717.5,381.6,0.6195513823682838,25880.25,23420.666666666668
1550,городской округ Воротынский,Воротынский,Нижегородская область,городской округ,56.18858249831188,45.748202393526654,3,1,2,1,13399.0,52483.8,363.4,0.47346816926636315,20780.416666666668,19422.833333333332
1551,Воскресенский муниципальный округ,Воскресенский,Нижегородская область,муниципальный округ,56.82596079646284,45.5462021188392,3,0,0,0,16072.0,47142.8,349.7,0.33891239422598307,23190.916666666668,20490.166666666668
1552,Гагинский муниципальный округ,Гагинский,Нижегородская область,муниципальный округ,55.231451719844245,44.98780707180523,3,0,0,0,9681.0,47769.7,363.6,0.0,21741.166666666668,18760.416666666668
1553,Городецкий муниципальный округ,Городецкий,Нижегородская область,муниципальный округ,56.71302632885153,43.62314937872441,0,1,0,0,80149.0,62205.1,366.9,0.8205093014260939,31849.916666666668,26340.5
1554,Дальнеконстантиновский муниципальный округ,Дальнеконстантиновский,Нижегородская область,муниципальный округ,55.81891137989227,44.0663897804585,3,0,0,0,20224.0,54917.0,371.9,0.2352650316455696,25348.25,22137.833333333332
1555,Дивеевский муниципальный округ,Дивеевский,Нижегородская область,муниципальный округ,55.08567264789111,43.3841885264095,3,0,0,0,14998.0,50658.3,371.0,0.0,26879.416666666668,23402.666666666668
1556,Княгининский муниципальный округ,Княгининский,Нижегородская область,муниципальный округ,55.79036389721089,45.154390202750335,3,1,0,2,10775.0,59292.5,366.7,0.5948027842227378,25246.166666666668,22749.083333333332
1557,Ковернинский муниципальный округ,Ковернинский,Нижегородская область,муниципальный округ,57.20538875217035,43.98856481047629,3,1,0,2,17091.0,50912.6,350.9,0.4034872154935346,24078.083333333332,20389.916666666668
1558,Краснобаковский муниципальный округ,Краснобаковский,Нижегородская область,муниципальный округ,57.15776939718103,45.25323684854908,3,0,0,3,18535.0,46131.5,347.8,0.6324251416239547,24144.416666666668,21104.833333333332
1559,Краснооктябрьский муниципальный округ,Краснооктябрьский,Нижегородская область,муниципальный округ,55.304297654850664,45.53614809148637,3,0,0,0,8617.0,41238.2,364.1,0.0,21201.166666666668,17740.083333333332
1560,Кстовский муниципальный округ,Кстовский,Нижегородская область,муниципальный округ,56.05679334753633,44.31455738030576,0,4,0,0,121424.0,84669.9,381.1,0.5073296877058902,37817.75,32133.75
1561,Лукояновский муниципальный округ,Лукояновский,Нижегородская область,муниципальный округ,54.94499176703095,44.48599934133069,3,0,0,0,25751.0,44283.8,366.9,0.561026756242476,23504.5,20590.666666666668
1562,Лысковский муниципальный округ,Лысковский,Нижегородская область,муниципальный округ,56.1546731480499,45.15770022621458,3,1,0,0,34099.0,50198.4,367.7,0.6238892636147687,28661.333333333332,24541.083333333332
1563,Павловский муниципальный округ,Павловский,Нижегородская область,муниципальный округ,56.0146123048118,43.05217621530839,0,1,0,1,91822.0,80613.9,378.5,0.8137047766330509,32217.916666666668,26816.75
1564,Пильнинский муниципальный округ,Пильнинский,Нижегородская область,муниципальный округ,55.58531876852064,45.97138807845553,3,0,0,0,18104.0,49832.0,361.3,0.358429076447194,23443.333333333332,20708.333333333332
1565,Починковский муниципальный округ,Починковский,Нижегородская область,муниципальный округ,54.68793851238932,44.73790871633584,3,0,0,3,25420.0,51450.7,362.2,0.0,26000.5,22669.5
1566,Сергачский муниципальный округ,Сергачский,Нижегородская область,муниципальный округ,55.558023454595315,45.44114534721057,3,1,0,0,26797.0,56148.0,364.1,0.7360525431951338,25666.75,22635.833333333332
1567,Сеченовский муниципальный округ,Сеченовский,Нижегородская область,муниципальный округ,55.20149270065413,45.90970041045143,3,0,0,0,13501.0,52087.9,362.5,0.0,23143.916666666668,20375.75
1568,Сосновский муниципальный округ,Сосновский,Нижегородская область,муниципальный округ,55.738336215133955,43.22187050861226,3,1,0,1,16175.0,56960.6,375.7,0.5190108191653787,23557.083333333332,20400.166666666668
1569,Спасский муниципальный округ,Спасский,Нижегородская область,муниципальный округ,55.87678396470634,45.594037994490215,3,0,0,0,9400.0,44624.7,362.2,0.0,20840.416666666668,18323.083333333332
1570,Тонкинский муниципальный округ,Тонкинский,Нижегородская область,муниципальный округ,57.3323570904162,46.3281728518364,3,0,0,0,7029.0,43416.7,338.4,0.6286811779769527,24665.0,21821.666666666668
1571,Тоншаевский муниципальный округ,Тоншаевский,Нижегородская область,муниципальный округ,57.76866358616117,47.21345155511971,3,0,0,2,14347.0,43387.0,330.8,0.6031923050115007,25601.083333333332,21521.75
1572,Уренский муниципальный округ,Уренский,Нижегородская область,муниципальный округ,57.48397577754274,45.80464623104712,3,1,0,0,27897.0,49860.5,341.7,0.6088468294081801,26356.416666666668,22279.833333333332
1573,Шарангский муниципальный округ,Шарангский,Нижегородская область,муниципальный округ,57.10435637761667,46.46193248184216,3,0,0,0,11304.0,44175.6,337.0,0.5939490445859873,24437.083333333332,21125.583333333332
1574,Шатковский муниципальный округ,Шатковский,Нижегородская область,муниципальный округ,55.20661325510356,44.24235670284236,3,0,0,0,22629.0,48417.6,369.3,0.4260462238720226,22297.083333333332,19965.166666666668
1575,городской округ Великий Новгород,Великий Новгород,Новгородская область,городской округ,58.56422752236934,31.28572129270908,0,4,0,0,222340.0,75444.3,358.7,1.0,38530.083333333336,32620.25
1577,Боровичский муниципальный район,Боровичский,Новгородская область,муниципальный район,58.42243339364103,34.031426630903496,0,1,0,2,60283.0,59524.5,333.2,0.7782957052568718,31237.75,27104.916666666668
1578,Валдайский муниципальный район,Валдайский,Новгородская область,муниципальный район,57.92502611805291,33.12833070027382,0,1,1,0,21712.0,59422.2,339.1,0.6330140014738393,30317.583333333332,26572.916666666668
1579,муниципальный округ Волотовский,Волотовский,Новгородская область,муниципальный округ,57.862882665590895,30.71173735957535,3,0,0,0,4071.0,47694.2,312.2,0.0,23338.416666666668,21243.666666666668
1580,муниципальный округ Демянский,Демянский,Новгородская область,муниципальный округ,57.69412251617312,32.56274734870903,3,0,0,0,9515.0,47131.2,324.7,0.45832895428271153,23935.916666666668,21490.916666666668
1581,муниципальный округ Крестецкий,Крестецкий,Новгородская область,муниципальный округ,58.28613736367946,32.415550302802856,3,1,0,3,11189.0,70229.5,333.4,0.7051568504781481,26984.75,23768.416666666668
1582,Любытинский муниципальный район,Любытинский,Новгородская область,муниципальный район,59.038502358461095,33.344440021172666,3,0,0,0,7088.0,56204.7,326.1,0.5753386004514672,27130.333333333332,23774.75
1583,Маловишерский муниципальный район,Маловишерский,Новгородская область,муниципальный район,58.81891270583118,32.419045797576814,3,1,0,0,13111.0,59223.2,322.8,0.7380825261231028,27928.333333333332,23815.0
1584,муниципальный округ Марёвский,Марёвский,Новгородская область,муниципальный округ,57.34594306180279,32.11744592809395,3,0,0,0,3202.0,43342.5,322.3,0.0,22253.083333333332,20371.416666666668
1585,муниципальный округ Мошенской,Мошенской,Новгородская область,муниципальный округ,58.48223789970087,34.80069998422398,3,0,0,0,5580.0,42513.7,327.7,0.0,23873.75,22642.666666666668
1586,Новгородский муниципальный район,Новгородский,Новгородская область,муниципальный район,58.59646302019085,31.36203145883087,0,1,0,0,64120.0,66606.7,442.3,0.23025577043044293,36773.416666666664,30764.25
1587,Окуловский муниципальный район,Окуловский,Новгородская область,муниципальный район,58.429712820630314,33.1797757609726,3,1,0,0,18071.0,63637.5,335.3,0.7437883902385036,28081.166666666668,24949.666666666668
1588,Парфинский муниципальный район,Парфинский,Новгородская область,муниципальный район,57.99110588170073,31.860716460500168,3,1,0,2,11516.0,46930.1,318.5,0.5408127822160472,23996.083333333332,20626.75
1589,муниципальный округ Пестовский,Пестовский,Новгородская область,муниципальный округ,58.61224838110322,35.64491755015272,3,1,0,0,18158.0,52642.3,336.5,0.7498623196387267,29167.833333333332,25730.166666666668
1590,Поддорский муниципальный район,Поддорский,Новгородская область,муниципальный район,57.4636222883014,31.06348840112897,3,0,0,0,3220.0,43933.7,313.6,0.0,23611.916666666668,21253.25
1591,муниципальный округ Солецкий,Солецкий,Новгородская область,муниципальный округ,58.07279082883149,30.175413758870423,3,0,0,2,10758.0,45516.0,313.8,0.7542294106711285,24965.083333333332,21775.833333333332
1592,Старорусский муниципальный район,Старорусский,Новгородская область,муниципальный район,57.861775866157146,31.40480776180381,0,1,0,0,37508.0,53512.4,316.6,0.7179268422736483,27194.5,23895.25
1593,муниципальный округ Хвойнинский,Хвойнинский,Новгородская область,муниципальный округ,58.90803553115963,34.48064840025622,3,1,0,5,13129.0,58128.9,322.1,0.4541853911188971,28285.0,25242.666666666668
1594,Холмский муниципальный район,Холмский,Новгородская область,муниципальный район,57.11221645506798,31.185267143130687,3,0,0,0,4643.0,54421.9,316.9,0.6640103381434418,24689.083333333332,22685.333333333332
1595,Чудовский муниципальный район,Чудовский,Новгородская область,муниципальный район,59.1213939501092,31.808215841619603,0,1,0,0,18345.0,69403.2,330.1,0.7563368765331153,29907.833333333332,25794.666666666668
1596,Шимский муниципальный район,Шимский,Новгородская область,муниципальный район,58.27065591699171,30.45005495559546,3,0,0,2,9113.0,55998.5,318.8,0.37024031603204216,24152.333333333332,21379.916666666668
1597,городской округ город Новосибирск,Новосибирск,Новосибирская область,городской округ,54.994886650199675,82.96758698018253,0,4,0,0,1633851.0,78754.6,308.6,1.0,39822.666666666664,34273.75
1598,городской округ город Бердск,Бердск,Новосибирская область,городской округ,54.74583201272939,83.07618857620974,0,4,0,0,102760.0,59108.5,248.2,1.0,36671.083333333336,31374.5
1599,городской округ город Искитим,Искитим,Новосибирская область,городской округ,54.622695533969456,83.29899907374255,0,4,0,0,56654.0,63523.8,268.9,1.0,33108.833333333336,27657.75
1600,городской округ город Обь,Обь,Новосибирская область,городской округ,54.99962584472252,82.67112533615114,2,4,2,2,31050.0,85436.2,256.9,0.9975201288244766,36934.666666666664,30078.833333333332
1601,городской округ рабочий поселок Кольцово,Кольцово,Новосибирская область,городской округ,54.92764218724095,83.20155520670254,0,4,0,0,20883.0,108127.2,255.0,1.0,45261.166666666664,37750.166666666664
1602,Баганский муниципальный район,Баганский,Новосибирская область,муниципальный район,54.00561098915972,77.683157065886,3,0,0,0,13948.0,43568.8,233.1,0.0,23873.166666666668,20175.916666666668
1603,Барабинский муниципальный район,Барабинский,Новосибирская область,муниципальный район,55.09078210634944,78.14834899301118,0,1,0,0,38628.0,54331.7,237.5,0.7107797452625039,27132.666666666668,23055.083333333332
1604,Болотнинский муниципальный район,Болотнинский,Новосибирская область,муниципальный район,55.71860902491724,84.18887509444474,3,1,0,0,25205.0,48692.5,236.6,0.6116643523110494,27133.5,22272.083333333332
1605,Венгеровский муниципальный район,Венгеровский,Новосибирская область,муниципальный район,55.91975793648336,76.92269837803983,3,0,0,0,14721.0,44699.4,238.0,0.0,22211.833333333332,19484.666666666668
1606,Доволенский муниципальный район,Доволенский,Новосибирская область,муниципальный район,54.51552417066982,79.66786047988934,3,0,0,0,12663.0,41826.5,232.3,0.0,20444.583333333332,17866.583333333332
1607,Здвинский муниципальный район,Здвинский,Новосибирская область,муниципальный район,54.65626429551941,78.66112466400999,3,0,0,0,11725.0,46176.6,233.1,0.0,21079.0,19135.416666666668
1608,Искитимский муниципальный район,Искитимский,Новосибирская область,муниципальный район,54.5996351598607,83.3049212340458,0,1,0,0,58382.0,60110.3,268.2,0.3016340652940975,26882.416666666668,23066.583333333332
1609,Карасукский муниципальный район,Карасукский,Новосибирская область,муниципальный район,53.74667026483316,78.09453404254299,3,1,2,0,38279.0,50870.5,231.9,0.6461245069097938,25656.0,22149.083333333332
1610,Каргатский муниципальный район,Каргатский,Новосибирская область,муниципальный район,55.133780154434184,80.35436593535205,3,0,0,4,14001.0,44773.7,236.8,0.5868152274837511,22899.25,20083.833333333332
1611,Колыванский муниципальный район,Колыванский,Новосибирская область,муниципальный район,55.889230155977145,82.60667262787962,3,0,0,0,24293.0,48725.9,244.2,0.5113818795537809,25671.5,21862.0
1612,Коченевский муниципальный район,Коченевский,Новосибирская область,муниципальный район,55.07720933152872,81.97351762428025,3,1,0,0,45219.0,53807.9,237.5,0.4939737720869546,26208.083333333332,22759.25
1613,Кочковский муниципальный район,Кочковский,Новосибирская область,муниципальный район,54.27735136559354,80.40135969140567,3,0,0,0,11493.0,46554.6,232.6,0.0,21526.166666666668,19551.5
1614,Краснозерский муниципальный район,Краснозерский,Новосибирская область,муниципальный район,53.99416190245676,79.16821326619291,3,0,0,0,27453.0,48759.4,231.4,0.3246639711506939,23099.833333333332,19924.833333333332
1615,Куйбышевский муниципальный район,Куйбышевский,Новосибирская область,муниципальный район,55.72776910699157,78.48953735758059,0,1,0,0,53654.0,51386.6,236.4,0.7733626570246394,28406.75,23643.75
1616,Купинский муниципальный район,Купинский,Новосибирская область,муниципальный район,54.33850902165662,77.33824558158356,3,0,0,2,25382.0,45843.5,234.0,0.5877787408399653,24492.666666666668,20719.75
1617,Кыштовский муниципальный район,Кыштовский,Новосибирская область,муниципальный район,56.7770514135758,77.03988175151781,3,0,0,0,8984.0,44944.0,231.4,0.0,24427.916666666668,21454.333333333332
1618,Маслянинский муниципальный район,Маслянинский,Новосибирская область,муниципальный район,54.42721129619488,84.36832408447032,3,0,0,2,23528.0,54424.0,233.3,0.5587385243114587,24579.083333333332,21638.25
1619,Мошковский муниципальный район,Мошковский,Новосибирская область,муниципальный район,55.34620736115909,83.56997141158313,3,1,0,0,40479.0,55579.5,241.8,0.3359519750981991,26014.833333333332,22766.5
1620,Новосибирский муниципальный район,Новосибирский,Новосибирская область,муниципальный район,54.942013319077944,82.87494698772109,2,5,0,0,170131.0,69145.8,1000.0,0.1759173813120478,40365.916666666664,34109.75
1621,Ордынский муниципальный район,Ордынский,Новосибирская область,муниципальный район,54.37190136314602,81.73612720330009,3,0,0,0,33623.0,50150.9,237.1,0.2809386431906731,26345.916666666668,22875.5
1622,Северный муниципальный район,Северный,Новосибирская область,муниципальный район,56.45640411505641,78.86197816228147,3,0,0,0,7319.0,42768.5,230.5,0.0,23068.5,21515.5
1623,Сузунский муниципальный район,Сузунский,Новосибирская область,муниципальный район,53.95358901473061,82.33900464334755,3,1,0,0,31042.0,43292.4,226.2,0.49619869853746534,25630.75,21927.75
1624,Татарский муниципальный район,Татарский,Новосибирская область,муниципальный район,55.173612304912744,75.80721905636818,3,1,0,0,36645.0,48832.0,241.1,0.639759858097967,25797.083333333332,22525.833333333332
1625,Тогучинский муниципальный район,Тогучинский,Новосибирская область,муниципальный район,55.02715413529661,84.37388496961346,3,1,0,0,53463.0,48823.7,237.3,0.5443951891962666,24613.583333333332,21284.75
1626,Убинский муниципальный район,Убинский,Новосибирская область,муниципальный район,55.778286187052394,80.29814613709814,3,0,0,0,11277.0,42038.4,236.6,0.0,22183.583333333332,19758.75
1627,Усть-Таркский муниципальный район,Усть-Таркский,Новосибирская область,муниципальный район,55.80000122050551,75.80843793167658,3,0,0,0,10681.0,43499.3,240.4,0.0,24153.416666666668,21425.5
1628,Чановский муниципальный район,Чановский,Новосибирская область,муниципальный район,55.22825945133222,77.01488461881007,3,0,0,0,20323.0,50346.1,239.7,0.38847611081041183,25733.916666666668,21776.333333333332
1629,Черепановский муниципальный район,Черепановский,Новосибирская область,муниципальный район,54.20806642757622,83.30790076075434,3,1,0,0,49025.0,49608.5,237.3,0.5840693523712391,25760.166666666668,21743.25
1630,Чистоозерный муниципальный район,Чистоозерный,Новосибирская область,муниципальный район,54.61095591422308,76.37605962456838,3,0,0,2,13809.0,41844.1,236.8,0.3850387428488667,23152.833333333332,19996.333333333332
1631,Чулымский муниципальный район,Чулымский,Новосибирская область,муниципальный район,55.161267114658,81.23969838504422,3,1,0,0,18959.0,50802.1,237.5,0.5741336568384409,23263.75,20717.333333333332
1632,городской округ город Омск,Омск,Омская область,городской округ,54.97824720094584,73.36940983241986,0,4,0,0,1104485.0,77427.2,242.0,1.0,35082.166666666664,30277.666666666668
1633,Азовский немецкий национальный муниципальный район,Азовский немецкий,Омская область,муниципальный район,54.64015047869331,73.02678660938457,3,0,0,4,25339.0,50337.3,250.8,0.0,21800.5,20073.5
1634,Большереченский муниципальный район,Большереченский,Омская область,муниципальный район,56.17384013248391,74.32378131566718,3,1,0,1,21499.0,45128.4,238.5,0.45369552072189406,21479.833333333332,17850.416666666668
1635,Большеуковский муниципальный район,Большеуковский,Омская область,муниципальный район,56.93971860734338,72.30760968402538,3,0,0,2,5838.0,44267.3,240.1,0.0,20301.25,18300.75
1636,Горьковский муниципальный район,Горьковский,Омская область,муниципальный район,55.46662428987256,74.10123441450038,3,0,0,2,18069.0,43825.7,244.6,0.26382201560684043,19516.333333333332,16776.5
1637,Знаменский муниципальный район,Знаменский,Омская область,муниципальный район,57.20126529649272,73.61123999340339,3,0,0,0,9777.0,42358.2,237.1,0.0,22617.25,20263.083333333332
1638,Исилькульский муниципальный район,Исилькульский,Омская область,муниципальный район,54.94460094325434,71.31891409493325,3,1,0,5,35262.0,46016.7,249.1,0.5597243491577335,22895.583333333332,20354.833333333332
1639,Калачинский муниципальный район,Калачинский,Омская область,муниципальный район,54.98700308984796,74.74678976556488,3,1,0,0,35486.0,52071.7,246.8,0.5779462323169701,22836.0,20385.5
1640,Колосовский муниципальный район,Колосовский,Омская область,муниципальный район,56.38303789255408,73.47175679150341,3,0,0,0,8763.0,43047.7,242.0,0.0,21068.916666666668,18560.583333333332
1641,Кормиловский муниципальный район,Кормиловский,Омская область,муниципальный район,54.95030832751448,74.11571146926572,3,0,0,5,23179.0,53569.9,251.5,0.3925104620561715,21892.666666666668,19635.916666666668
1642,Крутинский муниципальный район,Крутинский,Омская область,муниципальный район,56.25065532962042,71.47069954296602,3,0,0,0,12735.0,46049.3,253.1,0.5246957204554378,20958.5,19144.166666666668
1643,Любинский муниципальный район,Любинский,Омская область,муниципальный район,55.29233943142048,72.5437710442967,3,1,3,0,38168.0,50588.3,251.5,0.42907671347725845,21808.833333333332,19404.666666666668
1644,Марьяновский муниципальный район,Марьяновский,Омская область,муниципальный район,54.89643636759637,72.53109946090399,3,0,0,3,25313.0,50511.5,251.7,0.3402599454825584,22105.583333333332,19923.333333333332
1645,Москаленский муниципальный район,Москаленский,Омская область,муниципальный район,54.90973259767599,71.8962184912792,3,0,0,0,26392.0,48378.3,249.1,0.34161867232494697,22170.166666666668,19545.333333333332
1646,Муромцевский муниципальный район,Муромцевский,Омская область,муниципальный район,56.33422668689709,75.38088878016339,3,0,0,0,16992.0,42808.4,234.2,0.5358992467043314,21105.25,18747.583333333332
1647,Называевский муниципальный район,Называевский,Омская область,муниципальный район,55.553962424906544,71.200934101064,3,0,0,0,17786.0,46477.2,251.9,0.5757899471494434,20536.666666666668,18452.5
1648,Нижнеомский муниципальный район,Нижнеомский,Омская область,муниципальный район,55.602474112165666,74.87138018372052,3,0,0,0,12230.0,43901.7,243.4,0.0,19059.166666666668,17436.833333333332
1649,Нововаршавский муниципальный район,Нововаршавский,Омская область,муниципальный район,54.0340534096578,74.57467198620715,3,0,0,1,20369.0,50341.4,236.4,0.43026167214885364,21484.333333333332,18334.25
1650,Одесский муниципальный район,Одесский,Омская область,муниципальный район,54.17596766167991,72.8613970405376,3,0,0,0,15856.0,47241.1,242.7,0.0,20088.916666666668,19070.416666666668
1651,Оконешниковский муниципальный район,Оконешниковский,Омская область,муниципальный район,54.724719616520915,75.21171776491217,3,0,0,0,11776.0,45186.1,242.7,0.39572010869565216,20305.0,19205.583333333332
1652,Омский муниципальный район,Омский,Омская область,муниципальный район,55.04579217627733,73.54730009617748,0,1,0,0,100576.0,55625.4,260.0,0.014864381164492523,26407.0,23319.5
1653,Павлоградский муниципальный район,Павлоградский,Омская область,муниципальный район,54.17624625517041,73.70980567620424,3,0,0,0,17473.0,48039.5,242.5,0.4157271218451325,21261.25,19479.583333333332
1654,Полтавский муниципальный район,Полтавский,Омская область,муниципальный район,54.36054269970269,71.58490475033034,3,0,0,2,18147.0,47737.2,245.8,0.34479528296688156,22146.333333333332,19611.333333333332
1655,Русско-Полянский муниципальный район,Русско-Полянский,Омская область,муниципальный район,53.75233237592913,73.93137585335313,3,0,0,0,15619.0,44913.0,236.1,0.38651642230616556,21789.75,19156.5
1656,Саргатский муниципальный район,Саргатский,Омская область,муниципальный район,55.7570260448269,73.35044625352424,3,0,0,6,15815.0,44770.5,247.5,0.47676256718305404,21002.083333333332,19323.0
1657,Седельниковский муниципальный район,Седельниковский,Омская область,муниципальный район,57.015235816088314,75.57262610717252,3,0,0,0,8137.0,43667.2,235.7,0.0,20503.166666666668,18057.833333333332
1658,Таврический муниципальный район,Таврический,Омская область,муниципальный район,54.500887201379506,73.6897904334109,3,1,0,0,33312.0,47839.0,247.9,0.3486431316042267,21905.916666666668,19601.666666666668
1659,Тарский муниципальный район,Тарский,Омская область,муниципальный район,57.51859842893555,74.63496324782068,3,1,0,0,39838.0,49200.2,237.3,0.6812339976906471,25520.25,22388.666666666668
1660,Тевризский муниципальный район,Тевризский,Омская область,муниципальный район,57.71589707435433,72.77650429975452,3,0,0,0,11958.0,45468.8,240.9,0.5632212744606121,22944.583333333332,19723.333333333332
1661,Тюкалинский муниципальный район,Тюкалинский,Омская область,муниципальный район,55.96495884715165,72.40263797303896,3,0,0,2,19114.0,46387.1,252.2,0.5059118970388197,20410.5,18405.166666666668
1662,Усть-Ишимский муниципальный район,Усть-Ишимский,Омская область,муниципальный район,57.83091953893971,71.08376570053375,3,0,2,3,9157.0,44483.8,244.2,0.0,22892.5,18841.083333333332
1663,Черлакский муниципальный район,Черлакский,Омская область,муниципальный район,54.275147047591986,75.06476621988521,3,0,0,0,24866.0,44547.8,238.5,0.3948363226896163,22319.333333333332,19955.916666666668
1664,Шербакульский муниципальный район,Шербакульский,Омская область,муниципальный район,54.51274069419805,72.45037801186491,3,0,0,0,18767.0,45717.9,246.0,0.34480737464698674,21272.583333333332,18788.75
1665,городской округ город Оренбург,Оренбург,Оренбургская область,городской округ,51.67612422875557,54.89232180608102,0,4,0,0,550344.0,77401.4,345.2,0.975502594740744,33616.583333333336,28363.416666666668
1666,городской округ Абдулинский,Абдулинский,Оренбургская область,городской округ,53.73265011862596,53.53974650873538,0,1,0,0,23381.0,63306.4,326.1,0.7214404858645909,21582.0,19131.75
1667,городской округ город Бугуруслан,Бугуруслан,Оренбургская область,городской округ,53.638330632588755,52.401646009092005,0,4,0,0,42519.0,59751.9,342.9,0.9926150662056963,29682.583333333332,24833.166666666668
1668,городской округ город Бузулук,Бузулук,Оренбургская область,городской округ,52.773977643801345,52.27019957955327,0,3,0,4,88339.0,79778.4,341.7,1.0,32479.833333333332,27217.166666666668
1669,городской округ Гайский,Гайский,Оренбургская область,городской округ,51.473480150010914,58.33537256522287,0,4,0,1,39040.0,83424.5,280.8,0.8289702868852459,24476.666666666668,22341.666666666668
1670,городской округ Кувандыкский,Кувандыкский,Оренбургская область,городской округ,51.40000002029245,57.46196781145944,0,1,0,1,40357.0,51752.6,286.4,0.6541120499541592,23039.333333333332,19661.916666666668
1671,городской округ город Медногорск,Медногорск,Оренбургская область,городской округ,51.39626873336146,57.59927331100085,0,4,0,0,24149.0,64872.6,285.7,0.9529587146465692,23742.833333333332,20432.0
1672,городской округ город Новотроицк,Новотроицк,Оренбургская область,городской округ,51.23368862144134,58.26852468325242,0,4,0,0,79410.0,74255.2,280.8,0.9377786173026067,29731.416666666668,24701.166666666668
1673,городской округ город Орск,Орск,Оренбургская область,городской округ,51.31564470562024,58.70341330361393,0,4,0,0,190318.0,74043.2,278.6,0.9852825271387887,31634.75,25757.666666666668
1674,городской округ Соль-Илецкий,Соль-Илецкий,Оренбургская область,городской округ,51.12075631838118,54.81129763416986,0,4,0,2,45181.0,50777.4,291.6,0.5625373497709214,23669.583333333332,20856.583333333332
1675,городской округ Сорочинский,Сорочинский,Оренбургская область,городской округ,52.388107415916146,53.20937695910372,0,4,0,3,39845.0,48696.2,313.8,0.6995607980926088,25346.25,21672.416666666668
1676,городской округ Ясненский,Ясненский,Оренбургская область,городской округ,51.08746169765114,59.94142183781593,0,1,0,1,17793.0,64263.7,268.7,0.865171696734671,23924.166666666668,22561.083333333332
1678,Адамовский муниципальный район,Адамовский,Оренбургская область,муниципальный район,51.58578059470907,60.00470528815254,3,0,0,0,18976.0,43601.6,270.6,0.0,20487.5,17188.25
1679,Акбулакский муниципальный район,Акбулакский,Оренбургская область,муниципальный район,50.97179519710533,55.7854745558014,3,0,0,4,19016.0,41483.2,285.5,0.0,19601.916666666668,17601.25
1680,Александровский муниципальный район,Александровский,Оренбургская область,муниципальный район,52.64239698111958,54.39298870541727,3,0,0,0,12753.0,53187.5,310.5,0.0,19573.666666666668,16225.416666666666
1681,Асекеевский муниципальный район,Асекеевский,Оренбургская область,муниципальный район,53.434885279334594,52.96734708439266,3,0,0,0,15753.0,50076.5,327.3,0.0,21004.25,18484.25
1682,Беляевский муниципальный район,Беляевский,Оренбургская область,муниципальный район,51.357168028908305,56.347730048569616,3,0,0,4,13156.0,50165.4,290.4,0.0,18673.0,16709.083333333332
1683,Бугурусланский муниципальный район,Бугурусланский,Оренбургская область,муниципальный район,53.66366892151911,52.60299530784547,3,1,0,3,16252.0,53931.6,358.9,0.0,25356.833333333332,22400.916666666668
1685,Грачёвский муниципальный район,Грачёвский,Оренбургская область,муниципальный район,52.987330455708246,52.98958162071634,3,0,0,0,10558.0,53369.0,318.8,0.0,20965.333333333332,18643.083333333332
1686,Домбаровский муниципальный район,Домбаровский,Оренбургская область,муниципальный район,50.82535978445771,59.320177778833546,3,0,0,4,11105.0,54897.1,267.5,0.0,20529.666666666668,18873.25
1687,Илекский муниципальный район,Илекский,Оренбургская область,муниципальный район,51.5020274409776,53.7829668432991,3,0,0,0,25229.0,47564.7,299.6,0.0,20066.833333333332,18272.666666666668
1688,Кваркенский муниципальный район,Кваркенский,Оренбургская область,муниципальный район,52.15064012408104,59.415575696485675,3,0,0,0,14438.0,53385.3,270.6,0.0,21030.75,18253.416666666668
1689,Красногвардейский муниципальный район,Красногвардейский,Оренбургская область,муниципальный район,52.827920566347295,53.553020797161125,3,0,0,0,16960.0,45739.4,313.8,0.0,21731.083333333332,19231.0
1690,Курманаевский муниципальный район,Курманаевский,Оренбургская область,муниципальный район,52.3969091539109,51.86101269421087,3,0,0,0,14152.0,51089.2,317.4,0.0,20249.75,18097.583333333332
1691,Матвеевский муниципальный район,Матвеевский,Оренбургская область,муниципальный район,53.35857882639978,53.522370593742394,3,0,0,0,8826.0,50219.0,323.5,0.0,19313.75,17308.583333333332
1692,Новоорский муниципальный район,Новоорский,Оренбургская область,муниципальный район,51.46214476677611,59.08843695505412,3,1,0,0,23447.0,65573.1,276.3,0.0,20634.333333333332,17857.333333333332
1693,Новосергиевский муниципальный район,Новосергиевский,Оренбургская область,муниципальный район,52.1500708921308,53.753938138477835,3,0,0,0,28827.0,55143.1,309.3,0.0,21900.916666666668,19577.916666666668
1694,Октябрьский муниципальный район,Октябрьский,Оренбургская область,муниципальный район,52.37721698759519,55.232241975688055,3,0,0,4,17079.0,53243.7,305.5,0.0,19685.833333333332,17910.75
1696,Первомайский муниципальный район,Первомайский,Оренбургская область,муниципальный район,51.8466710577385,51.64013872308034,3,0,0,0,20575.0,53986.9,308.4,0.0,20790.416666666668,18382.166666666668
1697,Переволоцкий муниципальный район,Переволоцкий,Оренбургская область,муниципальный район,51.977566609652854,54.32847974434149,3,0,0,3,20288.0,54376.2,305.3,0.0,20087.5,18051.083333333332
1698,Пономарёвский муниципальный район,Пономарёвский,Оренбургская область,муниципальный район,53.21717090213957,54.15557151872948,3,0,0,0,12885.0,43159.2,320.9,0.0,21048.833333333332,18791.75
1699,Сакмарский муниципальный район,Сакмарский,Оренбургская область,муниципальный район,52.072657910582166,55.29865269835682,3,0,0,0,29252.0,54767.9,304.6,0.0,18286.25,16919.666666666668
1700,Саракташский муниципальный район,Саракташский,Оренбургская область,муниципальный район,51.84329747922864,56.30077299494808,3,1,0,3,39786.0,51540.8,295.2,0.0,20889.833333333332,19013.916666666668
1701,Светлинский муниципальный район,Светлинский,Оренбургская область,муниципальный район,51.03146549270666,60.97572738486187,3,0,0,2,9689.0,45985.6,260.2,0.0,23883.75,20675.583333333332
1702,Северный муниципальный район,Северный,Оренбургская область,муниципальный район,54.12656717398152,52.7489674099477,3,0,0,0,10754.0,60306.4,337.2,0.0,19469.583333333332,17860.916666666668
1703,Ташлинский муниципальный район,Ташлинский,Оренбургская область,муниципальный район,51.79490024525937,52.81233856024499,3,0,0,1,19856.0,57467.1,304.1,0.0,19994.916666666668,17747.0
1704,Тоцкий муниципальный район,Тоцкий,Оренбургская область,муниципальный район,52.32680415776347,52.55449534682083,3,1,0,0,30816.0,46971.3,316.2,0.0,29990.083333333332,24737.333333333332
1705,Тюльганский муниципальный район,Тюльганский,Оренбургская область,муниципальный район,52.36130342721117,56.08652517376685,3,0,0,0,17089.0,42087.2,300.8,0.0,19622.5,17940.75
1706,Шарлыкский муниципальный район,Шарлыкский,Оренбургская область,муниципальный район,52.90621569197966,54.81350121100215,3,0,0,0,14855.0,46125.0,314.5,0.0,19350.916666666668,17695.916666666668
1707,городской округ город Орёл,Орёл,Орловская область,городской округ,52.96082146877783,36.089225966859225,0,4,0,0,292406.0,61277.0,408.0,1.0,33285.75,28336.416666666668
1708,городской округ город Ливны,Ливны,Орловская область,городской округ,52.42270906988859,37.599925205479515,0,4,0,0,42694.0,51959.9,379.0,1.0,26384.416666666668,23011.75
1709,городской округ город Мценск,Мценск,Орловская область,городской округ,53.281718551114984,36.569714928944016,0,4,0,0,35554.0,53229.6,381.1,1.0,29191.166666666668,25475.0
1710,Болховский муниципальный район,Болховский,Орловская область,муниципальный район,53.433916404853086,36.00341067893378,3,0,0,5,14977.0,45166.3,364.3,0.6152767576951326,21835.75,20446.666666666668
1711,Верховский муниципальный район,Верховский,Орловская область,муниципальный район,52.71266283111088,37.24866633746563,3,0,0,2,14493.0,52594.0,361.7,0.4816808114262058,23394.75,21046.833333333332
1712,Глазуновский муниципальный район,Глазуновский,Орловская область,муниципальный район,52.459397796102145,36.218757914342085,3,0,0,0,10168.0,49502.0,354.0,0.4529897718332022,20094.25,18822.833333333332
1714,Должанский муниципальный район,Должанский,Орловская область,муниципальный район,52.0976564917264,37.497445538774585,3,0,0,2,8587.0,50892.8,348.5,0.40503086060323745,20983.75,18736.416666666668
1715,Залегощенский муниципальный район,Залегощенский,Орловская область,муниципальный район,52.902866687994795,36.68238261519819,3,0,0,0,11724.0,48806.0,361.0,0.37461617195496416,20661.666666666668,18744.0
1717,Колпнянский муниципальный район,Колпнянский,Орловская область,муниципальный район,52.24117574927853,37.02460826441358,3,0,0,3,12286.0,69003.6,350.9,0.4267458896304737,22016.083333333332,18737.833333333332
1718,Краснозоренский муниципальный район,Краснозоренский,Орловская область,муниципальный район,52.74620055857205,37.66181613060552,3,0,0,0,5084.0,50320.2,362.0,0.0,22374.916666666668,19417.083333333332
1719,Кромской муниципальный район,Кромской,Орловская область,муниципальный район,52.653849141595266,35.77444816784176,3,1,0,2,20537.0,54417.4,354.9,0.34031260651507034,26637.833333333332,24973.416666666668
1722,Малоархангельский муниципальный район,Малоархангельский,Орловская область,муниципальный район,52.37517908449459,36.594979064509495,3,0,0,0,9312.0,46776.8,352.5,0.3756443298969072,22353.75,20201.5
1724,Новодеревеньковский муниципальный район,Новодеревеньковский,Орловская область,муниципальный район,52.96555737622451,37.565499275041034,3,0,0,0,9028.0,51968.3,361.7,0.42556490917146655,22071.166666666668,20624.5
1725,Новосильский муниципальный район,Новосильский,Орловская область,муниципальный район,53.037051089233046,37.06253224250674,3,0,0,0,6534.0,50855.7,362.7,0.43878175696357513,21838.5,19025.333333333332
1726,муниципальный округ Орловский,Орловский,Орловская область,муниципальный округ,52.99567989486731,36.087977759693494,0,1,0,2,69588.0,65790.7,566.7,0.13791170891533022,34459.416666666664,29112.0
1727,Покровский муниципальный район,Покровский,Орловская область,муниципальный район,52.56728462103156,36.90929960216885,3,0,0,0,11873.0,53224.9,356.6,0.3171060389118167,21383.25,19653.5
1728,Свердловский муниципальный район,Свердловский,Орловская область,муниципальный район,52.66744217451465,36.33059685122006,3,0,0,0,13337.0,49255.1,357.7,0.3695733673239859,20173.833333333332,18598.666666666668
1730,Троснянский муниципальный район,Троснянский,Орловская область,муниципальный район,52.40485090451148,35.80991234250002,3,0,0,0,7678.0,54617.8,351.6,0.0,21329.0,19034.333333333332
1731,Урицкий муниципальный район,Урицкий,Орловская область,муниципальный район,52.987489467262336,35.672186883749106,3,1,0,2,17284.0,43893.7,356.3,0.5409627401064568,19882.333333333332,19080.75
1732,Хотынецкий муниципальный район,Хотынецкий,Орловская область,муниципальный район,53.15831813890027,35.35524555484735,3,0,0,0,7819.0,53718.3,351.8,0.44468602123033635,21340.666666666668,18439.916666666668
1733,Шаблыкинский муниципальный район,Шаблыкинский,Орловская область,муниципальный район,52.86078710130591,35.138168839013304,3,0,0,0,5835.0,60459.7,345.5,0.47369323050556983,20073.166666666668,19366.0
1737,Башмаковский муниципальный район,Башмаковский,Пензенская область,муниципальный район,53.23676113864624,42.83199544629757,3,0,0,0,19102.0,60294.0,358.0,0.4903675007852581,22014.25,19808.083333333332
1738,Бековский муниципальный район,Бековский,Пензенская область,муниципальный район,52.56704773129519,43.6834804491778,3,0,0,3,13474.0,48089.9,354.0,0.4405521745584088,22968.833333333332,19218.333333333332
1739,Белинский муниципальный район,Белинский,Пензенская область,муниципальный район,52.976034572157886,43.392673351949824,3,0,0,0,23699.0,46192.3,359.4,0.35786320097894425,20143.833333333332,18134.166666666668
1740,Бессоновский муниципальный район,Бессоновский,Пензенская область,муниципальный район,53.341518195623166,45.13897269508266,3,1,0,0,44901.0,62408.5,365.5,0.0,25023.416666666668,21035.083333333332
1741,Вадинский муниципальный район,Вадинский,Пензенская область,муниципальный район,53.65377782234816,43.04002180415826,3,0,0,0,7153.0,47719.8,362.7,0.0,21208.166666666668,17535.25
1742,Городищенский муниципальный район,Городищенский,Пензенская область,муниципальный район,53.23163763057509,45.74547092269663,3,1,3,0,45419.0,47836.2,358.0,0.44877694356987163,19327.583333333332,16843.75
1743,Земетчинский муниципальный район,Земетчинский,Пензенская область,муниципальный район,53.58529477996875,42.482576382821385,3,0,0,0,18592.0,51322.9,358.9,0.5094126506024096,21060.75,18070.333333333332
1744,Иссинский муниципальный район,Иссинский,Пензенская область,муниципальный район,53.836419546079725,44.913323117393254,3,0,0,0,8268.0,48212.4,362.2,0.5828495403967102,20415.75,17504.333333333332
1745,Каменский муниципальный район,Каменский,Пензенская область,муниципальный район,53.104296893839255,44.012698151531225,3,1,0,0,48394.0,55626.9,361.0,0.6782039095755672,23143.666666666668,20351.083333333332
1746,Камешкирский муниципальный район,Камешкирский,Пензенская область,муниципальный район,52.80112664105563,46.10485747286113,3,0,0,0,9895.0,42526.4,351.6,0.0,18796.916666666668,17510.916666666668
1747,Колышлейский муниципальный район,Колышлейский,Пензенская область,муниципальный район,52.73562887976032,44.52367355142295,3,0,0,0,20513.0,48162.6,356.6,0.3802954224150539,20621.25,18016.416666666668
1749,Лопатинский муниципальный район,Лопатинский,Пензенская область,муниципальный район,52.57415573469001,45.72196092957067,3,0,0,0,11327.0,47132.3,350.4,0.0,17634.916666666668,15804.833333333334
1750,Лунинский муниципальный район,Лунинский,Пензенская область,муниципальный район,53.661086877129435,45.26708309501283,3,0,0,0,15623.0,45966.3,358.2,0.45176982653779685,19585.916666666668,17218.666666666668
1751,Малосердобинский муниципальный район,Малосердобинский,Пензенская область,муниципальный район,52.51126913039836,45.05708525612456,3,0,0,0,7959.0,40943.8,352.1,0.0,19612.75,17117.333333333332
1752,Мокшанский муниципальный район,Мокшанский,Пензенская область,муниципальный район,53.47475851251868,44.48415681618947,3,1,0,2,23532.0,50058.6,365.1,0.4469658337582866,20399.333333333332,18210.916666666668
1753,Наровчатский муниципальный район,Наровчатский,Пензенская область,муниципальный район,53.82945051377826,43.66340576017529,3,0,0,0,9756.0,48008.3,364.3,0.0,20567.333333333332,18080.75
1754,Неверкинский муниципальный район,Неверкинский,Пензенская область,муниципальный район,52.798357349821885,46.666995769741256,3,0,0,0,13081.0,39738.6,347.6,0.0,17351.75,15464.416666666666
1755,Нижнеломовский муниципальный район,Нижнеломовский,Пензенская область,муниципальный район,53.54828190287818,43.759891575090656,3,1,0,2,35595.0,65412.3,363.9,0.5655288664138222,22867.333333333332,20505.5
1756,Никольский муниципальный район,Никольский,Пензенская область,муниципальный район,53.71089515689709,45.94048933612063,3,1,0,3,27530.0,51354.5,352.1,0.7590628405375953,19882.5,17891.916666666668
1757,Пачелмский муниципальный район,Пачелмский,Пензенская область,муниципальный район,53.335682973247685,43.370129924339224,3,0,0,0,12972.0,47733.8,359.6,0.5301418439716312,19605.416666666668,17847.0
1758,Пензенский муниципальный район,Пензенский,Пензенская область,муниципальный район,52.988167197941515,44.85298646317967,0,1,0,0,66409.0,58702.9,356.8,0.042403891038865216,32347.166666666668,27344.083333333332
1759,Сердобский муниципальный район,Сердобский,Пензенская область,муниципальный район,52.53822726252323,44.14250268942167,3,1,0,2,44283.0,47333.5,352.8,0.6655375652056094,22997.666666666668,20351.416666666668
1760,Сосновоборский муниципальный район,Сосновоборский,Пензенская область,муниципальный район,53.36088590348832,46.25630458906989,3,0,0,0,13512.0,38565.0,350.4,0.41592658377738306,22371.75,19733.166666666668
1761,Спасский муниципальный район,Спасский,Пензенская область,муниципальный район,53.83705086338683,43.29219801508616,3,0,0,0,10833.0,50927.0,365.8,0.6336194959844919,22589.166666666668,18893.666666666668
1762,Тамалинский муниципальный район,Тамалинский,Пензенская область,муниципальный район,52.63061474872335,43.342677116618034,3,0,0,0,12659.0,48864.2,356.6,0.48447744687574057,20857.0,18117.0
1764,городской округ город Псков,Псков,Псковская область,городской округ,57.80811436004238,28.364962957301756,0,4,0,0,187129.0,63953.7,324.2,1.0,37266.5,31531.166666666668
1765,городской округ город Великие Луки,Великие Луки,Псковская область,городской округ,56.33861302902699,30.541088899644233,0,4,0,0,85442.0,62918.6,328.2,1.0,31650.166666666668,26701.666666666668
1766,Бежаницкий муниципальный район,Бежаницкий,Псковская область,муниципальный район,57.06663843078502,29.969107360623337,3,1,0,0,9802.0,47785.3,309.1,0.42838196286472147,24267.0,21683.583333333332
1768,Гдовский муниципальный район,Гдовский,Псковская область,муниципальный район,58.60124023866816,27.963513694366657,3,1,0,0,8544.0,43483.6,299.6,0.38108614232209737,23208.333333333332,20588.833333333332
1769,Дедовичский муниципальный район,Дедовичский,Псковская область,муниципальный район,57.494493950890934,29.986508232705063,3,1,0,0,11451.0,50884.3,303.9,0.574360317876168,24808.583333333332,22349.0
1770,Дновский муниципальный район,Дновский,Псковская область,муниципальный район,57.80956374140874,30.106260233964456,0,1,0,0,10547.0,62309.5,305.8,0.7230492083056793,26625.333333333332,23254.083333333332
1771,муниципальный округ Красногородский,Красногородский,Псковская область,муниципальный округ,56.79871186635805,28.245376910988327,3,0,0,0,6202.0,38848.7,299.4,0.5425669138987423,23033.416666666668,19706.083333333332
1773,муниципальный округ Локнянский,Локнянский,Псковская область,муниципальный округ,56.81758378945242,30.327369994167764,3,0,0,0,7535.0,41230.4,311.7,0.45494359654943595,22597.666666666668,19955.666666666668
1774,муниципальный округ Невельский,Невельский,Псковская область,муниципальный округ,56.00860664713327,29.79944489803177,3,1,0,3,20417.0,48842.2,311.5,0.649458784346378,22393.0,20809.666666666668
1775,муниципальный округ Новоржевский,Новоржевский,Псковская область,муниципальный округ,57.09041332433103,29.306478670520047,3,0,0,0,7682.0,38828.1,303.4,0.40978911741733925,23378.916666666668,20286.75
1776,Новосокольнический муниципальный район,Новосокольнический,Псковская область,муниципальный район,56.433125675891354,29.974879304424014,3,1,0,2,11427.0,52751.2,316.2,0.5827426271112278,23425.166666666668,20775.25
1777,муниципальный округ Опочецкий,Опочецкий,Псковская область,муниципальный округ,56.68416126443355,28.807236192853107,3,0,0,0,14690.0,42888.8,303.2,0.6352620830496937,24643.666666666668,21679.25
1778,Островский муниципальный район,Островский,Псковская область,муниципальный район,57.29560579929584,28.546899571709112,3,1,3,0,26618.0,46005.5,299.4,0.7804117514463896,26566.333333333332,23124.083333333332
1780,муниципальный округ Печорский,Печорский,Псковская область,муниципальный округ,57.763888753308166,27.721405908411928,3,1,0,2,18184.0,53153.1,291.9,0.5250219973603167,24490.916666666668,22266.416666666668
1781,Плюсский муниципальный район,Плюсский,Псковская область,муниципальный район,58.55686293683965,29.11024922866328,3,0,0,0,6131.0,55319.8,307.4,0.48638068830533354,23402.583333333332,21376.333333333332
1782,Порховский муниципальный район,Порховский,Псковская область,муниципальный район,57.72259625590657,29.368740037339265,3,1,0,0,14635.0,45317.9,305.1,0.4703792278783738,24792.75,22198.25
1783,Псковский муниципальный район,Псковский,Псковская область,муниципальный район,57.90724136521668,28.4201019630158,0,1,0,0,44749.0,53166.2,414.2,0.0,41835.083333333336,34985.5
1784,Пустошкинский муниципальный район,Пустошкинский,Псковская область,муниципальный район,56.386182082669734,29.38972656580843,3,0,0,0,7174.0,43254.7,309.3,0.5370783384443825,23531.333333333332,21492.0
1785,Пушкиногорский муниципальный район,Пушкиногорский,Псковская область,муниципальный район,57.00239502785781,28.794903861098355,3,0,0,7,7103.0,48343.6,300.6,0.5949598761086865,25613.5,23164.25
1786,муниципальный округ Пыталовский,Пыталовский,Псковская область,муниципальный округ,57.05695855956563,27.953007019574255,3,1,0,0,9542.0,50507.8,296.1,0.5576399077761476,24598.583333333332,22344.083333333332
1787,Себежский муниципальный район,Себежский,Псковская область,муниципальный район,56.268160126303414,28.690431010189343,3,0,0,2,18348.0,51684.5,301.3,0.6389252234575976,26948.583333333332,23562.416666666668
1788,муниципальный округ Струго-Красненский,Струго-Красненский,Псковская область,муниципальный округ,58.218765275148264,28.992992781761348,3,1,0,3,9467.0,42718.1,306.3,0.4827294813562903,26179.166666666668,22521.0
1845,городской округ город Рязань,Рязань,Рязанская область,городской округ,54.63822550218097,39.72923028551159,0,4,0,0,520509.0,63591.8,432.8,1.0,37195.916666666664,31891.75
1846,городской округ город Касимов,Касимов,Рязанская область,городской округ,54.94344658921204,41.392022607727526,0,4,0,3,27537.0,44889.1,403.5,1.0,27906.833333333332,23534.416666666668
1848,городской округ город Скопин,Скопин,Рязанская область,городской округ,53.79841757602073,39.54570361788098,3,0,0,0,25424.0,41017.1,407.3,0.9594870988042794,25180.0,21545.416666666668
1849,Ермишинский муниципальный район,Ермишинский,Рязанская область,муниципальный район,54.807666872687946,42.170863764388734,3,0,0,0,6511.0,42973.6,370.0,0.5132852096452157,20769.583333333332,17811.583333333332
1850,Захаровский муниципальный район,Захаровский,Рязанская область,муниципальный район,54.41997296393893,39.23743691686398,3,0,0,0,7831.0,42297.1,400.5,0.0,21244.0,18744.916666666668
1851,Кадомский муниципальный район,Кадомский,Рязанская область,муниципальный район,54.531529806270775,42.39056324364032,3,0,0,0,7386.0,33649.6,366.2,0.6811535337124289,22144.0,18856.666666666668
1852,Касимовский муниципальный район,Касимовский,Рязанская область,муниципальный район,54.94174202798015,41.40731792436416,3,0,0,4,27244.0,51666.2,404.0,0.24170459550726767,23253.916666666668,20962.833333333332
1853,Клепиковский муниципальный район,Клепиковский,Рязанская область,муниципальный район,55.07939047054444,40.43847506755112,3,0,0,0,20955.0,43462.4,404.3,0.4743975184920067,23634.666666666668,20926.416666666668
1854,Кораблинский муниципальный район,Кораблинский,Рязанская область,муниципальный район,53.97022355164348,40.06098378906738,3,0,0,0,21903.0,43636.5,387.0,0.46039355339451216,22552.916666666668,19544.666666666668
1855,Милославский муниципальный район,Милославский,Рязанская область,муниципальный район,53.58741443932139,39.31662358233207,3,0,0,0,10730.0,38962.2,383.2,0.4940354147250699,22934.583333333332,20639.666666666668
1856,Михайловский муниципальный район,Михайловский,Рязанская область,муниципальный район,54.15952799599302,39.02625721401689,3,1,0,2,31518.0,50677.0,403.3,0.5062186686972524,24303.083333333332,21619.25
1857,Александро-Невский муниципальный район,Александро-Невский,Рязанская область,муниципальный район,53.47879527729985,40.25957370819414,3,0,0,0,10529.0,43784.0,382.5,0.3423876911387596,23928.833333333332,20847.666666666668
1858,Пителинский муниципальный район,Пителинский,Рязанская область,муниципальный район,54.600075964154215,41.72703989240177,3,0,0,0,4629.0,45638.6,376.6,0.41196802765176066,22323.833333333332,19529.416666666668
1859,Пронский муниципальный район,Пронский,Рязанская область,муниципальный район,54.13162756221315,39.582672947797306,0,1,3,0,30144.0,46419.3,392.2,0.7135416666666666,24046.0,21114.0
1860,Путятинский муниципальный округ,Путятинский,Рязанская область,муниципальный округ,54.1063568691213,41.10250282615131,3,0,0,9,,,383.5,,22609.583333333332,19458.416666666668
1861,Рыбновский муниципальный район,Рыбновский,Рязанская область,муниципальный район,54.77168603550588,39.471029320854235,0,1,0,0,38973.0,66319.4,416.1,0.5439663356682831,27820.333333333332,23339.916666666668
1862,Ряжский муниципальный округ,Ряжский,Рязанская область,муниципальный округ,53.68197447774787,40.08303369524372,3,1,0,2,,,386.8,,26735.333333333332,23238.083333333332
1863,Рязанский муниципальный район,Рязанский,Рязанская область,муниципальный район,54.62933238576074,39.895769817634815,0,1,2,0,62396.0,57592.0,648.6,0.0,33156.416666666664,28593.333333333332
1864,Сапожковский муниципальный район,Сапожковский,Рязанская область,муниципальный район,53.98463622890983,40.68845686678643,3,0,0,0,9059.0,43440.8,379.2,0.32939618059388454,24014.083333333332,21403.25
1865,Сараевский муниципальный район,Сараевский,Рязанская область,муниципальный район,53.70864085196336,41.07440185942859,3,0,0,0,14601.0,44262.9,373.3,0.3357304294226423,22267.833333333332,19347.75
1868,Спасский муниципальный район,Спасский,Рязанская область,муниципальный район,54.554509143576816,40.538212074705136,3,0,0,0,24474.0,41006.0,389.1,0.23310451908147423,22965.333333333332,20335.583333333332
1869,Старожиловский муниципальный район,Старожиловский,Рязанская область,муниципальный район,54.24094133919236,39.973866725731256,3,0,0,0,15692.0,47671.4,394.6,0.31449146061687483,23411.416666666668,20405.583333333332
1870,Ухоловский муниципальный район,Ухоловский,Рязанская область,муниципальный район,53.749887960131,40.51884251475229,3,0,0,0,8264.0,37109.8,382.5,0.4669651500484027,21687.75,18939.75
1871,Чучковский муниципальный район,Чучковский,Рязанская область,муниципальный район,54.29579538615391,41.44424363072965,3,0,0,0,6742.0,40250.2,371.2,0.38045090477603083,22431.916666666668,19432.583333333332
1872,Шацкий муниципальный район,Шацкий,Рязанская область,муниципальный район,53.98278699850557,41.858932235836434,3,0,0,0,20503.0,42046.3,379.7,0.28244647124811,22688.083333333332,20055.583333333332
1873,Шиловский муниципальный район,Шиловский,Рязанская область,муниципальный район,54.423493662533616,40.97132554624083,3,1,0,1,34695.0,43213.8,385.4,0.6112408127972331,23656.5,21455.666666666668
1874,городской округ Самара,Самара,Самарская область,городской округ,53.26955073253256,50.15336224887603,0,4,0,0,1159044.0,81323.7,384.7,0.9999206242385966,37819.5,32390.5
1875,городской округ Жигулевск,Жигулевск,Самарская область,городской округ,53.41281391306675,49.57735229515521,0,4,0,0,52171.0,64428.7,351.4,0.9308619731268329,32726.5,26946.5
1876,городской округ Кинель,Кинель,Самарская область,городской округ,53.232193570650765,50.575912349330785,0,4,0,0,57721.0,61842.5,362.7,1.0,32379.0,26876.166666666668
1877,городской округ Новокуйбышевск,Новокуйбышевск,Самарская область,городской округ,53.06225580675886,49.81979183323684,0,4,0,0,98550.0,70807.1,348.1,0.9790867579908675,34661.416666666664,29456.333333333332
1878,городской округ Октябрьск,Октябрьск,Самарская область,городской округ,53.17717975676826,48.72011904367193,0,1,0,1,19887.0,63239.0,350.6,1.0,23143.166666666668,20771.416666666668
1879,городской округ Отрадный,Отрадный,Самарская область,городской округ,53.376926071890615,51.33462841097833,0,3,0,2,46480.0,76578.3,338.8,1.0,32485.166666666668,27594.083333333332
1880,городской округ Похвистнево,Похвистнево,Самарская область,городской округ,53.47612658808121,52.05288690194985,0,1,0,2,27685.0,55675.2,345.0,0.9629040996929745,27173.083333333332,23103.833333333332
1881,городской округ Сызрань,Сызрань,Самарская область,городской округ,53.1218252349453,48.421908604432275,0,4,0,0,162372.0,66408.0,362.7,0.9953009139506811,32152.333333333332,27195.333333333332
1883,городской округ Чапаевск,Чапаевск,Самарская область,городской округ,52.94385537914561,49.78682945616116,0,4,0,0,68824.0,64958.3,340.5,0.9998692316633733,30871.083333333332,25314.916666666668
1884,Алексеевский муниципальный район,Алексеевский,Самарская область,муниципальный район,52.58396328894408,51.24207141839339,3,0,0,0,10499.0,50570.8,323.7,0.0,24116.5,20226.75
1885,Безенчукский муниципальный район,Безенчукский,Самарская область,муниципальный район,52.99298087532059,49.30063332478743,0,1,0,0,35844.0,59250.9,330.1,0.6266599709853811,26858.166666666668,23277.666666666668
1886,Богатовский муниципальный район,Богатовский,Самарская область,муниципальный район,53.05733650918388,51.30802939390456,3,0,0,0,13052.0,54352.2,332.7,0.0,23506.333333333332,20479.583333333332
1887,Большеглушицкий муниципальный район,Большеглушицкий,Самарская область,муниципальный район,52.4320484284047,50.62387978417171,3,0,0,0,17856.0,52391.1,325.9,0.0,23475.333333333332,20838.25
1888,Большечерниговский муниципальный район,Большечерниговский,Самарская область,муниципальный район,52.09284444577989,50.82027541196466,3,0,0,2,17085.0,51925.4,318.8,0.0,24191.416666666668,20871.083333333332
1889,Борский муниципальный район,Борский,Самарская область,муниципальный район,53.05104066154589,51.75184928637725,3,0,0,0,22166.0,48139.3,328.9,0.0,23797.916666666668,20954.416666666668
1890,Волжский муниципальный район,Волжский,Самарская область,муниципальный район,53.08531630263894,50.231864308008966,2,5,0,0,130495.0,77330.8,773.6,0.3588873136901797,36449.083333333336,30484.083333333332
1891,Елховский муниципальный район,Елховский,Самарская область,муниципальный район,53.91507772628165,50.328266660248,3,0,0,0,9128.0,47937.6,349.5,0.0,21861.916666666668,19898.583333333332
1892,Исаклинский муниципальный район,Исаклинский,Самарская область,муниципальный район,54.02240340951763,51.59556076930281,3,0,0,0,12310.0,45915.4,340.5,0.0,21483.666666666668,19376.916666666668
1893,Камышлинский муниципальный район,Камышлинский,Самарская область,муниципальный район,54.05508550169057,52.184108417456414,3,0,0,0,10431.0,47809.8,337.9,0.0,21585.833333333332,18368.5
1894,Кинельский муниципальный район,Кинельский,Самарская область,муниципальный район,53.193140718859766,50.830889143078814,3,1,1,0,30309.0,78024.4,377.8,0.0,23220.333333333332,20276.0
1895,Кинель-Черкасский муниципальный район,Кинель-Черкасский,Самарская область,муниципальный район,53.4474676089418,51.45353571121483,3,1,0,1,40596.0,55781.2,336.7,0.0,24222.166666666668,22287.083333333332
1896,Клявлинский муниципальный район,Клявлинский,Самарская область,муниципальный район,54.29216434582898,52.09595243610283,3,0,0,0,13967.0,53888.6,336.7,0.0,23155.416666666668,20146.5
1897,Кошкинский муниципальный район,Кошкинский,Самарская область,муниципальный район,54.23613993870717,50.48285713174698,3,0,0,0,20672.0,54399.4,345.2,0.0,22928.583333333332,20460.75
1898,Красноармейский муниципальный район,Красноармейский,Самарская область,муниципальный район,52.70233821569076,49.921834827037735,3,0,0,0,15788.0,54573.0,334.8,0.0,23403.833333333332,20870.333333333332
1899,Красноярский муниципальный район,Красноярский,Самарская область,муниципальный район,53.59413071174264,50.40531044179967,0,1,0,0,56124.0,68328.3,354.0,0.44565604732378306,27300.916666666668,23689.833333333332
1900,Нефтегорский муниципальный район,Нефтегорский,Самарская область,муниципальный район,52.79865670222451,50.91459234247977,0,1,3,0,31958.0,56101.5,330.1,0.5586707553664184,28017.416666666668,23691.25
1901,Пестравский муниципальный район,Пестравский,Самарская область,муниципальный район,52.374144289247965,49.80136418874613,3,0,0,0,14513.0,57468.2,328.5,0.0,24502.0,20787.583333333332
1902,Похвистневский муниципальный район,Похвистневский,Самарская область,муниципальный район,53.70169613858634,51.96111100495571,3,0,0,0,25635.0,49082.1,345.9,0.0,22031.0,18134.75
1903,Приволжский муниципальный район,Приволжский,Самарская область,муниципальный район,52.950843921192416,48.696862452078314,3,0,0,0,21590.0,49714.2,319.0,0.0,24495.666666666668,21598.083333333332
1904,Сергиевский муниципальный район,Сергиевский,Самарская область,муниципальный район,53.89928427248578,51.06496803764136,3,1,1,3,43600.0,71418.9,343.1,0.3000688073394495,24104.833333333332,22277.666666666668
1905,Ставропольский муниципальный район,Ставропольский,Самарская область,муниципальный район,53.551985840834575,49.49102458325645,0,1,2,0,88162.0,67602.8,639.7,0.0,33706.5,27185.333333333332
1906,Сызранский муниципальный район,Сызранский,Самарская область,муниципальный район,53.26702105808296,48.425197164806605,3,1,0,0,23295.0,56574.0,444.9,0.2154539600772698,27544.0,22711.833333333332
1907,Хворостянский муниципальный район,Хворостянский,Самарская область,муниципальный район,52.66953181392004,49.04098070554346,3,0,0,0,15789.0,52156.5,324.2,0.0,23904.833333333332,20638.583333333332
1908,Челно-Вершинский муниципальный район,Челно-Вершинский,Самарская область,муниципальный район,54.39348643145275,51.08942702483743,3,0,0,0,14451.0,48023.3,340.5,0.0,21450.083333333332,18496.333333333332
1909,Шенталинский муниципальный район,Шенталинский,Самарская область,муниципальный район,54.41577704548517,51.564090686473506,3,0,0,0,12565.0,49451.8,340.7,0.0,21907.25,19288.5
1910,Шигонский муниципальный район,Шигонский,Самарская область,муниципальный район,53.49337914146515,48.77683227903158,3,0,0,0,19272.0,56364.0,349.0,0.0,23225.083333333332,19802.666666666668
1912,городской округ город Шиханы,Шиханы,Саратовская область,городской округ,52.12047581905229,47.20895691917966,3,1,0,0,4872.0,50635.5,341.4,1.0,27943.666666666668,23842.0
1915,Александрово-Гайский муниципальный район,Александрово-Гайский,Саратовская область,муниципальный район,50.15020058879715,48.48947280429602,3,0,0,0,14280.0,50824.1,300.4,0.0,20576.25,17734.75
1916,Аркадакский муниципальный район,Аркадакский,Саратовская область,муниципальный район,51.89902950048712,43.641143320426785,3,0,0,0,19018.0,44492.7,347.3,0.5586286675780839,21738.333333333332,19095.666666666668
1917,Аткарский муниципальный район,Аткарский,Саратовская область,муниципальный район,51.87105207470724,44.96910827921537,3,1,0,1,33425.0,47933.4,345.0,0.6484667165295438,22088.75,19619.25
1918,Базарно-Карабулакский муниципальный район,Базарно-Карабулакский,Саратовская область,муниципальный район,52.28846025624792,46.37789843240074,3,0,0,0,24991.0,41671.5,344.7,0.42063142731383296,19454.5,17325.833333333332
1919,Балаковский муниципальный район,Балаковский,Саратовская область,муниципальный район,51.92222635850762,47.901607811768955,0,4,0,0,200241.0,72660.5,337.2,0.9075264306510654,30811.916666666668,26274.083333333332
1920,Балашовский муниципальный район,Балашовский,Саратовская область,муниципальный район,51.531541227859705,43.217206772825264,3,1,1,0,99921.0,47550.6,347.8,0.7589896017854105,26273.333333333332,22158.166666666668
1921,Балтайский муниципальный район,Балтайский,Саратовская область,муниципальный район,52.48728004062599,46.66115170405061,3,0,0,0,9850.0,39974.2,343.6,0.0,21020.166666666668,18577.166666666668
1922,Вольский муниципальный район,Вольский,Саратовская область,муниципальный район,52.264371672234,47.29050707096047,0,1,0,0,80407.0,49672.8,340.0,0.7592125063738232,26779.916666666668,22628.916666666668
1923,Воскресенский муниципальный район,Воскресенский,Саратовская область,муниципальный район,51.88897339009012,46.66560033024295,3,0,0,0,10854.0,47934.7,336.5,0.0,18937.083333333332,17612.416666666668
1924,Дергачевский муниципальный район,Дергачевский,Саратовская область,муниципальный район,51.1038608337278,48.89414208422852,3,0,0,0,15660.0,38847.0,318.1,0.4614942528735632,19421.333333333332,17216.5
1925,Духовницкий муниципальный район,Духовницкий,Саратовская область,муниципальный район,52.423432635104426,48.442802504343625,3,0,0,0,9856.0,49765.8,324.4,0.4476461038961039,20531.583333333332,18371.583333333332
1926,Екатериновский муниципальный район,Екатериновский,Саратовская область,муниципальный район,52.105775427488325,44.45105468651918,3,0,0,0,16296.0,47785.6,346.2,0.35008591065292094,21719.083333333332,19351.083333333332
1927,Ершовский муниципальный район,Ершовский,Саратовская область,муниципальный район,51.31639275935012,48.20387720624154,3,1,0,3,30920.0,53668.0,325.9,0.5565329883570505,20933.0,18580.0
1928,Ивантеевский муниципальный район,Ивантеевский,Саратовская область,муниципальный район,52.27496415364068,49.27189963786536,3,0,0,0,12313.0,43334.6,331.1,0.0,22045.833333333332,19367.666666666668
1929,Калининский муниципальный район,Калининский,Саратовская область,муниципальный район,51.46682300407326,44.30440189205432,3,0,0,0,26679.0,47516.0,342.6,0.5484463435661007,21338.166666666668,19145.916666666668
1930,Красноармейский муниципальный район,Красноармейский,Саратовская область,муниципальный район,50.92576648449805,45.57304181677912,3,0,0,4,40536.0,43374.0,338.8,0.579213538582988,23229.166666666668,20135.0
1931,Краснокутский муниципальный район,Краснокутский,Саратовская область,муниципальный район,50.901013792593226,46.966942507210064,3,1,0,4,30318.0,47620.4,325.4,0.4499307342172967,22823.916666666668,19220.0
1932,Краснопартизанский муниципальный район,Краснопартизанский,Саратовская область,муниципальный район,51.70274828155251,48.73862670782812,3,0,0,0,8776.0,41997.3,328.2,0.46456244302643573,20410.25,18054.166666666668
1933,Лысогорский муниципальный район,Лысогорский,Саратовская область,муниципальный район,51.40518217018536,45.00703770701712,3,0,0,0,17228.0,48388.2,342.6,0.3879150220571163,21010.333333333332,18319.416666666668
1934,Марксовский муниципальный район,Марксовский,Саратовская область,муниципальный район,51.656172372458286,47.130180307211994,3,1,0,0,57354.0,48052.8,342.9,0.49567597726400947,24433.666666666668,20855.5
1935,Новобурасский муниципальный район,Новобурасский,Саратовская область,муниципальный район,52.11856680556251,46.00378851122583,3,0,0,0,14824.0,43299.4,346.9,0.3855909336211549,19867.666666666668,17675.666666666668
1936,Новоузенский муниципальный район,Новоузенский,Саратовская область,муниципальный район,50.567032848968,48.22989285808487,3,1,0,0,26367.0,39927.4,308.1,0.5665035840254864,21057.666666666668,18310.833333333332
1937,Озинский муниципальный район,Озинский,Саратовская область,муниципальный район,51.40780723373266,49.804547925899946,3,0,0,0,14262.0,39996.7,313.3,0.516827934371056,21740.083333333332,19411.916666666668
1938,Перелюбский муниципальный район,Перелюбский,Саратовская область,муниципальный район,51.858602435702025,50.15898400621221,3,0,0,0,10960.0,45244.7,320.0,0.0,20177.416666666668,18018.916666666668
1939,Петровский муниципальный район,Петровский,Саратовская область,муниципальный район,52.227021132753585,45.363196079682936,3,1,0,0,36094.0,47805.9,349.2,0.7082617609574998,21149.0,18530.916666666668
1940,Питерский муниципальный район,Питерский,Саратовская область,муниципальный район,50.67486820331444,47.4675292411618,3,0,0,0,14503.0,37833.4,315.9,0.0,20877.166666666668,17896.666666666668
1941,Пугачевский муниципальный район,Пугачевский,Саратовская область,муниципальный район,51.95890663595472,49.05402929463286,3,1,0,2,54377.0,45150.5,331.5,0.7247917317983706,23870.583333333332,20502.416666666668
1942,Ровенский муниципальный район,Ровенский,Саратовская область,муниципальный район,50.81391038465295,46.26227674541402,3,0,0,0,16346.0,40355.1,328.2,0.2726660956809005,19668.666666666668,17531.5
1943,Романовский муниципальный район,Романовский,Саратовская область,муниципальный район,51.777182777899895,42.81956085867982,3,0,0,0,12117.0,39097.0,348.1,0.47000082528678716,19542.083333333332,17678.75
1944,Ртищевский муниципальный район,Ртищевский,Саратовская область,муниципальный район,52.245538430000195,43.70085174255699,3,1,0,0,50179.0,49550.0,352.5,0.7397516889535463,22341.5,19624.0
1945,Самойловский муниципальный район,Самойловский,Саратовская область,муниципальный район,51.24250325903373,43.63024014532011,3,0,0,0,15904.0,38548.4,340.5,0.40071680080482897,20514.916666666668,17878.083333333332
1947,Советский муниципальный район,Советский,Саратовская область,муниципальный район,51.3104495086218,46.90413381569874,3,1,0,0,24242.0,50621.3,334.1,0.7074498803729066,21813.25,19776.833333333332
1948,Татищевский муниципальный район,Татищевский,Саратовская область,муниципальный район,51.773915521365595,45.61522335407934,3,1,0,4,27609.0,54763.5,350.6,0.25520663551740375,22128.416666666668,19500.083333333332
1949,Турковский муниципальный район,Турковский,Саратовская область,муниципальный район,52.101251887527646,43.081449497583435,3,0,0,0,9477.0,40761.0,345.5,0.5448981745278042,22137.75,19099.583333333332
1950,Федоровский муниципальный район,Федоровский,Саратовская область,муниципальный район,51.24120457583985,47.57902346754553,3,1,0,3,16427.0,47657.8,329.4,0.33986729165398427,20780.833333333332,18022.25
1951,Хвалынский муниципальный район,Хвалынский,Саратовская область,муниципальный район,52.51854371217619,47.94824997178717,3,0,0,0,20628.0,41161.3,341.0,0.5745588520457631,22423.25,19619.916666666668
1952,Энгельсский муниципальный район,Энгельсский,Саратовская область,муниципальный район,51.3272110756945,46.31450656702862,0,4,0,0,304713.0,59289.0,358.0,0.837381404797301,31655.833333333332,27004.0
1954,городской округ Александровск-Сахалинский район,Александровск-Сахалинский,Сахалинская область,городской округ,51.15100974179345,142.04126700114708,1,2,0,0,9868.0,96625.0,126.3,0.8795095257397649,35756.5,33612.0
1955,городской округ Анивский,Анивский,Сахалинская область,городской округ,46.365142595468065,142.35962987273265,1,2,0,0,20975.0,108286.4,134.6,0.46178784266984507,42333.916666666664,41180.166666666664
1956,городской округ Долинский,Долинский,Сахалинская область,городской округ,47.50421945294977,142.73530933788882,1,2,0,0,22145.0,106257.6,133.4,0.5346579363287424,31655.083333333332,33773.166666666664
1957,городской округ Корсаковский,Корсаковский,Сахалинская область,городской округ,46.52181798471968,143.33535251443652,1,2,0,6,39675.0,128090.6,133.9,0.8348582230623819,42375.833333333336,39374.75
1958,городской округ Курильский,Курильский,Сахалинская область,городской округ,45.74270363826499,149.34853736256142,1,3,0,4,6956.0,149723.6,134.4,0.3652961472110408,56757.833333333336,49591.916666666664
1959,городской округ Макаровский,Макаровский,Сахалинская область,городской округ,48.509631868288075,142.7578121557009,1,2,0,0,6778.0,95628.8,130.6,0.8208911183239894,31307.75,33628.166666666664
1960,городской округ Невельский,Невельский,Сахалинская область,городской округ,46.31393160838951,141.65821522852158,1,2,0,0,15099.0,108694.7,134.1,0.6999139015828862,34832.083333333336,34150.333333333336
1961,городской округ Ногликский,Ногликский,Сахалинская область,городской округ,51.82927693170201,143.11451187967913,1,3,0,0,11222.0,192734.4,125.4,0.9154339689894849,48174.416666666664,43242.5
1962,городской округ Охинский,Охинский,Сахалинская область,городской округ,53.32004763804534,142.49989190743895,1,3,0,0,21086.0,126841.9,122.8,0.9279142559043916,45801.5,41929.0
1963,городской округ Поронайский,Поронайский,Сахалинская область,городской округ,49.22605435137817,143.88294417737873,1,2,0,0,20376.0,93411.3,129.4,0.855565371024735,35821.416666666664,34573.083333333336
1965,городской округ Смирныховский,Смирныховский,Сахалинская область,городской округ,50.11580610625783,143.14166919901427,1,2,0,0,11238.0,94562.8,128.5,0.7396333867236163,31681.0,30411.916666666668
1966,городской округ Томаринский,Томаринский,Сахалинская область,городской округ,48.15381664038312,142.1145100978956,1,2,0,0,8177.0,102967.7,132.7,0.5152256328726917,31929.083333333332,29601.833333333332
1967,городской округ Тымовский,Тымовский,Сахалинская область,городской округ,50.83333972089175,142.7579167840754,1,2,0,0,14336.0,101926.2,126.8,0.607421875,37979.416666666664,36354.25
1968,городской округ Углегорский,Углегорский,Сахалинская область,городской округ,49.18833103203207,142.0829264120472,1,3,0,0,16020.0,147821.8,129.9,0.8685393258426967,41545.25,37136.5
1969,городской округ Холмский,Холмский,Сахалинская область,городской округ,47.2212779436224,142.0371074020374,1,2,0,0,32754.0,108750.4,135.5,0.7597240031751847,33676.333333333336,33866.666666666664
1970,городской округ Южно-Курильский,Южно-Курильский,Сахалинская область,городской округ,43.93983242272904,146.19842565549826,1,3,0,0,11480.0,153313.4,134.6,0.6082752613240419,55860.0,48291.916666666664
1971,городской округ город Екатеринбург,Екатеринбург,Свердловская область,городской округ,56.79000131287617,60.53892711086146,2,4,1,0,1580109.0,101589.0,298.5,0.9722006519803381,42064.333333333336,35950.333333333336
1972,городской округ город Алапаевск,Алапаевск,Свердловская область,городской округ,57.79511334550805,61.41527553918403,0,4,0,1,41048.0,56865.1,295.2,0.8754141492886377,30442.166666666668,25528.833333333332
1973,городской округ Артемовский,Артемовский,Свердловская область,городской округ,57.38753265585638,62.019442939924254,0,4,0,1,52119.0,59481.7,293.3,0.549799497304246,28019.5,24229.833333333332
1974,городской округ Асбестовский,Асбестовский,Свердловская область,городской округ,57.06503727789495,61.50363901782888,0,4,0,0,58293.0,62189.6,299.6,0.9630487365549895,34197.75,29131.25
1975,городской округ Малышевский,Малышевский,Свердловская область,городской округ,57.10405249092745,61.4060250551669,0,1,2,2,9499.0,68613.5,297.0,0.882724497315507,27590.0,26767.75
1976,городской округ Рефтинский,Рефтинский,Свердловская область,городской округ,57.08373868341874,61.66850886920013,0,4,0,3,15137.0,90919.5,296.6,1.0,30646.75,26878.666666666668
1977,городской округ Березовский,Березовский,Свердловская область,городской округ,57.02180527634216,61.00349739979783,0,4,0,0,76770.0,74891.5,324.0,0.7874299856714863,38716.166666666664,32494.833333333332
1978,городской округ Богданович,Богданович,Свердловская область,городской округ,56.70284673474718,62.09388390956448,0,4,0,0,43489.0,64660.1,299.6,0.6845409183931569,31660.666666666668,26842.416666666668
1979,городской округ Верхняя Пышма,Верхняя Пышма,Свердловская область,городской округ,57.143145362536146,60.601580899248766,0,4,0,0,90810.0,121612.1,324.2,0.8392027309767647,40875.25,34567.083333333336
1980,городской округ Среднеуральск,Среднеуральск,Свердловская область,городской округ,56.996880205363254,60.456051847959415,0,4,0,0,25139.0,85577.2,321.1,0.9503560205258761,31276.166666666668,28578.916666666668
1981,городской округ Верхнесалдинский,Верхнесалдинский,Свердловская область,городской округ,58.16522360870487,60.75362853986125,0,4,0,0,41952.0,80504.6,292.6,0.9566170861937452,33692.166666666664,30458.25
1982,городской округ Заречный,Заречный,Свердловская область,городской округ,56.825036949977864,61.268874818817146,0,4,0,0,31897.0,92315.7,307.4,0.8974511709565163,33756.583333333336,29557.666666666668
1983,городской округ Ивдельский,Ивдельский,Свердловская область,городской округ,60.993600939370445,60.67693052775894,0,1,0,3,17176.0,76838.7,257.4,0.8072892408011179,32047.083333333332,27251.416666666668
1984,городской округ Пелым,Пелым,Свердловская область,городской округ,60.9906445650708,62.22285882188212,0,1,2,0,3418.0,102305.9,249.6,0.8267992978349912,28070.5,23864.833333333332
1985,городской округ город Ирбит,Ирбит,Свердловская область,городской округ,57.641960857696816,63.02425003589005,0,4,0,0,36505.0,57882.8,297.8,1.0,31379.75,26610.666666666668
1986,городской округ город Каменск-Уральский,Каменск-Уральский,Свердловская область,городской округ,56.40245407112725,61.93618592277411,0,4,0,0,163501.0,78639.4,316.2,0.9852233319673885,34621.166666666664,29339.666666666668
1987,городской округ Камышловский,Камышловский,Свердловская область,городской округ,56.83304145197096,62.72064747283251,0,4,0,0,26765.0,60568.7,306.3,1.0,29049.416666666668,25112.083333333332
1988,городской округ Карпинск,Карпинск,Свердловская область,городской округ,59.7016963085826,59.208028046131815,0,1,0,1,26968.0,64332.3,270.6,0.9349599525363393,28892.75,26957.25
1989,городской округ Волчанский,Волчанский,Свердловская область,городской округ,59.96980211657386,60.058022690541584,0,1,3,0,8570.0,59169.4,268.5,0.9773628938156359,28717.75,25007.083333333332
1990,городской округ Качканарский,Качканарский,Свердловская область,городской округ,58.708671802878726,59.467997102996,0,3,2,0,38418.0,84160.7,292.1,0.9517153417668801,33622.5,28831.666666666668
1991,городской округ Кировградский,Кировградский,Свердловская область,городской округ,57.47986617252333,59.93558746755521,0,4,0,0,23721.0,68445.2,303.0,0.7731124320222588,29602.166666666668,25695.833333333332
1992,городской округ Верхний Тагил,Верхний Тагил,Свердловская область,городской округ,57.32297252033117,59.90875298453462,0,1,0,1,10991.0,63572.3,302.7,0.8988263124374488,28157.5,24454.25
1993,городской округ Краснотурьинск,Краснотурьинск,Свердловская область,городской округ,59.73579696545798,60.237034859179374,0,4,0,0,58850.0,75733.3,271.1,0.9428547153780799,36341.0,31540.25
1994,городской округ Красноуральск,Красноуральск,Свердловская область,городской округ,58.35141607653328,60.25302758218747,0,4,0,3,21994.0,77467.3,293.3,0.9711739565336001,27582.0,24490.083333333332
1995,городской округ Красноуфимск,Красноуфимск,Свердловская область,городской округ,56.56866804871101,57.66528922364219,0,4,0,0,37866.0,74010.3,323.0,0.9871652669941372,29853.0,25071.5
1996,городской округ Кушвинский,Кушвинский,Свердловская область,городской округ,58.24066522810545,59.4787155426318,0,4,0,1,35844.0,71488.4,294.9,0.7407376408882937,26896.0,23744.416666666668
1997,городской округ Верхняя Тура,Верхняя Тура,Свердловская область,городской округ,58.406875542750704,59.69745008402781,0,4,0,1,8418.0,77512.3,295.6,1.0,28188.666666666668,24815.5
1999,городской округ Невьянский,Невьянский,Свердловская область,городской округ,57.39672839519133,60.3773009070173,0,4,0,0,37190.0,75222.0,303.0,0.5929013175584834,32147.75,27239.333333333332
2000,городской округ город Нижний Тагил,Нижний Тагил,Свердловская область,городской округ,57.768887487206406,59.306982491192755,0,4,0,0,333179.0,79610.3,303.0,0.9919802868728221,37350.916666666664,31364.666666666668
2001,городской округ Нижняя Салда,Нижняя Салда,Свердловская область,городской округ,58.11260787005226,60.950946031597745,0,1,0,1,16275.0,62956.5,291.1,0.989984639016897,30182.75,26380.916666666668
2002,городской округ Нижнетуринский,Нижнетуринский,Свердловская область,городской округ,58.76669861282885,59.7818400561377,0,4,0,0,21907.0,67976.0,291.9,0.808326105810928,30379.916666666668,26431.0
2004,городской округ Первоуральск,Первоуральск,Свердловская область,городской округ,56.977778569891385,59.7416454407752,0,4,0,0,130039.0,79425.9,313.1,0.8593652673428741,34496.25,29049.5
2005,городской округ Полевской,Полевской,Свердловская область,городской округ,56.411936281260225,60.17422822308313,0,4,0,0,59979.0,75830.5,308.6,0.8961136397739209,35562.0,30108.583333333332
2006,городской округ Ревда,Ревда,Свердловская область,городской округ,56.61874426088807,59.8964477997449,0,4,0,0,60262.0,83436.2,313.1,0.9796555042978992,35147.25,29738.583333333332
2007,городской округ Дегтярск,Дегтярск,Свердловская область,городской округ,56.702500918214,60.10157782927066,0,1,1,0,14941.0,54823.3,312.2,0.9951810454454186,26077.5,24925.75
2008,городской округ Режевской,Режевской,Свердловская область,городской округ,57.402973376496945,61.24130076784905,0,4,0,0,45338.0,68749.4,298.5,0.7990427455997177,30413.833333333332,25506.166666666668
2009,городской округ Североуральский,Североуральский,Свердловская область,городской округ,60.34730086788415,59.73931885032764,0,3,2,2,35125.0,74651.5,264.9,0.6796014234875445,31544.166666666668,28742.333333333332
2010,городской округ Серовский,Серовский,Свердловская область,городской округ,59.71610126685028,60.97378957032898,0,4,0,0,98415.0,74232.0,273.7,0.9383630544124372,33670.5,27862.166666666668
2011,городской округ Сухой Лог,Сухой Лог,Свердловская область,городской округ,57.01262276655454,62.058352464933414,0,4,0,0,46498.0,74281.6,296.8,0.6979009849886016,31157.583333333332,27077.916666666668
2012,городской округ Тавдинский,Тавдинский,Свердловская область,городской округ,58.16320558408439,65.36044253055418,0,1,0,1,35602.0,52608.5,269.4,0.9003988539969665,26726.5,25002.166666666668
2015,городской округ Алапаевское,Алапаевское,Свердловская область,городской округ,57.95798684179934,61.903151902351816,0,1,0,0,22842.0,60835.5,300.8,0.41012170562997985,26892.583333333332,23782.666666666668
2017,городской округ Артинский,Артинский,Свердловская область,городской округ,56.34881721055081,58.51076333285841,3,0,0,2,24973.0,51459.1,308.1,0.4621791534857646,24250.916666666668,21339.25
2018,городской округ Ачитский,Ачитский,Свердловская область,городской округ,56.845345409170974,58.15292767413406,0,1,1,0,13693.0,64903.7,311.2,0.33601110056233113,21314.166666666668,20940.0
2019,городской округ Белоярский,Белоярский,Свердловская область,городской округ,56.690033399594725,61.333812793611266,0,1,0,0,33349.0,67794.2,308.1,0.3867582236348916,29916.333333333332,26106.75
2021,городской округ Верхотурский,Верхотурский,Свердловская область,городской округ,58.70748164783544,61.13777499843202,3,1,0,6,13374.0,58918.1,280.0,0.48706445341707794,27520.916666666668,24454.916666666668
2022,городской округ Гаринский,Гаринский,Свердловская область,городской округ,59.73414766261662,62.736547074925475,3,0,0,8,2442.0,76557.2,259.7,0.7891072891072891,22752.333333333332,21224.25
2023,городской округ Ирбитское,Ирбитское,Свердловская область,городской округ,57.61041509794557,62.87841136315687,3,0,0,3,26013.0,59483.3,303.4,0.118748318148618,24008.75,22084.083333333332
2024,городской округ Каменский,Каменский,Свердловская область,городской округ,56.4290578326867,61.774885125197954,0,1,0,0,26362.0,56177.8,399.8,0.14592974736362946,31525.333333333332,26705.083333333332
2025,городской округ Красноуфимский округ,Красноуфимский,Свердловская область,городской округ,56.49768785003679,57.70201858114538,3,2,5,6,22803.0,51932.3,331.1,0.06494759461474367,25100.333333333332,21330.916666666668
2027,городской округ Бисертский,Бисертский,Свердловская область,городской округ,56.87550852336512,59.02174793715346,0,1,1,0,9456.0,48978.2,308.9,0.9640439932318104,26019.5,22112.583333333332
2028,городской округ Новолялинский,Новолялинский,Свердловская область,городской округ,59.20072151416016,59.977330748194206,0,1,3,0,18687.0,52468.4,281.7,0.563011719377107,27582.25,24092.916666666668
2030,городской округ Пышминский,Пышминский,Свердловская область,городской округ,56.87388665764159,63.19110017180242,3,1,0,2,18498.0,53137.8,289.0,0.4920531949399935,26553.5,23422.333333333332
2031,городской округ Сосьвинский,Сосьвинский,Свердловская область,городской округ,59.0480972372362,61.85436186980607,3,1,0,0,12459.0,68694.0,264.7,0.5499638815314231,27976.583333333332,24839.5
2032,городской округ Сысертский,Сысертский,Свердловская область,городской округ,56.44235343560771,60.81348376260139,0,4,0,0,65368.0,71343.5,311.2,0.3121251988740668,35329.333333333336,29067.416666666668
2033,городской округ Арамильский,Арамильский,Свердловская область,городской округ,56.6963251731731,60.876460759895075,0,4,0,0,23609.0,79463.7,319.5,0.8563683341098733,35669.833333333336,30011.75
2034,городской округ Талицкий,Талицкий,Свердловская область,городской округ,56.92398111843126,63.78053150385264,0,1,0,0,39733.0,56097.7,284.8,0.36481010746734455,27232.25,24147.583333333332
2035,городской округ Тугулымский,Тугулымский,Свердловская область,городской округ,57.05425193460864,64.59017823584496,3,0,0,4,17096.0,50712.1,283.4,0.3012400561534862,24813.916666666668,21909.583333333332
2036,городской округ Туринский,Туринский,Свердловская область,городской округ,58.19859771636685,63.57406429420995,3,1,1,0,23655.0,52992.1,277.0,0.6993024730500951,26144.166666666668,22954.333333333332
2037,городской округ Шалинский,Шалинский,Свердловская область,городской округ,57.33420817233898,58.58840710562941,3,0,0,0,16263.0,49926.3,300.8,0.3688741314640595,23716.666666666668,20933.916666666668
2039,Байкаловский муниципальный район,Байкаловский,Свердловская область,муниципальный район,57.477618637438304,63.685976265170986,3,0,0,0,14422.0,53780.1,281.9,0.0,25901.75,23278.25
2040,Камышловский муниципальный район,Камышловский,Свердловская область,муниципальный район,56.870200796622576,62.69799195673408,3,2,0,1,20537.0,52378.1,310.0,0.0,33724.166666666664,29044.75
2041,Слободо-Туринский муниципальный район,Слободо-Туринский,Свердловская область,муниципальный район,57.60609877644105,64.45396000059424,3,0,0,0,11664.0,53489.2,277.7,0.0,25684.0,23111.083333333332
2042,Нижнесергинский муниципальный район,Нижнесергинский,Свердловская область,муниципальный район,56.60022218912638,59.14709260123725,0,1,1,0,37356.0,61036.3,307.9,0.7717368026555306,26833.833333333332,23674.5
2043,Таборинский муниципальный район,Таборинский,Свердловская область,муниципальный район,58.82686886280737,64.44493872059887,3,0,0,0,2677.0,50324.4,259.5,0.0,25639.166666666668,21410.166666666668
2044,городской округ город Смоленск,Смоленск,Смоленская область,городской округ,54.79152762194041,32.02281114925385,0,4,0,0,310645.0,68443.7,371.0,1.0,36075.75,30855.916666666668
2045,городской округ город Десногорск,Десногорск,Смоленская область,городской округ,54.17510224532043,33.300637677238974,0,4,0,0,24684.0,87361.0,337.4,0.9973262032085561,34459.166666666664,28858.916666666668
2046,Велижский муниципальный район,Велижский,Смоленская область,муниципальный район,55.58725535416414,31.278612840517138,3,0,0,0,8848.0,43608.9,319.2,0.6786844484629295,22327.666666666668,19911.75
2047,Вяземский муниципальный район,Вяземский,Смоленская область,муниципальный район,55.196213905827086,34.265801397301885,0,1,0,2,69941.0,60265.2,370.0,0.7236241975379248,32035.833333333332,26851.916666666668
2048,Гагаринский муниципальный район,Гагаринский,Смоленская область,муниципальный район,55.65128772925373,34.977255281209864,0,1,0,2,39257.0,77713.3,387.0,0.6463560638866954,32833.25,27343.666666666668
2049,Глинковский муниципальный район,Глинковский,Смоленская область,муниципальный район,54.6558047922484,32.8147383051652,3,0,0,0,3397.0,47232.3,336.7,0.0,22086.833333333332,19968.5
2050,Демидовский муниципальный район,Демидовский,Смоленская область,муниципальный район,55.40342751673463,31.70453517819205,3,0,0,0,10717.0,39952.1,326.8,0.6957170850051321,21119.166666666668,18164.25
2051,Дорогобужский муниципальный район,Дорогобужский,Смоленская область,муниципальный район,54.8719875636512,33.34718064329822,0,1,0,0,23563.0,71388.1,345.7,0.8254042354538895,30032.25,25569.083333333332
2052,Духовщинский муниципальный район,Духовщинский,Смоленская область,муниципальный район,55.38028361775982,32.32026034860378,3,0,0,4,13641.0,50272.8,340.0,0.6325782567260465,24491.916666666668,20797.25
2053,Ельнинский муниципальный район,Ельнинский,Смоленская область,муниципальный район,54.525644476587054,33.30904549146399,3,0,0,3,10930.0,44343.3,340.0,0.7237877401646844,25093.0,21388.916666666668
2054,Ершичский муниципальный район,Ершичский,Смоленская область,муниципальный район,53.62617365792518,32.73286855080011,3,0,0,0,5052.0,40367.3,327.7,0.0,21267.583333333332,18029.583333333332
2055,Кардымовский муниципальный район,Кардымовский,Смоленская область,муниципальный район,54.87904673567709,32.44231702940066,3,1,0,0,10664.0,53651.1,339.1,0.41663540885221306,23009.25,20383.0
2056,Краснинский муниципальный район,Краснинский,Смоленская область,муниципальный район,54.5670589431776,31.42543237417173,3,0,0,0,10187.0,43346.9,324.4,0.33611465593403356,20727.25,18507.25
2057,Монастырщинский муниципальный район,Монастырщинский,Смоленская область,муниципальный район,54.32303796524785,31.75657529081422,3,0,0,0,7769.0,43381.2,325.9,0.4024971038743725,19510.25,17471.916666666668
2058,Новодугинский муниципальный район,Новодугинский,Смоленская область,муниципальный район,55.617587577825695,34.08222978034403,3,0,0,0,7059.0,40534.1,366.0,0.0,24354.25,21454.0
2059,Починковский муниципальный район,Починковский,Смоленская область,муниципальный район,54.35866266575195,32.54331475443191,3,0,0,3,24335.0,50576.0,332.5,0.30207520032874463,24863.75,21541.75
2060,Рославльский муниципальный район,Рославльский,Смоленская область,муниципальный район,54.043473720643675,33.11167198299632,0,1,0,0,59934.0,53933.4,335.3,0.7273334000734141,27281.25,24069.083333333332
2061,Руднянский муниципальный район,Руднянский,Смоленская область,муниципальный район,55.0344231487717,31.124868111273273,3,1,0,2,20478.0,46800.5,322.6,0.5540580134778788,22395.416666666668,20012.666666666668
2062,Сафоновский муниципальный район,Сафоновский,Смоленская область,муниципальный район,55.20833920720867,33.432146180511474,0,1,0,0,49887.0,54974.6,350.9,0.742778679816385,27920.25,24187.0
2063,Смоленский муниципальный район,Смоленский,Смоленская область,муниципальный район,54.861494271811786,31.83915052380134,2,5,2,1,61413.0,65632.8,534.1,0.0,36580.083333333336,30764.583333333332
2064,Сычевский муниципальный район,Сычевский,Смоленская область,муниципальный район,55.86575401124522,34.14545316015794,3,0,0,0,11980.0,52535.6,362.2,0.6234557595993322,26337.583333333332,22975.583333333332
2065,Темкинский муниципальный район,Темкинский,Смоленская область,муниципальный район,55.13538827748603,34.98003333617658,3,0,0,0,4146.0,42277.7,367.7,0.0,26555.916666666668,22531.416666666668
2066,Угранский муниципальный район,Угранский,Смоленская область,муниципальный район,54.76866086489883,34.310492621786025,3,0,0,0,6524.0,45267.7,358.2,0.0,25100.5,21481.583333333332
2067,Хиславичский муниципальный район,Хиславичский,Смоленская область,муниципальный район,54.13161174232102,32.131990966084196,3,0,0,0,6419.0,42242.5,326.1,0.4821623305810874,20819.75,18859.5
2068,Холм-Жирковский муниципальный район,Холм-Жирковский,Смоленская область,муниципальный район,55.53904497390743,33.283979881542535,3,0,0,0,7716.0,62154.1,351.1,0.3895800933125972,25074.25,20723.583333333332
2069,Шумячский муниципальный район,Шумячский,Смоленская область,муниципальный район,53.888304618461966,32.28233926381809,3,0,0,4,7974.0,39974.4,328.2,0.37559568597943316,20334.25,17782.5
2070,Ярцевский муниципальный район,Ярцевский,Смоленская область,муниципальный район,55.208455350291224,32.772200854339445,0,1,0,0,46827.0,55685.9,344.0,0.8612552587182608,28317.833333333332,23711.25
2072,городской округ город Кирсанов,Кирсанов,Тамбовская область,городской округ,52.65014825520072,42.75299069339369,0,1,0,0,15827.0,48888.3,371.0,1.0,23206.416666666668,20323.083333333332
2073,городской округ город Котовск,Котовск,Тамбовская область,городской округ,52.59112908536375,41.50474675176032,0,1,0,1,26128.0,59305.8,371.0,1.0,23714.5,21140.333333333332
2074,городской округ город Мичуринск,Мичуринск,Тамбовская область,городской округ,52.91673879346608,40.47352079451668,0,4,0,0,88785.0,60937.2,391.3,1.0,27308.416666666668,23303.333333333332
2075,городской округ город Моршанск,Моршанск,Тамбовская область,городской округ,53.44121073076295,41.80536292309739,0,1,0,2,38294.0,43097.5,388.4,1.0,24006.333333333332,20884.25
2076,городской округ город Рассказово,Рассказово,Тамбовская область,городской округ,52.65985559896462,41.89146732161909,0,4,0,2,46633.0,48163.7,385.1,1.0,24770.416666666668,20895.083333333332
2077,городской округ город Уварово,Уварово,Тамбовская область,городской округ,51.976858812544336,42.25209263807296,3,1,0,2,22986.0,46146.3,362.2,1.0,23863.75,20774.75
2078,Бондарский муниципальный округ,Бондарский,Тамбовская область,муниципальный округ,52.96419402127034,42.04329033596898,3,0,0,0,8210.0,46999.5,366.0,0.0,18084.583333333332,15906.083333333334
2079,Гавриловский муниципальный округ,Гавриловский,Тамбовская область,муниципальный округ,52.93648349700314,42.64672211906449,3,0,0,0,9164.0,55400.1,363.4,0.0,22105.083333333332,18818.916666666668
2080,Жердевский муниципальный округ,Жердевский,Тамбовская область,муниципальный округ,51.85010054810488,41.59126432026413,3,0,0,0,24844.0,64545.6,357.3,0.5456045725326034,23706.75,20678.666666666668
2081,Знаменский муниципальный округ,Знаменский,Тамбовская область,муниципальный округ,52.39650524357305,41.3016430797353,3,0,0,0,13674.0,53739.0,367.4,0.3900102384086588,21919.083333333332,19163.666666666668
2082,Инжавинский муниципальный округ,Инжавинский,Тамбовская область,муниципальный округ,52.32008886479562,42.525650320503985,3,0,0,1,17016.0,51231.2,358.4,0.4405265632346027,21820.833333333332,19066.166666666668
2085,Мордовский муниципальный округ,Мордовский,Тамбовская область,муниципальный округ,52.17583840019907,40.8185888022482,3,0,0,0,13380.0,48586.8,362.2,0.511509715994021,20943.666666666668,18897.333333333332
2087,Мучкапский муниципальный округ,Мучкапский,Тамбовская область,муниципальный округ,51.839378822180535,42.47178153038328,3,0,0,0,10669.0,44689.0,353.5,0.5367888274439966,21741.833333333332,18573.0
2088,Никифоровский муниципальный округ,Никифоровский,Тамбовская область,муниципальный округ,52.85938906336762,40.8456045565205,3,0,0,0,15378.0,52189.0,373.6,0.4274287943815841,20350.666666666668,18327.333333333332
2089,Первомайский муниципальный округ,Первомайский,Тамбовская область,муниципальный округ,53.20596515831055,40.34055879635257,3,0,0,0,23709.0,56790.7,377.3,0.43915812560630985,21307.25,19293.416666666668
2090,Петровский муниципальный округ,Петровский,Тамбовская область,муниципальный округ,52.56880534158517,40.39287917726598,3,0,0,0,13536.0,51120.9,371.2,0.0,20212.166666666668,18014.916666666668
2091,Пичаевский муниципальный округ,Пичаевский,Тамбовская область,муниципальный округ,53.21326988403991,42.19174960335995,3,0,0,0,10656.0,47307.8,366.0,0.0,20428.583333333332,17562.166666666668
2093,Ржаксинский муниципальный округ,Ржаксинский,Тамбовская область,муниципальный округ,52.15498725097175,41.98686501678907,3,0,0,0,14028.0,47048.8,359.4,0.31137724550898205,21616.666666666668,18661.083333333332
2094,Сампурский муниципальный округ,Сампурский,Тамбовская область,муниципальный округ,52.26546831919535,41.66140865969908,3,0,0,0,11610.0,48078.1,365.1,0.0,21247.083333333332,19001.5
2095,Сосновский муниципальный округ,Сосновский,Тамбовская область,муниципальный округ,53.20037440474131,41.2940405062615,3,0,0,0,24282.0,40100.6,367.4,0.30207561156412155,19649.0,17220.083333333332
2096,Староюрьевский муниципальный округ,Староюрьевский,Тамбовская область,муниципальный округ,53.36792010086109,40.71951485387969,3,0,0,0,11015.0,51813.6,371.0,0.0,20646.833333333332,18101.083333333332
2098,Токарёвский муниципальный округ,Токарёвский,Тамбовская область,муниципальный округ,52.01396705907598,41.17293759397638,3,0,0,0,15011.0,61793.1,360.3,0.42795283458796884,22010.416666666668,18928.166666666668
2100,Умётский муниципальный округ,Умётский,Тамбовская область,муниципальный округ,52.61192010694344,42.974517405885706,3,0,0,8,9405.0,48407.2,359.1,0.44082934609250396,21453.333333333332,18082.916666666668
2101,городской округ город Тверь,Тверь,Тверская область,городской округ,56.85144397596061,35.89918762182124,0,4,0,0,412994.0,65117.7,414.9,1.0,39147.333333333336,33421.833333333336
2105,городской округ Осташковский,Осташковский,Тверская область,городской округ,57.204339911357856,33.09493303315759,0,1,0,3,20992.0,52059.9,337.9,0.7640529725609756,30856.25,26804.0
2108,городской округ город Торжок,Торжок,Тверская область,городской округ,57.04645313284044,34.96597693583169,0,4,0,0,39503.0,52482.9,378.3,1.0,31769.833333333332,26767.333333333332
2109,городской округ Удомельский,Удомельский,Тверская область,городской округ,57.96247869081176,34.99515527574565,0,4,0,0,29515.0,83991.5,342.9,0.8519735727596137,33274.916666666664,29347.5
2110,муниципальный округ Андреапольский,Андреапольский,Тверская область,муниципальный округ,56.73378105113208,32.116868739242854,3,0,0,2,9731.0,40828.3,330.1,0.6690987565512281,28474.333333333332,24217.083333333332
2111,муниципальный округ Бежецкий,Бежецкий,Тверская область,муниципальный округ,57.730784467934086,36.55638515311917,3,1,0,0,30567.0,,359.6,0.6745182713383715,26314.416666666668,22687.083333333332
2112,муниципальный округ Бельский,Бельский,Тверская область,муниципальный округ,55.83143370410965,32.98983437599207,3,0,0,2,4852.0,37703.5,336.0,0.6213932399010718,24767.5,20173.833333333332
2113,муниципальный округ Бологовский,Бологовский,Тверская область,муниципальный округ,57.958170562019085,34.03892392064145,3,1,0,0,30273.0,,344.5,0.7027384137680441,28423.75,24199.166666666668
2114,муниципальный округ Весьегонский,Весьегонский,Тверская область,муниципальный округ,58.565414872996094,37.08880043095046,3,0,0,0,9486.0,37967.0,336.0,0.6336706725701033,24038.416666666668,20992.083333333332
2116,муниципальный округ Жарковский,Жарковский,Тверская область,муниципальный округ,55.89182426249638,32.191913725426495,3,0,0,0,3931.0,34026.2,327.7,0.696260493513101,23678.583333333332,20319.666666666668
2117,муниципальный округ Западнодвинский,Западнодвинский,Тверская область,муниципальный округ,56.1228751816967,31.83090851779918,3,0,0,2,11945.0,38152.2,333.9,0.7653411469233989,25881.0,21815.0
2118,муниципальный округ Зубцовский,Зубцовский,Тверская область,муниципальный округ,56.13745154683024,34.87281776693245,3,0,0,1,14191.0,44647.9,375.2,0.43464167430061307,25614.25,22047.75
2119,муниципальный округ Калининский,Калининский,Тверская область,муниципальный округ,56.77965501714518,35.89717310956968,0,1,2,0,59603.0,,572.6,0.08268040199318827,37669.25,31672.833333333332
2120,муниципальный округ Калязинский,Калязинский,Тверская область,муниципальный округ,57.089348217602314,37.98690769816291,3,1,0,0,18994.0,,389.1,0.6318311045593346,29179.583333333332,25179.916666666668
2121,городской округ Кашинский,Кашинский,Тверская область,городской округ,57.35107943181537,37.43680886264029,3,1,3,0,22713.0,44298.4,379.2,0.6020340774006075,26243.333333333332,22826.916666666668
2122,муниципальный округ Кесовогорский,Кесовогорский,Тверская область,муниципальный округ,57.56771158155001,37.28932745170683,3,1,0,0,7244.0,69657.2,367.9,0.5067642186637217,26772.416666666668,22857.833333333332
2124,муниципальный округ Конаковский,Конаковский,Тверская область,муниципальный округ,56.648008534081065,36.599403868116646,0,1,0,0,67829.0,,400.9,0.7546919459228354,33902.666666666664,28643.166666666668
2125,муниципальный округ Краснохолмский,Краснохолмский,Тверская область,муниципальный округ,58.1055151306794,37.21209234846118,3,0,0,0,8508.0,38926.4,351.6,0.5712270803949224,23109.25,19386.0
2126,муниципальный округ Кувшиновский,Кувшиновский,Тверская область,муниципальный округ,57.051060866991335,34.133530462215354,3,1,0,0,12610.0,,354.2,0.7107850911974624,27509.666666666668,24726.25
2127,муниципальный округ Лесной,Лесной,Тверская область,муниципальный округ,58.24484769219915,35.60561256517303,3,0,0,0,3827.0,36594.0,341.9,0.0,24100.166666666668,20018.416666666668
2128,муниципальный округ Лихославльский,Лихославльский,Тверская область,муниципальный округ,57.28130469919024,35.56353115867726,3,1,0,0,24344.0,43062.2,372.8,0.6096779493920473,25565.833333333332,22511.25
2129,муниципальный округ Максатихинский,Максатихинский,Тверская область,муниципальный округ,57.84288516407873,35.86025941041589,3,0,0,0,13807.0,37841.2,358.0,0.5372637068153835,24418.916666666668,20802.583333333332
2130,муниципальный округ Молоковский,Молоковский,Тверская область,муниципальный округ,58.16754066196081,36.64917176175815,3,0,0,2,3690.0,36728.6,348.3,0.4761517615176152,23622.5,20458.833333333332
2131,городской округ Нелидовский,Нелидовский,Тверская область,городской округ,56.25991280305763,32.749659162335185,0,1,0,0,22742.0,38418.2,342.6,0.7844516753143963,26918.833333333332,22864.833333333332
2132,муниципальный округ Оленинский,Оленинский,Тверская область,муниципальный округ,56.20804601841525,33.475905383960416,3,0,0,0,11371.0,32232.2,351.8,0.39952510773019084,25841.166666666668,21929.0
2133,муниципальный округ Пеновский,Пеновский,Тверская область,муниципальный округ,56.953370157931886,32.486591655255175,3,0,0,0,5051.0,35791.8,330.6,0.6311621461096812,27412.25,22898.833333333332
2134,муниципальный округ Рамешковский,Рамешковский,Тверская область,муниципальный округ,57.25515648081807,36.273289464062096,3,0,0,0,14777.0,42725.4,372.6,0.27576639371997025,23517.833333333332,21098.833333333332
2136,муниципальный округ Сандовский,Сандовский,Тверская область,муниципальный округ,58.388632060760635,36.37072232661484,3,0,0,2,4788.0,37497.3,340.3,0.6171679197994987,23794.583333333332,21125.333333333332
2137,муниципальный округ Селижаровский,Селижаровский,Тверская область,муниципальный округ,56.76078033021097,33.445857163717726,3,0,0,0,9920.0,39613.2,343.8,0.573891129032258,25262.416666666668,21853.083333333332
2138,муниципальный округ Сонковский,Сонковский,Тверская область,муниципальный округ,57.78085548740895,37.20943510090244,3,0,0,0,6439.0,36302.4,354.9,0.5274110886783662,23788.166666666668,21201.333333333332
2139,муниципальный округ Спировский,Спировский,Тверская область,муниципальный округ,57.464069022297146,35.181301486665255,3,0,0,0,8413.0,35453.5,356.8,0.6035896826340188,23896.416666666668,20566.333333333332
2140,муниципальный округ Старицкий,Старицкий,Тверская область,муниципальный округ,56.56586214824375,34.78165502360415,3,0,0,0,20834.0,43060.5,374.5,0.31866180282230966,25398.25,22252.416666666668
2142,муниципальный округ Торопецкий,Торопецкий,Тверская область,муниципальный округ,56.61803523972148,31.407749751520797,3,0,0,3,16137.0,,327.7,0.6810435644791473,28235.583333333332,23533.333333333332
2143,муниципальный округ Фировский,Фировский,Тверская область,муниципальный округ,57.48821371363536,33.67402355606407,3,0,0,2,7887.0,,339.6,0.498415113477875,25653.583333333332,21900.25
2144,городской округ город Томск,Томск,Томская область,городской округ,56.52755206134268,85.00720595650294,0,4,0,0,565753.0,90444.3,260.4,0.9640090286750579,38257.833333333336,32922.583333333336
2145,городской округ город Кедровый,Кедровый,Томская область,городской округ,57.56700397708312,79.83240897060449,3,1,0,6,2626.0,76099.6,197.6,0.6938309215536939,30754.416666666668,26805.083333333332
2146,городской округ город Стрежевой,Стрежевой,Томская область,городской округ,60.74891120409774,77.54643727828984,1,3,4,0,37478.0,102903.1,218.7,1.0,37095.666666666664,34262.916666666664
2148,Александровский муниципальный район,Александровский,Томская область,муниципальный район,60.160964097856,78.77460125672522,1,3,0,0,7233.0,126598.4,216.1,0.0,32100.75,27331.583333333332
2149,Асиновский муниципальный район,Асиновский,Томская область,муниципальный район,57.35405664718652,85.50707093276603,3,1,0,0,33342.0,51907.3,221.0,0.7386479515326015,25104.583333333332,22813.833333333332
2150,Бакчарский муниципальный район,Бакчарский,Томская область,муниципальный район,57.02164130046205,81.47598673036583,3,0,0,0,11191.0,62639.2,203.1,0.0,25190.583333333332,21580.75
2151,Верхнекетский муниципальный район,Верхнекетский,Томская область,муниципальный район,59.00858322557283,85.98750942475903,3,1,0,1,14438.0,65346.1,206.4,0.5353927136722538,27983.416666666668,24683.5
2152,Зырянский муниципальный район,Зырянский,Томская область,муниципальный район,56.76409373615109,87.03694372460428,3,0,0,0,11051.0,51218.0,219.8,0.0,21587.166666666668,19266.166666666668
2153,Каргасокский муниципальный район,Каргасокский,Томская область,муниципальный район,59.16829266034003,79.49999850625663,1,3,0,0,17438.0,101019.6,201.4,0.0,28057.833333333332,24697.333333333332
2154,Кожевниковский муниципальный район,Кожевниковский,Томская область,муниципальный район,56.14693868385065,83.62378545984014,3,0,0,0,20183.0,55490.7,229.0,0.0,22628.25,20190.0
2155,Колпашевский муниципальный район,Колпашевский,Томская область,муниципальный район,58.49732645276465,82.84212244134729,3,1,0,0,32143.0,78500.9,199.1,0.6252994431135862,29644.166666666668,25656.083333333332
2156,Кривошеинский муниципальный район,Кривошеинский,Томская область,муниципальный район,57.2567762458398,84.03190557231261,3,0,0,0,12022.0,64584.0,219.1,0.0,24387.833333333332,21945.5
2157,Молчановский муниципальный район,Молчановский,Томская область,муниципальный район,57.74885394247395,84.20035801212246,3,0,0,0,12103.0,69354.3,216.8,0.0,26099.166666666668,22789.0
2158,Парабельский муниципальный район,Парабельский,Томская область,муниципальный район,58.320943893850355,80.45309111400113,1,3,0,0,11379.0,115751.0,204.3,0.0,29674.916666666668,26184.583333333332
2159,Первомайский муниципальный район,Первомайский,Томская область,муниципальный район,57.72794111566933,86.71751665914289,3,0,0,0,16471.0,51540.8,220.3,0.0,23296.75,20690.0
2160,Тегульдетский муниципальный район,Тегульдетский,Томская область,муниципальный район,57.45857679137877,88.22781392570734,3,0,0,0,6463.0,70669.8,209.9,0.0,25505.25,22160.5
2161,Томский муниципальный район,Томский,Томская область,муниципальный район,56.61265929066949,85.04399585133523,0,1,0,0,89298.0,66370.5,453.4,0.0,39571.833333333336,33820.666666666664
2162,Чаинский муниципальный район,Чаинский,Томская область,муниципальный район,57.72982731392361,82.39401023518694,3,0,0,0,11633.0,69126.2,210.6,0.0,25145.416666666668,22292.5
2163,Шегарский муниципальный район,Шегарский,Томская область,муниципальный район,56.76838806778684,83.74880621433587,3,0,0,0,19646.0,50048.9,229.0,0.0,22920.666666666668,21618.833333333332
2164,городской округ город Тула,Тула,Тульская область,городской округ,54.23037942832849,37.54598760177647,0,4,0,0,538297.0,87275.6,404.0,0.8576900855847237,40271.833333333336,34280.666666666664
2165,городской округ город Алексин,Алексин,Тульская область,городской округ,54.45674965305136,37.148474242278866,0,4,0,0,69514.0,65671.5,409.4,0.8513968409241304,33603.333333333336,28343.333333333332
2167,городской округ город Донской,Донской,Тульская область,городской округ,53.97738692389366,38.34662830170812,0,4,0,0,62255.0,55751.0,401.2,1.0,30576.25,25194.083333333332
2168,городской округ город Ефремов,Ефремов,Тульская область,городской округ,53.16832970687952,38.26619999869583,0,4,0,0,56354.0,65612.1,379.0,0.6294495510522767,31688.166666666668,26547.083333333332
2169,городской округ город Новомосковск,Новомосковск,Тульская область,городской округ,54.1374307532945,38.44369933033782,0,4,0,0,129639.0,80775.1,401.2,0.9038560926881571,35154.083333333336,29826.583333333332
2171,Арсеньевский муниципальный район,Арсеньевский,Тульская область,муниципальный район,53.65449092040112,36.611550636156885,3,0,0,0,9159.0,48226.3,376.2,0.0,27042.083333333332,23877.333333333332
2172,Белевский муниципальный район,Белевский,Тульская область,муниципальный район,53.775025889443754,36.198875848372005,3,0,0,0,18494.0,57262.0,373.1,0.0,27511.583333333332,23818.25
2173,Богородицкий муниципальный район,Богородицкий,Тульская область,муниципальный район,53.71012938974869,38.19943349236311,3,1,0,0,49454.0,64849.9,394.8,0.0,29848.416666666668,25519.166666666668
2174,Веневский муниципальный район,Веневский,Тульская область,муниципальный район,54.4070227438965,38.221206104089525,3,1,0,0,33948.0,61582.5,414.2,0.0,27756.916666666668,24851.0
2175,Воловский муниципальный район,Воловский,Тульская область,муниципальный район,53.48339600651126,38.04844906393954,3,0,0,0,13746.0,71011.9,384.2,0.0,27497.583333333332,23350.75
2176,Дубенский муниципальный район,Дубенский,Тульская область,муниципальный район,54.15325266131933,36.985332151781144,3,0,0,7,14743.0,54710.0,395.5,0.0,26362.416666666668,22946.583333333332
2177,Заокский муниципальный район,Заокский,Тульская область,муниципальный район,54.66404810096004,37.46171767007569,3,1,0,0,26774.0,60987.6,430.7,0.0,34813.916666666664,29327.916666666668
2178,Каменский муниципальный район,Каменский,Тульская область,муниципальный район,53.251327772649375,37.73278741484668,3,0,0,0,8141.0,60127.2,372.8,0.0,25831.833333333332,21907.583333333332
2179,Кимовский муниципальный район,Кимовский,Тульская область,муниципальный район,53.83752766154177,38.66663573927836,3,1,0,0,38587.0,62210.4,399.1,0.0,26358.333333333332,22642.25
2180,Киреевский муниципальный район,Киреевский,Тульская область,муниципальный район,53.99051214053633,37.874878977148,3,1,0,0,73376.0,55658.2,398.8,0.0,27824.0,24387.25
2181,Куркинский муниципальный район,Куркинский,Тульская область,муниципальный район,53.4860566640989,38.57302349816413,3,0,0,0,10641.0,57155.1,378.7,0.0,26531.166666666668,22430.5
2182,Одоевский муниципальный район,Одоевский,Тульская область,муниципальный район,53.91501335920183,36.7481696682782,3,0,0,0,11804.0,55383.7,383.9,0.0,27220.75,23256.25
2183,Плавский муниципальный район,Плавский,Тульская область,муниципальный район,53.63250076507904,37.25317876227163,3,1,0,0,29592.0,56367.1,388.9,0.0,29191.583333333332,25683.833333333332
2184,Суворовский муниципальный район,Суворовский,Тульская область,муниципальный район,54.125446530843995,36.43128876786869,3,0,0,3,34424.0,59611.5,384.9,0.0,26895.166666666668,23175.666666666668
2185,Тепло-Огаревский муниципальный район,Тепло-Огаревский,Тульская область,муниципальный район,53.56640564046424,37.64580712679625,3,0,0,0,11101.0,50110.0,387.7,0.0,25630.416666666668,22414.833333333332
2186,Узловский муниципальный район,Узловский,Тульская область,муниципальный район,53.90840761414443,38.2540687888147,0,1,0,0,75414.0,74356.2,402.4,0.0,32454.916666666668,27126.833333333332
2187,Чернский муниципальный район,Чернский,Тульская область,муниципальный район,53.43188466778545,36.94996824457512,3,0,0,0,18218.0,55736.8,379.0,0.0,28535.5,24500.833333333332
2188,Щекинский муниципальный район,Щекинский,Тульская область,муниципальный район,53.911897455248045,37.386623775125464,0,1,0,0,101699.0,74387.0,402.6,0.0,34663.833333333336,28972.5
2189,Ясногорский муниципальный район,Ясногорский,Тульская область,муниципальный район,54.56906650145298,37.83688870637946,0,1,1,0,30348.0,85275.5,413.7,0.0,30713.0,26200.166666666668
2190,городской округ город Тюмень,Тюмень,Тюменская область,городской округ,57.18284834559583,65.55970191308104,2,4,1,0,861098.0,106290.0,337.9,1.0,44095.666666666664,38405.5
2191,городской округ Заводоуковский,Заводоуковский,Тюменская область,городской округ,56.51260028263316,66.79915477789409,0,4,0,2,47394.0,60984.4,273.2,0.5753048909144618,29298.666666666668,25707.083333333332
2192,городской округ город Ишим,Ишим,Тюменская область,городской округ,56.103341559811504,69.49285567296425,0,4,0,0,67329.0,64808.8,272.3,1.0,31945.083333333332,27178.5
2193,городской округ город Тобольск,Тобольск,Тюменская область,городской округ,58.22941308020524,68.34388447989978,0,4,0,0,102733.0,97335.7,264.7,0.9680823104552578,39194.75,33733.666666666664
2194,городской округ город Ялуторовск,Ялуторовск,Тюменская область,городской округ,56.65111534036338,66.30138725538312,0,4,0,0,38970.0,64096.2,283.8,1.0,29607.75,26086.833333333332
2195,Абатский муниципальный район,Абатский,Тюменская область,муниципальный район,56.25770950101838,70.46190838586682,3,0,0,0,18641.0,57922.5,256.4,0.0,25357.666666666668,22354.25
2196,Армизонский муниципальный район,Армизонский,Тюменская область,муниципальный район,55.97675183215008,67.62692369353732,3,0,0,0,9306.0,53701.3,261.9,0.0,25023.083333333332,22026.916666666668
2197,Аромашевский муниципальный район,Аромашевский,Тюменская область,муниципальный район,56.92385268889177,68.96994407380434,3,0,0,0,10235.0,55769.3,258.6,0.0,23991.25,20800.75
2198,Бердюжский муниципальный район,Бердюжский,Тюменская область,муниципальный район,55.76933754214373,68.50742151088104,3,0,0,0,10693.0,54815.8,262.8,0.0,25154.583333333332,22239.666666666668
2199,Вагайский муниципальный район,Вагайский,Тюменская область,муниципальный район,57.771233976993685,69.58221317777173,3,2,0,4,17835.0,59621.4,253.6,0.0,23789.666666666668,22702.666666666668
2200,Викуловский муниципальный район,Викуловский,Тюменская область,муниципальный район,56.91655850718752,70.78104457680634,3,0,0,0,14670.0,53629.6,250.8,0.0,25694.333333333332,21936.083333333332
2201,городской округ Голышмановский,Голышмановский,Тюменская область,городской округ,56.44866213066621,68.42397765710493,3,0,0,0,23386.0,62188.6,262.6,0.0,25341.583333333332,22120.083333333332
2202,Исетский муниципальный район,Исетский,Тюменская область,муниципальный район,56.56272158798353,65.43344375224903,3,2,0,5,25979.0,58380.7,280.0,0.0,24721.5,23140.916666666668
2203,Ишимский муниципальный район,Ишимский,Тюменская область,муниципальный район,56.19433812519358,69.35442523544461,3,0,0,3,28178.0,57455.9,294.7,0.0,27341.416666666668,23485.333333333332
2204,Казанский муниципальный район,Казанский,Тюменская область,муниципальный район,55.60351719629294,69.26566140087753,3,0,0,0,19959.0,55932.0,258.1,0.0,24735.416666666668,22207.416666666668
2205,Нижнетавдинский муниципальный район,Нижнетавдинский,Тюменская область,муниципальный район,57.62692444805003,66.00555402287932,3,0,0,0,27122.0,59034.7,268.5,0.0,24750.75,22633.75
2206,Омутинский муниципальный район,Омутинский,Тюменская область,муниципальный район,56.44230827980042,67.62679592880231,3,0,0,0,18399.0,57938.6,266.4,0.0,25323.333333333332,22845.5
2207,Сладковский муниципальный район,Сладковский,Тюменская область,муниципальный район,55.56982757202333,70.15724565809188,3,0,0,0,10763.0,54093.6,254.5,0.0,22487.25,20833.166666666668
2208,Сорокинский муниципальный район,Сорокинский,Тюменская область,муниципальный район,56.73306196537876,69.80641804204592,3,0,0,6,9230.0,55426.9,254.5,0.0,26571.583333333332,23937.666666666668
2210,Тюменский муниципальный район,Тюменский,Тюменская область,муниципальный район,57.08098997366257,65.6244892106565,2,5,1,1,143580.0,81701.1,676.7,0.0,39467.25,32120.25
2211,Уватский муниципальный район,Уватский,Тюменская область,муниципальный район,58.9421954810526,71.13682731041332,1,3,0,0,18683.0,122655.3,245.3,0.0,31693.583333333332,29983.0
2212,Упоровский муниципальный район,Упоровский,Тюменская область,муниципальный район,56.20671373178967,66.28316561637811,3,0,0,0,19403.0,54553.1,271.3,0.0,25971.333333333332,22920.583333333332
2213,Юргинский муниципальный район,Юргинский,Тюменская область,муниципальный район,56.97307914891834,67.71022638846274,3,0,0,0,11096.0,54980.6,264.9,0.0,25677.916666666668,23400.083333333332
2215,Ярковский муниципальный район,Ярковский,Тюменская область,муниципальный район,57.57564547706725,67.17603035915249,3,1,0,7,23139.0,62492.9,266.8,0.0,24672.75,21848.333333333332
2216,городской округ город Ханты-Мансийск,Ханты-Мансийск,Ханты-Мансийский автономный округ — Югра,городской округ,61.01834070092761,69.144807004533,0,4,3,0,111772.0,133101.4,238.7,1.0,49792.333333333336,42956.666666666664
2217,городской округ город Когалым,Когалым,Ханты-Мансийский автономный округ — Югра,городской округ,62.29048217165315,74.54472738073898,1,3,3,0,63963.0,142278.9,218.9,0.992995950784047,45501.666666666664,39190.25
2218,городской округ город Лангепас,Лангепас,Ханты-Мансийский автономный округ — Югра,городской округ,61.256822613017704,75.18084052877843,1,3,3,0,44157.0,114243.3,224.1,1.0,36844.416666666664,32448.833333333332
2219,городской округ город Мегион,Мегион,Ханты-Мансийский автономный округ — Югра,городской округ,61.06614519571492,76.05780132449395,1,3,3,0,59715.0,124732.7,223.4,1.0,42684.416666666664,36511.333333333336
2220,городской округ город Нефтеюганск,Нефтеюганск,Ханты-Мансийский автономный округ — Югра,городской округ,61.07845615008615,72.57107227235406,1,3,3,0,126690.0,134448.9,241.3,1.0,45223.083333333336,39309.333333333336
2221,городской округ город Нижневартовск,Нижневартовск,Ханты-Мансийский автономный округ — Югра,городской округ,60.93319136027835,76.56018446821574,0,3,4,3,290535.0,119385.6,225.3,1.0,45762.333333333336,39911.333333333336
2222,городской округ город Нягань,Нягань,Ханты-Мансийский автономный округ — Югра,городской округ,62.11135370307367,65.57223457484446,1,3,4,0,63466.0,117913.9,236.1,1.0,45707.833333333336,39669.666666666664
2223,городской округ город Покачи,Покачи,Ханты-Мансийский автономный округ — Югра,городской округ,61.72921033813959,75.50924584428216,1,3,3,0,16556.0,115289.7,220.3,1.0,37757.75,32555.5
2224,городской округ город Пыть-Ях,Пыть-Ях,Ханты-Мансийский автономный округ — Югра,городской округ,60.724609087383854,72.81738737674948,1,3,3,0,40530.0,118280.6,230.9,1.0,39991.25,33497.083333333336
2225,городской округ город Радужный,Радужный,Ханты-Мансийский автономный округ — Югра,городской округ,62.15780638856203,77.4260642888117,1,3,3,0,45574.0,117694.5,212.3,1.0,33153.5,30425.75
2226,городской округ город Сургут,Сургут,Ханты-Мансийский автономный округ — Югра,городской округ,61.293459867439715,73.48785487255296,0,4,3,0,420347.0,140879.7,277.9,1.0,47756.333333333336,41584.666666666664
2227,городской округ город Урай,Урай,Ханты-Мансийский автономный округ — Югра,городской округ,60.11344367308481,64.82974480715323,0,4,2,2,41356.0,114415.3,234.5,1.0,42591.25,37410.5
2228,городской округ город Югорск,Югорск,Ханты-Мансийский автономный округ — Югра,городской округ,61.30740178325888,63.31759884346122,0,4,0,0,39233.0,142055.4,245.1,1.0,39065.0,34590.75
2229,Белоярский муниципальный район,Белоярский,Ханты-Мансийский автономный округ — Югра,муниципальный район,63.62242438672917,68.23709265768588,1,3,3,0,28479.0,146470.7,223.4,0.6987604901857509,38723.5,34978.583333333336
2230,Березовский муниципальный район,Березовский,Ханты-Мансийский автономный округ — Югра,муниципальный район,63.57611014218927,62.10011476080326,1,1,0,7,22821.0,123093.5,222.4,0.598133298277902,38590.0,33220.666666666664
2231,Кондинский муниципальный район,Кондинский,Ханты-Мансийский автономный округ — Югра,муниципальный район,59.94629981885978,66.20510987343802,1,3,0,0,30387.0,116572.3,230.9,0.6879915753447198,35810.166666666664,32088.666666666668
2232,Нефтеюганский муниципальный район,Нефтеюганский,Ханты-Мансийский автономный округ — Югра,муниципальный район,60.39491637322469,71.88131505982456,1,3,0,0,47486.0,138589.1,260.2,0.5186160131407151,38567.916666666664,33345.25
2233,Нижневартовский муниципальный район,Нижневартовский,Ханты-Мансийский автономный округ — Югра,муниципальный район,61.611756835250766,79.73872194247579,1,3,4,0,38693.0,127830.1,268.0,0.800429018168661,31564.083333333332,28534.916666666668
2234,Октябрьский муниципальный район,Октябрьский,Ханты-Мансийский автономный округ — Югра,муниципальный район,62.318769999346245,66.10866768643486,1,3,0,0,32120.0,129455.8,231.4,0.511612702366127,35889.666666666664,31021.166666666668
2235,Советский муниципальный район,Советский,Ханты-Мансийский автономный округ — Югра,муниципальный район,61.508659341050006,63.58621446783291,1,3,3,2,46492.0,105421.9,244.4,0.9413017293297772,35884.833333333336,31718.25
2236,Сургутский муниципальный район,Сургутский,Ханты-Мансийский автономный округ — Югра,муниципальный район,61.54399752448388,73.25021772197121,1,3,3,0,129992.0,141717.7,397.2,0.6991199458428211,37405.333333333336,32849.5
2237,Ханты-Мансийский муниципальный район,Ханты-Мансийский,Ханты-Мансийский автономный округ — Югра,муниципальный район,61.34019865564944,68.72173208416508,1,3,0,0,19022.0,142244.3,274.6,0.0,33757.25,29098.666666666668
2238,городской округ город Салехард,Салехард,Ямало-Ненецкий автономный округ,городской округ,66.32196759688105,66.4997253872492,1,4,1,0,49236.0,169044.9,205.0,0.9984564140060118,57847.5,51330.333333333336
2241,городской округ город Муравленко,Муравленко,Ямало-Ненецкий автономный округ,городской округ,63.796964612707214,74.534683135203,1,3,3,0,29581.0,130077.5,210.4,1.0,42829.0,38200.0
2242,городской округ город Новый Уренгой,Новый Уренгой,Ямало-Ненецкий автономный округ,городской округ,66.08137282935051,76.78939140663613,1,3,3,0,106890.0,174598.5,200.7,1.0,48660.75,42960.333333333336
2243,городской округ город Ноябрьск,Ноябрьск,Ямало-Ненецкий автономный округ,городской округ,63.16411166841678,75.64384944005104,1,3,3,0,102938.0,156219.1,211.8,1.0,46646.583333333336,40843.0
2244,муниципальный округ Красноселькупский район,Красноселькупский,Ямало-Ненецкий автономный округ,муниципальный округ,64.57884700449443,82.48663748322201,1,3,0,0,5640.0,177997.6,191.7,0.0,45899.666666666664,41683.333333333336
2245,муниципальный округ Надымский район,Надымский,Ямало-Ненецкий автономный округ,муниципальный округ,66.05714465300905,73.39516952230781,1,3,1,0,65345.0,192600.2,205.7,0.8682837248450532,45491.333333333336,39896.5
2248,муниципальный округ Тазовский район,Тазовский,Ямало-Ненецкий автономный округ,муниципальный округ,70.3222788237131,77.35037052252234,1,3,0,0,17876.0,181196.5,191.5,0.0,46284.083333333336,39718.25
2249,муниципальный округ Шурышкарский район,Шурышкарский,Ямало-Ненецкий автономный округ,муниципальный округ,65.34857603419492,65.27116020780603,1,2,0,0,9162.0,118486.6,212.8,0.0,43287.833333333336,38704.583333333336
2250,муниципальный округ Ямальский район,Ямальский,Ямало-Ненецкий автономный округ,муниципальный округ,70.39282091478205,70.36950444999826,1,3,0,0,16268.0,163565.2,197.2,0.0,47683.0,42470.083333333336
2251,городской округ город Ульяновск,Ульяновск,Ульяновская область,городской округ,54.304269594165426,48.34223920494785,0,4,0,0,632771.0,69508.0,349.5,0.9666735675307496,33531.583333333336,28408.333333333332
2252,городской округ город Димитровград,Димитровград,Ульяновская область,городской округ,54.21807333791851,49.55720451501205,0,4,0,0,108804.0,64255.5,365.3,1.0,30505.083333333332,25837.833333333332
2253,городской округ город Новоульяновск,Новоульяновск,Ульяновская область,городской округ,54.14578337174635,48.45703749043111,0,1,0,1,16791.0,62325.9,354.0,0.8010243582871777,22028.25,19925.916666666668
2254,Базарносызганский муниципальный район,Базарносызганский,Ульяновская область,муниципальный район,53.68515804697474,46.71627452372463,3,0,0,0,7275.0,38635.8,349.7,0.5956013745704467,21673.75,18800.416666666668
2255,Барышский муниципальный район,Барышский,Ульяновская область,муниципальный район,53.607662291363255,47.13440673121636,3,0,0,0,34969.0,42037.2,349.2,0.654007835511453,20284.0,18034.416666666668
2256,Вешкаймский муниципальный район,Вешкаймский,Ульяновская область,муниципальный район,53.99758085346884,47.101274109044326,3,0,0,0,14314.0,40269.2,351.1,0.4955288528713148,19821.75,17547.166666666668
2257,Инзенский муниципальный район,Инзенский,Ульяновская область,муниципальный район,53.947963082018845,46.36209436085007,3,0,0,0,25875.0,45354.6,353.2,0.682512077294686,22442.416666666668,19132.333333333332
2258,Карсунский муниципальный район,Карсунский,Ульяновская область,муниципальный район,54.25073205212015,46.9399364387444,3,0,0,0,19556.0,38809.2,354.4,0.5149826140314993,18562.666666666668,16298.666666666666
2259,Кузоватовский муниципальный район,Кузоватовский,Ульяновская область,муниципальный район,53.58707048851372,47.72911899422408,3,0,0,0,17939.0,43252.9,347.8,0.4059869557946374,20537.833333333332,18059.5
2260,Майнский муниципальный район,Майнский,Ульяновская область,муниципальный район,54.139708600997714,47.640597440319475,3,0,0,0,19862.0,42546.4,350.9,0.41773235323733765,19828.833333333332,18005.833333333332
2262,Николаевский муниципальный район,Николаевский,Ульяновская область,муниципальный район,53.132499921069886,47.217845441095946,3,0,0,0,21200.0,48128.2,351.4,0.26452830188679244,19513.75,17245.5
2264,Новоспасский муниципальный район,Новоспасский,Ульяновская область,муниципальный район,53.179281098540685,47.82718129462592,3,1,1,0,19921.0,53868.8,349.9,0.5258270167160283,22266.583333333332,19700.333333333332
2265,Павловский муниципальный район,Павловский,Ульяновская область,муниципальный район,52.71426936639769,47.124232019496624,3,0,0,0,11582.0,48968.3,345.5,0.41322742186150924,18454.25,17184.333333333332
2266,Радищевский муниципальный район,Радищевский,Ульяновская область,муниципальный район,52.9150421084367,48.03178588975818,3,0,0,0,11246.0,39825.0,344.0,0.3432331495642895,20503.166666666668,18304.25
2267,Сенгилеевский муниципальный район,Сенгилеевский,Ульяновская область,муниципальный район,53.900313968505536,48.67460212730347,3,0,0,4,19008.0,55450.6,342.6,0.6429924242424242,20026.416666666668,17695.333333333332
2268,Старокулаткинский муниципальный район,Старокулаткинский,Ульяновская область,муниципальный район,52.7566416056447,47.58808658814918,3,0,0,0,9545.0,36450.9,343.3,0.43771608171817705,16431.833333333332,14709.083333333334
2269,Старомайнский муниципальный район,Старомайнский,Ульяновская область,муниципальный район,54.61340276031597,49.17357163690959,3,0,0,0,14556.0,41303.6,347.3,0.39193459741687275,18201.166666666668,16575.833333333332
2270,Сурский муниципальный район,Сурский,Ульяновская область,муниципальный район,54.55138395051743,46.905983083561296,3,0,0,0,14437.0,40095.8,355.6,0.388238553716146,19592.083333333332,16964.583333333332
2271,Тереньгульский муниципальный район,Тереньгульский,Ульяновская область,муниципальный район,53.753296221600266,48.20968363160635,3,0,0,0,15507.0,42415.2,348.8,0.3317856451924937,19272.166666666668,16928.333333333332
2272,Ульяновский муниципальный район,Ульяновский,Ульяновская область,муниципальный район,54.35999310419325,48.1829650968542,3,1,0,2,34931.0,52985.3,358.7,0.29861727405456473,20146.666666666668,18002.333333333332
2274,Чердаклинский муниципальный район,Чердаклинский,Ульяновская область,муниципальный район,54.27377066413671,48.866797321674625,3,1,0,0,38945.0,69072.4,354.4,0.30227243548594174,20976.166666666668,18067.75
2275,городской округ Челябинский,Челябинский,Челябинская область,городской округ,55.16677184555747,61.40552646925427,0,4,0,0,1177058.0,84815.5,297.8,1.0,37626.166666666664,31655.583333333332
2276,городской округ Верхнеуфалейский,Верхнеуфалейский,Челябинская область,городской округ,56.00792094928326,60.1825096364873,0,1,0,1,25205.0,59045.2,308.4,0.8816901408450705,26325.583333333332,22208.5
2278,городской округ Карабашский,Карабашский,Челябинская область,городской округ,55.53317514322126,60.20012646483281,0,1,0,0,10372.0,66587.7,307.2,0.9767643655996915,26666.25,22982.5
2279,городской округ Копейский,Копейский,Челябинская область,городской округ,55.05547836680892,61.568208499466294,0,4,0,0,147109.0,71657.4,314.0,0.9853713912812948,35944.666666666664,29130.833333333332
2280,городской округ Кыштымский,Кыштымский,Челябинская область,городской округ,55.71827155744585,60.41113493800228,0,4,0,0,37146.0,65719.5,308.9,0.9487697194852743,32217.333333333332,26663.5
2281,городской округ Магнитогорский,Магнитогорский,Челябинская область,городской округ,53.41051681918997,59.03910827214551,0,4,0,0,408715.0,83303.8,292.1,1.0,32597.416666666668,27622.5
2282,городской округ Миасский,Миасский,Челябинская область,городской округ,55.07373495065053,60.023940891452874,0,4,0,0,160837.0,78991.3,308.1,0.9157532159888583,35077.666666666664,29226.416666666668
2286,городской округ Троицкий,Троицкий,Челябинская область,городской округ,54.08521589265246,61.571027214715855,0,4,0,0,69845.0,57716.2,304.8,1.0,28573.083333333332,23396.25
2287,городской округ Усть-Катавский,Усть-Катавский,Челябинская область,городской округ,54.98975657994611,58.30025893375212,0,1,0,2,23326.0,57046.3,312.4,0.8926519763354197,26635.833333333332,22588.083333333332
2288,городской округ Чебаркульский,Чебаркульский,Челябинская область,городской округ,54.98068986410224,60.355682431003274,0,4,0,0,44648.0,57557.8,322.8,1.0,33943.5,26876.833333333332
2289,городской округ Южноуральский,Южноуральский,Челябинская область,городской округ,54.42246575164384,61.18186163013472,0,4,0,0,37265.0,70031.6,297.8,0.9973433516704683,30961.75,25478.333333333332
2292,Аргаяшский муниципальный район,Аргаяшский,Челябинская область,муниципальный район,55.41154010822561,60.75661114089775,3,0,0,0,39383.0,59756.1,307.9,0.0,21961.75,19375.083333333332
2293,Ашинский муниципальный район,Ашинский,Челябинская область,муниципальный район,55.05125303485126,57.57290109768551,0,1,0,0,54113.0,70379.1,315.2,0.9576811487073347,27969.083333333332,24025.25
2294,Брединский муниципальный район,Брединский,Челябинская область,муниципальный район,52.432544070439384,60.30762973304089,3,0,0,0,23380.0,48500.9,276.0,0.0,22301.166666666668,18609.583333333332
2295,Варненский муниципальный район,Варненский,Челябинская область,муниципальный район,53.28351925869954,61.237692387322696,3,0,0,3,24054.0,73409.7,279.8,0.0,24303.083333333332,20566.333333333332
2296,Верхнеуральский муниципальный район,Верхнеуральский,Челябинская область,муниципальный район,53.90784524117182,59.52202364471605,3,1,0,0,31251.0,70358.1,295.9,0.4863524367220249,23054.75,20128.75
2297,Еманжелинский муниципальный район,Еманжелинский,Челябинская область,муниципальный район,54.71551528988971,61.29506996011915,3,1,0,0,47326.0,54543.8,303.4,0.9751088196762879,25746.583333333332,22011.083333333332
2298,Еткульский муниципальный район,Еткульский,Челябинская область,муниципальный район,54.762223997657486,61.58803662428602,3,1,0,4,29743.0,61685.8,305.1,0.0,25337.833333333332,21527.416666666668
2299,Карталинский муниципальный район,Карталинский,Челябинская область,муниципальный район,53.04344973525646,60.398198433029016,0,1,1,0,43290.0,63612.2,280.3,0.6173712173712174,22965.666666666668,19938.25
2300,Каслинский муниципальный район,Каслинский,Челябинская область,муниципальный район,56.08227910813691,61.118488406583474,3,1,0,0,29118.0,56740.0,307.7,0.6458204547015591,26254.666666666668,23156.583333333332
2301,Катав-Ивановский муниципальный район,Катав-Ивановский,Челябинская область,муниципальный район,54.69088113797008,58.198000390048506,3,1,0,0,26222.0,53527.9,310.0,0.9243002059339486,25076.75,21608.583333333332
2302,Кизильский муниципальный район,Кизильский,Челябинская область,муниципальный район,52.74984317311629,59.30156283080047,3,0,0,0,19276.0,47177.6,288.8,0.0,19823.416666666668,17996.416666666668
2303,Коркинский муниципальный округ,Коркинский,Челябинская область,муниципальный округ,54.89213023643301,61.32186110934924,0,1,0,0,55417.0,60182.9,306.7,0.9768121695508598,29004.666666666668,23634.416666666668
2304,Красноармейский муниципальный район,Красноармейский,Челябинская область,муниципальный район,55.4438369846433,62.04820356267367,3,1,0,2,49996.0,61073.5,306.5,0.0,23888.0,21158.416666666668
2305,Кунашакский муниципальный район,Кунашакский,Челябинская область,муниципальный район,55.84062276952033,61.63699597829827,3,0,0,0,27505.0,52293.7,302.2,0.0,21420.666666666668,18804.083333333332
2307,Нагайбакский муниципальный район,Нагайбакский,Челябинская область,муниципальный район,53.55864205583419,59.82569803286135,3,0,0,0,16951.0,60069.3,291.6,0.08707450887853224,19626.75,16774.583333333332
2308,Нязепетровский муниципальный район,Нязепетровский,Челябинская область,муниципальный район,55.965803228219215,59.58134099274112,3,0,0,0,13666.0,46232.3,307.7,0.7399385335870042,22259.666666666668,19339.333333333332
2309,Октябрьский муниципальный район,Октябрьский,Челябинская область,муниципальный район,54.38571329241951,62.707696924044,3,0,0,0,18139.0,52761.0,285.7,0.0,20289.0,17600.666666666668
2310,Пластовский муниципальный район,Пластовский,Челябинская область,муниципальный район,54.28040235501195,60.60521086912243,3,1,0,0,24231.0,102847.9,297.5,0.7496595270521234,26729.166666666668,23624.833333333332
2311,Саткинский муниципальный район,Саткинский,Челябинская область,муниципальный район,54.97903466592725,58.99652623742988,0,1,0,2,74031.0,60418.5,309.1,0.9364725587929381,30176.416666666668,24958.083333333332
2312,Сосновский муниципальный район,Сосновский,Челябинская область,муниципальный район,55.232246179700574,61.1987838272591,0,4,0,1,93044.0,78815.5,313.1,0.0,36790.166666666664,29716.5
2314,Увельский муниципальный район,Увельский,Челябинская область,муниципальный район,54.48135404155571,61.49691585823544,3,1,0,0,30982.0,69599.1,297.0,0.0,22173.166666666668,20230.916666666668
2315,Уйский муниципальный район,Уйский,Челябинская область,муниципальный район,54.384421018669904,60.090091490439136,3,0,0,0,20981.0,47728.1,297.0,0.0,20925.5,18580.833333333332
2316,Чебаркульский муниципальный район,Чебаркульский,Челябинская область,муниципальный район,54.82718262114604,60.51839450100396,3,0,0,4,28564.0,60279.1,330.8,0.0,24921.083333333332,19899.166666666668
2317,Чесменский муниципальный район,Чесменский,Челябинская область,муниципальный район,53.72849011472434,60.57130171350288,3,0,0,0,15114.0,53848.6,287.6,0.0,22971.083333333332,19429.75
2318,городской округ город Ярославль,Ярославль,Ярославская область,городской округ,57.63360504401472,39.8566901907736,0,4,0,0,567443.0,76713.9,417.9,1.0,38471.083333333336,33039.75
2320,городской округ город Рыбинск,Рыбинск,Ярославская область,городской округ,58.057818805133806,38.82169295172533,0,4,0,0,171810.0,72473.2,375.0,1.0,33145.75,28276.583333333332
2321,Большесельский муниципальный район,Большесельский,Ярославская область,муниципальный район,57.724032588920686,38.98323193564646,3,0,0,2,9122.0,50677.7,371.2,0.0,23672.583333333332,20075.75
2322,Борисоглебский муниципальный район,Борисоглебский,Ярославская область,муниципальный район,57.32743594312295,38.9843653823108,3,0,0,0,11831.0,52498.4,387.0,0.45625898064407067,26288.916666666668,22652.916666666668
2323,Брейтовский муниципальный район,Брейтовский,Ярославская область,муниципальный район,58.35718403148546,37.84719491424492,3,0,0,0,5332.0,45626.1,345.2,0.0,24536.583333333332,20914.25
2324,Гаврилов-Ямский муниципальный район,Гаврилов-Ямский,Ярославская область,муниципальный район,57.33347520124376,39.886152090665185,3,1,1,0,23809.0,62073.5,384.4,0.6542063925406358,25024.833333333332,22241.25
2325,Даниловский муниципальный район,Даниловский,Ярославская область,муниципальный район,58.12085373018443,40.11502398134397,3,1,0,0,20497.0,54092.9,361.5,0.6632677952871152,23706.833333333332,20906.833333333332
2326,Любимский муниципальный район,Любимский,Ярославская область,муниципальный район,58.32525181711848,40.74532985899348,3,0,0,2,9732.0,48998.8,352.8,0.5144882860665845,22677.25,19963.0
2327,Мышкинский муниципальный район,Мышкинский,Ярославская область,муниципальный район,57.76399485511642,38.19867665504056,3,1,1,0,9051.0,62791.0,365.5,0.6076676610319302,26412.416666666668,23263.583333333332
2328,Некоузский муниципальный район,Некоузский,Ярославская область,муниципальный район,57.95085306510197,37.88832018852192,3,1,0,0,11435.0,58673.1,359.9,0.0,23793.5,21272.583333333332
2329,Некрасовский муниципальный район,Некрасовский,Ярославская область,муниципальный район,57.65756525517339,40.38663283653984,3,1,0,3,19480.0,55614.7,373.3,0.4866016427104723,24601.916666666668,22147.75
2330,Первомайский муниципальный район,Первомайский,Ярославская область,муниципальный район,58.54313317617142,39.90545633888851,3,0,0,1,8362.0,50142.8,355.4,0.5243960774934227,22900.5,19893.0
2332,Пошехонский муниципальный район,Пошехонский,Ярославская область,муниципальный район,58.5731382014165,38.96774356181301,3,0,0,2,10190.0,45040.6,348.8,0.4966633954857704,22306.083333333332,19745.75
2333,Ростовский муниципальный район,Ростовский,Ярославская область,муниципальный район,57.09643214274202,39.348650578365955,0,1,0,0,57986.0,59404.8,393.2,0.7265029489876866,29480.5,25511.75
2334,Рыбинский муниципальный район,Рыбинский,Ярославская область,муниципальный район,58.13591974101296,38.79619893690396,3,1,0,0,26409.0,68584.3,456.0,0.0,29240.166666666668,23366.333333333332
2335,Тутаевский муниципальный район,Тутаевский,Ярославская область,муниципальный район,57.94435759036844,39.56581894833407,0,1,0,0,52373.0,57575.9,370.2,0.8426097416607794,30855.166666666668,25292.083333333332
2336,Угличский муниципальный район,Угличский,Ярославская область,муниципальный район,57.44601923591329,38.34869597124351,0,1,0,0,46215.0,57746.0,378.0,0.6905982905982906,31334.666666666668,26337.25
2337,Ярославский муниципальный район,Ярославский,Ярославская область,муниципальный район,57.63177661956937,39.819046923590975,2,5,0,0,72442.0,77400.4,719.7,0.03348886005356009,38062.166666666664,33150.416666666664
2338,городской округ город Биробиджан,Биробиджан,Еврейская автономная область,городской округ,48.77772155364224,132.9103872085314,1,4,3,0,67788.0,76309.1,147.1,1.0,40659.666666666664,35391.166666666664
2339,Биробиджанский муниципальный район,Биробиджанский,Еврейская автономная область,муниципальный район,48.48308932210041,132.87666582923106,1,2,2,0,9980.0,61844.1,173.3,0.0,29741.916666666668,26113.916666666668
2340,Ленинский муниципальный район,Ленинский,Еврейская автономная область,муниципальный район,48.08549333059991,132.20480566529346,1,2,3,2,15325.0,66714.9,140.0,0.0,34393.75,28348.083333333332
2341,Облученский муниципальный район,Облученский,Еврейская автономная область,муниципальный район,48.91788772068165,131.84573726905853,1,3,0,0,23265.0,97090.7,143.3,0.8640017193208682,38304.25,33087.0
2342,Октябрьский муниципальный район,Октябрьский,Еврейская автономная область,муниципальный район,48.1313352287682,131.29090886346995,3,2,3,0,7462.0,56576.3,138.1,0.0,29441.583333333332,25302.833333333332
2343,Смидовичский муниципальный район,Смидовичский,Еврейская автономная область,муниципальный район,48.51221090057952,133.87237326270682,1,2,0,3,21982.0,96699.5,143.8,0.7008461468474206,34242.0,28345.666666666668
2344,городской округ Анадырь,Анадырь,Чукотский автономный округ,городской округ,64.72455196068191,177.46236238293807,1,3,0,0,13412.0,199856.1,,0.9724873247837758,74230.25,65263.333333333336
2345,городской округ Эгвекинот,Эгвекинот,Чукотский автономный округ,городской округ,68.20899445690652,8.411305348346074,1,3,0,2,5197.0,170752.1,,0.682893977294593,63394.583333333336,54704.583333333336
2348,Анадырский муниципальный район,Анадырский,Чукотский автономный округ,муниципальный район,64.94441491178121,173.3400970808746,1,3,0,0,8790.0,167493.4,,0.5689419795221843,68111.41666666667,57634.25
2349,Билибинский муниципальный район,Билибинский,Чукотский автономный округ,муниципальный район,67.34284529740107,163.81839858933392,1,3,0,0,7279.0,199396.5,112.4,0.7485918395383981,70349.0,64041.333333333336
2351,внутригородская территория города федерального значения муниципальный округ Коломна,Коломна,Санкт-Петербург,внутригородская территория города федерального значения,59.92236722277568,30.282035519988135,2,5,0,0,33530.0,108102.7,411.8,1.0,48585.75,41045.083333333336
2352,внутригородская территория города федерального значения муниципальный округ Сенной округ,Сенной,Санкт-Петербург,внутригородская территория города федерального значения,59.92519406502915,30.31364687821521,2,5,0,0,20360.0,161058.2,418.7,1.0,47195.333333333336,40293.5
2353,внутригородская территория города федерального значения муниципальный округ Адмиралтейский округ,Адмиралтейский,Санкт-Петербург,внутригородская территория города федерального значения,59.9312412632532,30.300161771195977,2,5,0,0,23945.0,173598.5,414.6,1.0,50308.333333333336,43198.75
2354,внутригородская территория города федерального значения муниципальный округ Семеновский,Семеновский,Санкт-Петербург,внутригородская территория города федерального значения,59.91769664818226,30.32787975520624,2,5,0,0,22123.0,121453.5,417.0,1.0,46870.666666666664,39957.666666666664
2355,внутригородская территория города федерального значения муниципальный округ Измайловское,Измайловское,Санкт-Петербург,внутригородская территория города федерального значения,59.9074348573725,30.30766956922593,2,5,0,0,32593.0,101555.8,414.9,1.0,52916.916666666664,45470.583333333336
2356,внутригородская территория города федерального значения муниципальный округ Екатерингофский,Екатерингофский,Санкт-Петербург,внутригородская территория города федерального значения,59.908787398649224,30.276374622952975,2,5,0,0,21671.0,125997.2,410.6,1.0,43369.416666666664,37291.166666666664
2357,внутригородская территория города федерального значения муниципальный округ № 7,№ 7,Санкт-Петербург,внутригородская территория города федерального значения,59.934818615925145,30.277288795012016,2,5,0,0,36091.0,134158.9,407.6,1.0,49739.416666666664,43106.25
2358,внутригородская территория города федерального значения муниципальный округ Васильевский,Васильевский,Санкт-Петербург,внутригородская территория города федерального значения,59.94439845250213,30.262742715411907,2,5,0,0,31425.0,134399.1,408.0,1.0,49898.166666666664,42461.0
2359,внутригородская территория города федерального значения муниципальный округ Гавань,Гавань,Санкт-Петербург,внутригородская территория города федерального значения,59.93316243561002,30.231028436409783,2,5,0,0,41047.0,184908.8,390.3,1.0,52796.083333333336,44622.5
2360,внутригородская территория города федерального значения муниципальный округ Морской,Морской,Санкт-Петербург,внутригородская территория города федерального значения,59.943691377819235,30.20526713855998,2,5,0,0,36080.0,128388.0,395.7,1.0,52971.0,45533.75
2361,внутригородская территория города федерального значения муниципальный округ Остров Декабристов,Остров Декабристов,Санкт-Петербург,внутригородская территория города федерального значения,59.95517023993756,30.229297247504192,2,5,0,0,60755.0,151689.0,398.1,1.0,53048.083333333336,45582.083333333336
2362,внутригородская территория города федерального значения поселок Левашово,Левашово,Санкт-Петербург,внутригородская территория города федерального значения,60.09198865827305,30.15365883390995,0,4,0,0,6101.0,125672.2,367.9,1.0,48177.75,41848.083333333336
2363,внутригородская территория города федерального значения поселок Парголово,Парголово,Санкт-Петербург,внутригородская территория города федерального значения,60.083685291877934,30.25671852892035,2,5,0,0,111145.0,106082.5,378.5,1.0,47942.666666666664,41269.0
2364,внутригородская территория города федерального значения муниципальный округ Сампсониевское,Сампсониевское,Санкт-Петербург,внутригородская территория города федерального значения,59.975593257809365,30.342655502397847,2,5,0,0,39068.0,134530.3,414.9,1.0,51695.166666666664,43708.083333333336
2365,внутригородская территория города федерального значения муниципальный округ Светлановское,Светлановское,Санкт-Петербург,внутригородская территория города федерального значения,60.00889688775261,30.338905464068887,2,5,0,0,89796.0,114557.0,410.4,1.0,52858.25,44343.916666666664
2366,внутригородская территория города федерального значения муниципальный округ Сосновское,Сосновское,Санкт-Петербург,внутригородская территория города федерального значения,60.02815544677773,30.34604681781194,2,5,0,0,60378.0,109650.5,402.6,1.0,48453.166666666664,41708.25
2367,внутригородская территория города федерального значения муниципальный округ № 15,№ 15,Санкт-Петербург,внутригородская территория города федерального значения,60.05313167965325,30.368969051100212,2,5,0,0,60902.0,105497.0,396.0,1.0,45525.166666666664,38973.25
2368,внутригородская территория города федерального значения муниципальный округ Сергиевское,Сергиевское,Санкт-Петербург,внутригородская территория города федерального значения,60.0637406911296,30.354668659227016,2,5,0,0,60031.0,135662.9,389.6,1.0,45442.666666666664,38775.25
2369,внутригородская территория города федерального значения муниципальный округ Шувалово-Озерки,Шувалово-Озерки,Санкт-Петербург,внутригородская территория города федерального значения,60.05126418725436,30.31183837968582,2,5,0,0,116146.0,90022.3,395.7,1.0,48385.916666666664,41831.5
2370,внутригородская территория города федерального значения поселок Лисий Нос,Лисий Нос,Санкт-Петербург,внутригородская территория города федерального значения,60.01499696203436,30.002757442580428,2,5,0,0,6508.0,116882.1,363.6,1.0,54835.5,46243.666666666664
2371,внутригородская территория города федерального значения муниципальный округ Лахта-Ольгино,Лахта-Ольгино,Санкт-Петербург,внутригородская территория города федерального значения,60.01134509632936,30.1370316149404,2,5,0,0,15567.0,405587.4,382.1,1.0,48331.333333333336,41675.916666666664
2372,внутригородская территория города федерального значения муниципальный округ № 65,№ 65,Санкт-Петербург,внутригородская территория города федерального значения,59.994512322767285,30.220393827384875,2,5,0,0,191571.0,127853.4,388.7,1.0,53331.833333333336,45902.333333333336
2373,внутригородская территория города федерального значения муниципальный округ Ланское,Ланское,Санкт-Петербург,внутригородская территория города федерального значения,59.98806063868703,30.30253314721938,2,5,0,0,70100.0,148160.9,412.5,1.0,53350.0,44826.833333333336
2374,внутригородская территория города федерального значения муниципальный округ Комендантский аэродром,Комендантский аэродром,Санкт-Петербург,внутригородская территория города федерального значения,60.004293314142735,30.295458399922833,2,5,0,0,94400.0,122732.3,410.9,1.0,50652.916666666664,43259.75
2375,внутригородская территория города федерального значения муниципальный округ Озеро Долгое,Озеро Долгое,Санкт-Петербург,внутригородская территория города федерального значения,60.004799874139984,30.262801315919027,2,5,0,0,91526.0,111013.4,405.7,1.0,50147.916666666664,43828.583333333336
2376,внутригородская территория города федерального значения муниципальный округ Юнтолово,Юнтолово,Санкт-Петербург,внутригородская территория города федерального значения,60.02426515699129,30.23127004001207,2,5,0,0,115111.0,131474.9,394.8,1.0,51003.0,43308.416666666664
2377,внутригородская территория города федерального значения муниципальный округ Коломяги,Коломяги,Санкт-Петербург,внутригородская территория города федерального значения,60.04448459435741,30.232688186251135,2,5,0,0,119292.0,118280.7,386.8,1.0,54158.166666666664,46454.333333333336
2378,внутригородская территория города федерального значения муниципальный округ Гражданка,Гражданка,Санкт-Петербург,внутригородская территория города федерального значения,60.00628012553051,30.40252460935824,2,5,0,0,67654.0,136485.7,407.1,1.0,47310.166666666664,41045.916666666664
2379,внутригородская территория города федерального значения муниципальный округ Академическое,Академическое,Санкт-Петербург,внутригородская территория города федерального значения,60.01693476820196,30.385669541083544,2,5,0,0,108549.0,120412.0,405.9,1.0,48121.75,41925.5
2380,внутригородская территория города федерального значения муниципальный округ Финляндский округ,Финляндский,Санкт-Петербург,внутригородская территория города федерального значения,59.96853125329985,30.38021443538818,2,5,0,0,72078.0,139671.6,409.7,1.0,45813.583333333336,39662.5
2381,внутригородская территория города федерального значения муниципальный округ № 21,№ 21,Санкт-Петербург,внутригородская территория города федерального значения,60.031849400340235,30.422895693727284,2,5,0,0,76567.0,103820.0,400.2,1.0,45735.916666666664,39269.916666666664
2382,внутригородская территория города федерального значения муниципальный округ Пискаревка,Пискаревка,Санкт-Петербург,внутригородская территория города федерального значения,59.99342308899844,30.40519693764662,2,5,0,0,81396.0,106376.8,405.7,1.0,51156.0,43450.583333333336
2383,внутригородская территория города федерального значения муниципальный округ Северный,Северный,Санкт-Петербург,внутригородская территория города федерального значения,60.04380458922092,30.38063627062045,2,5,0,0,48022.0,88848.6,402.8,1.0,45174.666666666664,38689.666666666664
2384,внутригородская территория города федерального значения муниципальный округ Прометей,Прометей,Санкт-Петербург,внутригородская территория города федерального значения,60.04055975999536,30.39938369655568,2,5,0,0,76479.0,83890.2,401.2,1.0,46705.5,39789.166666666664
2385,внутригородская территория города федерального значения муниципальный округ Княжево,Княжево,Санкт-Петербург,внутригородская территория города федерального значения,59.85026100922444,30.271148788576056,2,5,0,0,59699.0,131825.9,406.1,1.0,44561.083333333336,37831.583333333336
2386,внутригородская территория города федерального значения муниципальный округ Ульянка,Ульянка,Санкт-Петербург,внутригородская территория города федерального значения,59.831221188631574,30.216878487640155,2,5,0,0,76019.0,81411.9,399.3,1.0,44293.25,38048.166666666664
2387,внутригородская территория города федерального значения муниципальный округ Дачное,Дачное,Санкт-Петербург,внутригородская территория города федерального значения,59.843706061460544,30.240415537358544,2,5,0,0,70462.0,79387.8,403.3,1.0,44854.083333333336,38551.5
2388,внутригородская территория города федерального значения муниципальный округ Автово,Автово,Санкт-Петербург,внутригородская территория города федерального значения,59.874295960694774,30.231390108596404,2,5,0,0,42639.0,132541.9,404.0,1.0,43809.166666666664,37737.416666666664
2389,внутригородская территория города федерального значения муниципальный округ Нарвский округ,Нарвский,Санкт-Петербург,внутригородская территория города федерального значения,59.89051832149832,30.26675049090591,2,5,0,0,33260.0,117340.4,407.1,1.0,43346.916666666664,37082.666666666664
2390,внутригородская территория города федерального значения муниципальный округ Красненькая речка,Красненькая речка,Санкт-Петербург,внутригородская территория города федерального значения,59.856581170824775,30.23787779649419,2,5,0,0,38302.0,88191.4,409.0,1.0,45123.916666666664,38251.833333333336
2391,внутригородская территория города федерального значения муниципальный округ Морские ворота,Морские ворота,Санкт-Петербург,внутригородская территория города федерального значения,59.90038842085562,30.226940110931046,2,5,0,0,10430.0,129501.2,397.4,1.0,41998.75,35197.5
2392,внутригородская территория города федерального значения город Колпино,Колпино,Санкт-Петербург,внутригородская территория города федерального значения,59.756666981975265,30.618719783009208,2,5,0,0,145875.0,104491.6,364.3,1.0,41713.75,35480.916666666664
2393,внутригородская территория города федерального значения поселок Металлострой,Металлострой,Санкт-Петербург,внутригородская территория города федерального значения,59.798373416228806,30.560681434157747,2,5,0,0,27407.0,120868.5,372.6,1.0,41262.75,34432.5
2395,внутригородская территория города федерального значения поселок Понтонный,Понтонный,Санкт-Петербург,внутригородская территория города федерального значения,59.78145815808304,30.633457684943203,0,5,6,2,8552.0,121181.9,372.4,1.0,38653.916666666664,32941.583333333336
2398,внутригородская территория города федерального значения муниципальный округ Полюстрово,Полюстрово,Санкт-Петербург,внутригородская территория города федерального значения,59.99877213020416,30.454317620293335,2,5,0,0,75419.0,109170.8,396.2,1.0,45820.083333333336,39501.916666666664
2399,внутригородская территория города федерального значения муниципальный округ Большая Охта,Большая Охта,Санкт-Петербург,внутригородская территория города федерального значения,59.9486871461796,30.426399845098093,2,5,0,0,57831.0,107544.0,409.9,1.0,48811.666666666664,41507.333333333336
2400,внутригородская территория города федерального значения муниципальный округ Малая Охта,Малая Охта,Санкт-Петербург,внутригородская территория города федерального значения,59.93022755437978,30.416951859936074,2,5,0,0,43157.0,149041.5,412.8,1.0,48347.166666666664,41206.583333333336
2401,внутригородская территория города федерального значения муниципальный округ Пороховые,Пороховые,Санкт-Петербург,внутригородская территория города федерального значения,59.94544008866815,30.472704725015745,2,5,0,0,128099.0,99455.2,401.9,1.0,43808.333333333336,37540.25
2402,внутригородская территория города федерального значения муниципальный округ Ржевка,Ржевка,Санкт-Петербург,внутригородская территория города федерального значения,59.973085929263384,30.493389376329397,2,5,0,0,60985.0,112774.9,396.7,1.0,45042.25,38404.333333333336
2403,внутригородская территория города федерального значения город Красное Село,Красное Село,Санкт-Петербург,внутригородская территория города федерального значения,59.72444984251527,30.090473973254177,0,4,0,2,60306.0,99429.6,365.8,1.0,43910.25,37231.75
2404,внутригородская территория города федерального значения муниципальный округ Юго-Запад,Юго-Запад,Санкт-Петербург,внутригородская территория города федерального значения,59.855914558086226,30.21488631812348,2,5,0,0,58402.0,83016.2,403.1,1.0,46747.5,40300.916666666664
2405,внутригородская территория города федерального значения муниципальный округ Южно-Приморский,Южно-Приморский,Санкт-Петербург,внутригородская территория города федерального значения,59.85761066933537,30.1663583096771,2,5,0,0,128489.0,95978.1,390.1,1.0,51383.666666666664,44180.25
2406,внутригородская территория города федерального значения муниципальный округ Сосновая поляна,Сосновая поляна,Санкт-Петербург,внутригородская территория города федерального значения,59.844438925948225,30.121095791920578,2,5,0,0,73238.0,93823.1,386.5,1.0,46649.0,39290.666666666664
2407,внутригородская территория города федерального значения муниципальный округ Урицк,Урицк,Санкт-Петербург,внутригородская территория города федерального значения,59.83612121148933,30.181445746123615,2,5,0,0,50257.0,96371.5,395.7,1.0,44976.25,38258.583333333336
2408,внутригородская территория города федерального значения муниципальный округ Константиновское,Константиновское,Санкт-Петербург,внутригородская территория города федерального значения,59.82244836330273,30.122755959357765,2,5,2,0,35619.0,79940.4,387.0,1.0,44055.333333333336,37669.416666666664
2409,внутригородская территория города федерального значения муниципальный округ Горелово,Горелово,Санкт-Петербург,внутригородская территория города федерального значения,59.790996643879765,30.146316102672227,2,5,0,0,28519.0,97190.5,377.8,1.0,45264.916666666664,38978.833333333336
2410,внутригородская территория города федерального значения город Кронштадт,Кронштадт,Санкт-Петербург,внутригородская территория города федерального значения,60.00445361014674,29.74560322183919,0,5,5,3,44515.0,80937.2,338.8,1.0,43072.583333333336,36990.333333333336
2411,внутригородская территория города федерального значения город Зеленогорск,Зеленогорск,Санкт-Петербург,внутригородская территория города федерального значения,60.211699634322024,29.712449265392618,2,5,2,3,15462.0,83433.5,333.4,1.0,47325.166666666664,40405.416666666664
2412,внутригородская территория города федерального значения город Сестрорецк,Сестрорецк,Санкт-Петербург,внутригородская территория города федерального значения,60.06587053501442,30.025789401475585,2,5,0,0,45935.0,109561.6,349.5,1.0,50393.333333333336,43004.5
2416,внутригородская территория города федерального значения поселок Песочный,Песочный,Санкт-Петербург,внутригородская территория города федерального значения,60.12088739064646,30.11353359798295,2,5,0,0,9869.0,145968.3,362.5,1.0,48912.25,42279.75
2422,внутригородская территория города федерального значения город Ломоносов,Ломоносов,Санкт-Петербург,внутригородская территория города федерального значения,59.90455967046837,29.74740440933923,2,5,4,0,38558.0,92014.9,352.8,1.0,43329.916666666664,36716.333333333336
2423,внутригородская территория города федерального значения муниципальный округ Московская застава,Московская застава,Санкт-Петербург,внутригородская территория города федерального значения,59.88537185094442,30.323726487446205,2,5,0,0,44916.0,162233.1,410.6,1.0,52784.583333333336,45186.083333333336
2424,внутригородская территория города федерального значения муниципальный округ Гагаринское,Гагаринское,Санкт-Петербург,внутригородская территория города федерального значения,59.84783779769637,30.35571864598124,2,5,0,0,65624.0,110892.9,409.0,1.0,49558.083333333336,42035.75
2425,внутригородская территория города федерального значения муниципальный округ Новоизмайловское,Новоизмайловское,Санкт-Петербург,внутригородская территория города федерального значения,59.851765489149834,30.3017731938179,2,5,0,0,83316.0,131139.0,409.2,1.0,47460.583333333336,40463.166666666664
2426,внутригородская территория города федерального значения муниципальный округ Пулковский меридиан,Пулковский меридиан,Санкт-Петербург,внутригородская территория города федерального значения,59.79784125464211,30.28751349960138,2,5,0,0,45574.0,146876.2,380.2,1.0,49562.916666666664,43037.0
2427,внутригородская территория города федерального значения муниципальный округ Звездное,Звездное,Санкт-Петербург,внутригородская территория города федерального значения,59.83003423506379,30.338259422024933,2,5,0,0,93726.0,140023.1,403.3,1.0,52303.666666666664,45171.166666666664
2428,внутригородская территория города федерального значения муниципальный округ Невская застава,Невская застава,Санкт-Петербург,внутригородская территория города федерального значения,59.902585495417874,30.404653675222683,2,5,0,0,28050.0,111001.4,408.3,1.0,45633.5,38953.916666666664
2429,внутригородская территория города федерального значения муниципальный округ Ивановский,Ивановский,Санкт-Петербург,внутригородская территория города федерального значения,59.87816365915817,30.429501261824445,2,5,0,0,27157.0,94443.0,410.4,1.0,46365.916666666664,38581.916666666664
2430,внутригородская территория города федерального значения муниципальный округ Обуховский,Обуховский,Санкт-Петербург,внутригородская территория города федерального значения,59.86170054755309,30.457908330884543,2,5,0,0,56679.0,106569.0,402.4,1.0,45668.083333333336,38956.416666666664
2431,внутригородская территория города федерального значения муниципальный округ Рыбацкое,Рыбацкое,Санкт-Петербург,внутригородская территория города федерального значения,59.83440801847604,30.508494081528784,2,5,0,0,70132.0,122881.2,388.7,1.0,45256.833333333336,39187.25
2432,внутригородская территория города федерального значения муниципальный округ Народный,Народный,Санкт-Петербург,внутригородская территория города федерального значения,59.87791452364311,30.482398206736956,2,5,0,0,79762.0,110914.1,399.1,1.0,44686.083333333336,37897.25
2433,внутригородская территория города федерального значения муниципальный округ № 54,№ 54,Санкт-Петербург,внутригородская территория города федерального значения,59.89887839682348,30.475650460279606,2,5,0,0,67469.0,85933.2,403.8,1.0,45732.166666666664,38531.75
2434,внутригородская территория города федерального значения муниципальный округ Невский округ,Невский,Санкт-Петербург,внутригородская территория города федерального значения,59.9093247894088,30.44852442169643,2,5,0,0,69494.0,99233.6,406.8,1.0,47779.833333333336,41226.416666666664
2435,внутригородская территория города федерального значения муниципальный округ Оккервиль,Оккервиль,Санкт-Петербург,внутригородская территория города федерального значения,59.91694746434259,30.488914511701413,2,5,0,0,61924.0,91327.1,402.4,1.0,44286.833333333336,38257.833333333336
2436,внутригородская территория города федерального значения муниципальный округ Правобережный,Правобережный,Санкт-Петербург,внутригородская территория города федерального значения,59.92581686753579,30.461819802697704,2,5,0,0,88163.0,131801.7,401.9,1.0,49866.083333333336,42862.666666666664
2437,внутригородская территория города федерального значения город Павловск,Павловск,Санкт-Петербург,внутригородская территория города федерального значения,59.66933441729977,30.432305502981155,2,5,0,0,18097.0,86920.1,365.5,1.0,49062.416666666664,42385.75
2439,внутригородская территория города федерального значения муниципальный округ Введенский,Введенский,Санкт-Петербург,внутригородская территория города федерального значения,59.9512687789604,30.298895218524613,2,5,0,0,15440.0,157832.9,415.6,1.0,53175.083333333336,44546.416666666664
2440,внутригородская территория города федерального значения муниципальный округ Кронверкское,Кронверкское,Санкт-Петербург,внутригородская территория города федерального значения,59.95426650843763,30.313704806520075,2,5,0,0,16497.0,157393.5,416.5,1.0,52220.916666666664,44456.333333333336
2441,внутригородская территория города федерального значения муниципальный округ Посадский,Посадский,Санкт-Петербург,внутригородская территория города федерального значения,59.95786660885749,30.329508928120088,2,5,0,0,15788.0,128583.0,416.8,1.0,58042.416666666664,47262.583333333336
2442,внутригородская территория города федерального значения муниципальный округ Аптекарский остров,Аптекарский остров,Санкт-Петербург,внутригородская территория города федерального значения,59.97090608794826,30.316048456737448,2,5,0,0,20583.0,153575.1,414.4,1.0,60459.5,50394.416666666664
2443,внутригородская территория города федерального значения муниципальный округ округ Петровский,Петровский,Санкт-Петербург,внутригородская территория города федерального значения,59.95950367553789,30.270374614500557,2,5,0,0,17453.0,107416.3,405.2,1.0,55913.333333333336,47504.333333333336
2444,внутригородская территория города федерального значения муниципальный округ Чкаловское,Чкаловское,Санкт-Петербург,внутригородская территория города федерального значения,59.97240744610804,30.265108781582455,2,5,0,0,29553.0,189818.6,404.3,1.0,65932.41666666667,54145.583333333336
2445,внутригородская территория города федерального значения город Петергоф,Петергоф,Санкт-Петербург,внутригородская территория города федерального значения,59.867802998421475,29.906874282764647,2,5,0,0,80345.0,99081.5,358.7,1.0,45034.916666666664,38468.166666666664
2446,внутригородская территория города федерального значения поселок Стрельна,Стрельна,Санкт-Петербург,внутригородская территория города федерального значения,59.844590490229606,30.047596729616615,2,5,0,0,14268.0,203097.6,370.7,1.0,45619.083333333336,39010.25
2447,внутригородская территория города федерального значения город Пушкин,Пушкин,Санкт-Петербург,внутригородская территория города федерального значения,59.70189738448088,30.33972376842887,2,5,0,0,108470.0,96984.5,370.5,1.0,50342.25,42977.75
2449,внутригородская территория города федерального значения поселок Шушары,Шушары,Санкт-Петербург,внутригородская территория города федерального значения,59.76252845428677,30.44318265714084,2,5,0,0,138847.0,113087.1,390.3,1.0,45131.583333333336,38488.0
2450,внутригородская территория города федерального значения муниципальный округ Волковское,Волковское,Санкт-Петербург,внутригородская территория города федерального значения,59.89213236370679,30.366311620994352,2,5,0,0,61193.0,111006.0,408.5,1.0,43506.75,37465.916666666664
2451,внутригородская территория города федерального значения муниципальный округ № 72,№ 72,Санкт-Петербург,внутригородская территория города федерального значения,59.86818259217907,30.401712349890467,2,5,0,0,67637.0,95415.1,407.6,1.0,44665.5,38203.5
2452,внутригородская территория города федерального значения муниципальный округ Купчино,Купчино,Санкт-Петербург,внутригородская территория города федерального значения,59.86391321710463,30.37178176439193,2,5,0,0,55958.0,96447.9,409.4,1.0,44862.25,38097.75
2453,внутригородская территория города федерального значения муниципальный округ Георгиевский,Георгиевский,Санкт-Петербург,внутригородская территория города федерального значения,59.846499790515814,30.385326212685577,2,5,0,0,92071.0,95187.5,406.8,1.0,44828.833333333336,38782.25
2454,внутригородская территория города федерального значения муниципальный округ № 75,№ 75,Санкт-Петербург,внутригородская территория города федерального значения,59.845296780152296,30.432330372876024,2,5,0,0,62317.0,103672.1,402.8,1.0,47506.666666666664,40755.083333333336
2455,внутригородская территория города федерального значения муниципальный округ Балканский,Балканский,Санкт-Петербург,внутригородская территория города федерального значения,59.82846583601958,30.40053770760846,2,5,0,0,73743.0,109575.5,398.6,1.0,43954.75,37738.0
2456,внутригородская территория города федерального значения муниципальный округ Дворцовый округ,Дворцовый,Санкт-Петербург,внутригородская территория города федерального значения,59.941036113725296,30.327773511032262,2,5,0,0,7273.0,155058.8,419.1,1.0,53865.166666666664,45757.333333333336
2457,внутригородская территория города федерального значения муниципальный округ № 78,№ 78,Санкт-Петербург,внутригородская территория города федерального значения,59.93179487032409,30.32713122648421,2,5,0,0,8978.0,126106.3,421.7,1.0,50518.583333333336,42117.583333333336
2458,внутригородская территория города федерального значения муниципальный округ Литейный округ,Литейный,Санкт-Петербург,внутригородская территория города федерального значения,59.94266975348337,30.34985106520839,2,5,0,0,39745.0,132047.4,418.9,1.0,53066.833333333336,45106.666666666664
2459,внутригородская территория города федерального значения муниципальный округ Смольнинское,Смольнинское,Санкт-Петербург,внутригородская территория города федерального значения,59.94146451054639,30.381669238105257,2,5,0,0,73451.0,144892.4,413.7,1.0,54035.583333333336,46262.5
2460,внутригородская территория города федерального значения муниципальный округ Лиговка-Ямская,Лиговка-Ямская,Санкт-Петербург,внутригородская территория города федерального значения,59.92118953483573,30.37280746613846,2,5,0,0,19437.0,114002.5,417.0,1.0,51953.416666666664,44119.916666666664
2461,внутригородская территория города федерального значения муниципальный округ Владимирский округ,Владимирский,Санкт-Петербург,внутригородская территория города федерального значения,59.92504298696068,30.34661803613206,2,5,0,0,49727.0,162042.2,417.9,1.0,48862.25,41935.583333333336
2462,внутригородская территория города федерального значения муниципальный округ Богородское,Богородское,Москва,внутригородская территория города федерального значения,55.8192219320522,37.70351793698335,2,5,0,0,107571.0,150817.4,624.3,1.0,52064.75,44117.083333333336
2463,внутригородская территория города федерального значения муниципальный округ Вешняки,Вешняки,Москва,внутригородская территория города федерального значения,55.73068573619671,37.81519947542246,2,5,0,0,119585.0,123692.0,630.9,1.0,45817.25,39538.416666666664
2464,внутригородская территория города федерального значения муниципальный округ Восточное Измайлово,Восточное Измайлово,Москва,внутригородская территория города федерального значения,55.79565452638098,37.82237534270219,2,5,0,0,73857.0,139913.0,615.6,1.0,50995.0,43445.666666666664
2465,внутригородская территория города федерального значения муниципальный округ Восточный,Восточный,Москва,внутригородская территория города федерального значения,55.825309032503874,37.8650459524649,2,5,2,1,12454.0,96567.2,587.7,1.0,43589.0,38005.583333333336
2466,внутригородская территория города федерального значения муниципальный округ Гольяново,Гольяново,Москва,внутригородская территория города федерального значения,55.82429283428272,37.79620087010168,2,5,0,0,164715.0,132274.9,600.5,1.0,47440.25,40546.083333333336
2467,внутригородская территория города федерального значения муниципальный округ Ивановское,Ивановское,Москва,внутригородская территория города федерального значения,55.77134148669594,37.82402620667089,2,5,0,0,125062.0,108689.0,623.4,1.0,48090.333333333336,41905.166666666664
2468,внутригородская территория города федерального значения муниципальный округ Измайлово,Измайлово,Москва,внутригородская территория города федерального значения,55.7837914545915,37.77275193204678,2,5,0,0,108666.0,125617.2,626.9,1.0,51378.833333333336,44327.083333333336
2469,внутригородская территория города федерального значения муниципальный округ Косино-Ухтомский,Косино-Ухтомский,Москва,внутригородская территория города федерального значения,55.71620198710437,37.88347639062216,2,5,0,0,89438.0,119476.7,598.6,1.0,50969.416666666664,43926.666666666664
2470,внутригородская территория города федерального значения муниципальный округ Новогиреево,Новогиреево,Москва,внутригородская территория города федерального значения,55.74804843521625,37.804112475964,2,5,0,0,99348.0,139017.1,626.4,1.0,50885.583333333336,43768.833333333336
2471,внутригородская территория города федерального значения муниципальный округ Новокосино,Новокосино,Москва,внутригородская территория города федерального значения,55.740070031428544,37.861842195422206,2,5,0,0,107461.0,115822.7,604.5,1.0,50439.5,43793.333333333336
2472,внутригородская территория города федерального значения муниципальный округ Метрогородок,Метро,Москва,внутригородская территория города федерального значения,55.84287867844898,37.73845888869637,2,5,0,0,40122.0,115041.8,612.5,1.0,45092.416666666664,38646.833333333336
2473,внутригородская территория города федерального значения муниципальный округ Перово,Перово,Москва,внутригородская территория города федерального значения,55.752060180629165,37.76761268279686,2,5,0,0,134308.0,133502.6,633.8,1.0,47981.25,41351.416666666664
2474,внутригородская территория города федерального значения муниципальный округ Северное Измайлово,Северное Измайлово,Москва,внутригородская территория города федерального значения,55.8068486045662,37.80539090964937,2,5,0,0,84957.0,106671.0,615.1,1.0,46956.75,40282.916666666664
2475,внутригородская территория города федерального значения муниципальный округ Соколиная гора,Соколиная гора,Москва,внутригородская территория города федерального значения,55.77279789472219,37.73064817080634,2,5,0,0,92805.0,162116.6,637.5,1.0,49954.0,43562.25
2476,внутригородская территория города федерального значения муниципальный округ Сокольники,Сокольники,Москва,внутригородская территория города федерального значения,55.799880405125606,37.677577889278865,2,5,0,0,60396.0,180898.4,636.4,1.0,58317.666666666664,49762.583333333336
2477,внутригородская территория города федерального значения муниципальный округ Преображенское,Преображенское,Москва,внутригородская территория города федерального значения,55.79731558794931,37.72240904164991,2,5,0,0,87933.0,197587.9,633.8,1.0,51973.0,44836.0
2478,внутригородская территория города федерального значения муниципальный округ Внуково,Внуково,Москва,внутригородская территория города федерального значения,55.60315697438575,37.262938406855255,2,5,0,0,25182.0,158742.3,557.3,1.0,47121.916666666664,41858.166666666664
2479,внутригородская территория города федерального значения муниципальный округ Дорогомилово,Дорогомилово,Москва,внутригородская территория города федерального значения,55.73907939179937,37.53687126051327,2,5,0,0,75669.0,183835.8,641.1,1.0,67307.0,56487.583333333336
2480,внутригородская территория города федерального значения муниципальный округ Крылатское,Крылатское,Москва,внутригородская территория города федерального значения,55.76322327764604,37.4236639336805,2,5,0,0,82363.0,251108.1,608.7,1.0,65373.0,56527.166666666664
2481,внутригородская территория города федерального значения муниципальный округ Кунцево,Кунцево,Москва,внутригородская территория города федерального значения,55.74557791329877,37.17070713506371,2,5,0,0,151447.0,153258.6,604.7,1.0,57168.333333333336,48434.166666666664
2482,внутригородская территория города федерального значения муниципальный округ Можайский,Можайский,Москва,внутригородская территория города федерального значения,55.708019968364816,37.39561915016749,2,5,0,0,145961.0,219334.6,613.5,1.0,53915.0,45705.25
2483,внутригородская территория города федерального значения муниципальный округ Ново-Переделкино,Ново-Переделкино,Москва,внутригородская территория города федерального значения,55.645910963180384,37.357418228544205,2,5,0,0,122058.0,121277.8,578.7,1.0,53246.666666666664,45738.583333333336
2484,внутригородская территория города федерального значения муниципальный округ Очаково-Матвеевское,Очаково-Матвеевское,Москва,внутригородская территория города федерального значения,55.6928922346343,37.44678832896705,2,5,0,0,126535.0,143973.4,611.8,1.0,56833.416666666664,47698.25
2485,внутригородская территория города федерального значения муниципальный округ Проспект Вернадского,Проспект Вернадского,Москва,внутригородская территория города федерального значения,55.676354788656305,37.499055460071425,2,5,0,0,65316.0,317345.3,633.1,1.0,66046.33333333333,56343.583333333336
2486,внутригородская территория города федерального значения муниципальный округ Раменки,Раменки,Москва,внутригородская территория города федерального значения,55.706550361549105,37.51417666737786,2,5,0,0,151931.0,162475.6,634.7,1.0,73507.0,61963.833333333336
2487,внутригородская территория города федерального значения муниципальный округ Солнцево,Солнцево,Москва,внутригородская территория города федерального значения,55.65116072671391,37.3991208677632,2,5,0,0,126309.0,121441.6,592.2,1.0,54586.833333333336,46932.583333333336
2488,внутригородская территория города федерального значения муниципальный округ Тропарево-Никулино,Тропарево-Никулино,Москва,внутригородская территория города федерального значения,55.660378467115386,37.46842342998235,2,5,0,0,128029.0,179236.2,617.7,1.0,65122.083333333336,55634.25
2489,внутригородская территория города федерального значения муниципальный округ Филевский парк,Филевский парк,Москва,внутригородская территория города федерального значения,55.749324596852794,37.4869643301102,2,5,0,0,112388.0,163078.2,626.4,1.0,64845.083333333336,55048.916666666664
2490,внутригородская территория города федерального значения муниципальный округ Фили-Давыдково,Фили-Давыдково,Москва,внутригородская территория города федерального значения,55.72722855310363,37.46923394280839,2,5,0,0,111926.0,163829.5,625.3,1.0,56137.833333333336,48398.166666666664
2491,внутригородская территория города федерального значения муниципальный округ Крюково,Крюково,Москва,внутригородская территория города федерального значения,55.96935788762397,37.17682058993852,2,5,0,0,110660.0,108061.4,510.5,1.0,52451.416666666664,44990.416666666664
2492,внутригородская территория города федерального значения муниципальный округ Матушкино,Матушкино,Москва,внутригородская территория города федерального значения,56.00507729815089,37.20429579744563,2,5,0,0,43049.0,146480.9,515.9,1.0,50489.083333333336,43269.583333333336
2493,внутригородская территория города федерального значения муниципальный округ Силино,Силино,Москва,внутригородская территория города федерального значения,56.00231884378225,37.170341303441674,2,5,0,0,42047.0,161249.9,508.9,1.0,50559.583333333336,43009.5
2494,внутригородская территория города федерального значения муниципальный округ Аэропорт,Аэропорт,Москва,внутригородская территория города федерального значения,55.802723313399845,37.540347538676535,2,5,0,0,81833.0,241012.2,639.2,1.0,63125.916666666664,53478.833333333336
2495,внутригородская территория города федерального значения муниципальный округ Беговой,Беговой,Москва,внутригородская территория города федерального значения,55.78322680477961,37.56625702767618,2,5,0,0,43190.0,192207.0,651.0,1.0,64466.0,53573.25
2496,внутригородская территория города федерального значения муниципальный округ Бескудниковский,Бескудниковский,Москва,внутригородская территория города федерального значения,55.867288710196426,37.552748163096155,2,5,0,0,79896.0,159783.3,621.5,1.0,50824.083333333336,42810.666666666664
2497,внутригородская территория города федерального значения муниципальный округ Войковский,Войковский,Москва,внутригородская территория города федерального значения,55.82733095834657,37.497073226758694,2,5,0,0,72173.0,218129.8,621.3,1.0,58469.416666666664,49960.5
2498,внутригородская территория города федерального значения муниципальный округ Восточное Дегунино,Восточное Дегунино,Москва,внутригородская территория города федерального значения,55.878672890554355,37.560742236857806,2,5,0,0,101167.0,124829.0,607.1,1.0,49667.583333333336,42110.0
2499,внутригородская территория города федерального значения муниципальный округ Головинский,Головинский,Москва,внутригородская территория города федерального значения,55.84949437953087,37.51197087370805,2,5,0,0,106612.0,151028.1,619.4,1.0,51555.666666666664,43631.75
2500,внутригородская территория города федерального значения муниципальный округ Дмитровский,Дмитровский,Москва,внутригородская территория города федерального значения,55.89137594953986,37.52841751408402,2,5,0,0,103496.0,129755.4,603.1,1.0,50491.0,42714.916666666664
2501,внутригородская территория города федерального значения муниципальный округ Западное Дегунино,Западное Дегунино,Москва,внутригородская территория города федерального значения,55.87233702279153,37.519265923354425,2,5,0,0,84743.0,118175.0,614.6,1.0,51179.75,43574.333333333336
2502,внутригородская территория города федерального значения муниципальный округ Коптево,Коптево,Москва,внутригородская территория города федерального значения,55.832341457963054,37.5290003370957,2,5,0,0,103676.0,190203.9,622.4,1.0,51711.583333333336,44425.0
2503,внутригородская территория города федерального значения муниципальный округ Левобережный,Левобережный,Москва,внутригородская территория города федерального значения,55.86563122119728,37.465753768355064,2,5,0,0,55420.0,137148.0,609.0,1.0,59607.0,49802.416666666664
2504,внутригородская территория города федерального значения муниципальный округ Молжаниновский,Молжаниновский,Москва,внутригородская территория города федерального значения,55.93672216725851,37.37696264097214,2,5,0,0,13337.0,140431.6,558.9,1.0,48910.083333333336,40626.0
2505,внутригородская территория города федерального значения муниципальный округ Савеловский,Савеловский,Москва,внутригородская территория города федерального значения,55.799738848579835,37.57083264865994,2,5,0,0,60149.0,215132.7,644.9,1.0,55226.166666666664,47245.0
2506,внутригородская территория города федерального значения муниципальный округ Сокол,Сокол,Москва,внутригородская территория города федерального значения,55.8048927432137,37.505512545824715,2,5,0,0,57677.0,142955.5,633.8,1.0,60500.666666666664,49961.5
2507,внутригородская территория города федерального значения муниципальный округ Тимирязевский,Тимирязевский,Москва,внутригородская территория города федерального значения,55.82584703941288,37.55783095063874,2,5,0,0,82774.0,216063.6,629.3,1.0,52623.666666666664,44749.833333333336
2508,внутригородская территория города федерального значения муниципальный округ Ховрино,Ховрино,Москва,внутригородская территория города федерального значения,55.869145306471694,37.48947324998621,2,5,0,0,96233.0,106351.2,610.4,1.0,57287.25,48631.25
2509,внутригородская территория города федерального значения муниципальный округ Хорошевский,Хорошевский,Москва,внутригородская территория города федерального значения,55.782295369634355,37.52734809544949,2,5,0,0,75533.0,183231.2,631.9,1.0,69756.75,59620.833333333336
2510,внутригородская территория города федерального значения муниципальный округ Алексеевский,Алексеевский,Москва,внутригородская территория города федерального значения,55.81241654064645,37.65022353572259,2,5,0,0,77681.0,150849.0,635.4,1.0,57214.5,48119.666666666664
2511,внутригородская территория города федерального значения муниципальный округ Алтуфьевский,Алтуфьевский,Москва,внутригородская территория города федерального значения,55.87976932530269,37.583389051790846,2,5,0,0,55741.0,129178.4,618.2,1.0,47464.25,40786.583333333336
2512,внутригородская территория города федерального значения муниципальный округ Бабушкинский,Бабушкинский,Москва,внутригородская территория города федерального значения,55.86762785288012,37.665449450825875,2,5,0,0,88627.0,130245.0,618.4,1.0,51217.25,43511.166666666664
2513,внутригородская территория города федерального значения муниципальный округ Бибирево,Бибирево,Москва,внутригородская территория города федерального значения,55.89498500768084,37.60795758457639,2,5,0,0,158797.0,100618.5,600.5,1.0,47296.666666666664,41111.666666666664
2514,внутригородская территория города федерального значения муниципальный округ Бутырский,Бутырский,Москва,внутригородская территория города федерального значения,55.814137098007656,37.589443810551586,2,5,0,0,71703.0,205249.2,637.1,1.0,52105.25,45218.083333333336
2515,внутригородская территория города федерального значения муниципальный округ Лианозово,Лианозово,Москва,внутригородская территория города федерального значения,55.90074186225873,37.56843529207546,2,5,0,0,84105.0,133442.7,600.9,1.0,51634.416666666664,44181.083333333336
2516,внутригородская территория города федерального значения муниципальный округ Лосиноостровский,Лосиноостровский,Москва,внутригородская территория города федерального значения,55.8811720574252,37.69403969462124,2,5,0,0,83136.0,115734.3,605.9,1.0,52761.083333333336,44727.333333333336
2517,внутригородская территория города федерального значения муниципальный округ Марфино,Марфино,Москва,внутригородская территория города федерального значения,55.834235942170665,37.58894432106124,2,5,0,0,36742.0,140528.6,630.5,1.0,57459.333333333336,48121.666666666664
2518,внутригородская территория города федерального значения муниципальный округ Марьина роща,Марьина роща,Москва,внутригородская территория города федерального значения,55.79716974724253,37.61155619751884,2,5,0,0,62191.0,184505.8,649.1,1.0,56554.583333333336,47881.083333333336
2519,внутригородская территория города федерального значения муниципальный округ Останкинский,Останкинский,Москва,внутригородская территория города федерального значения,55.829227750933605,37.61850231530411,2,5,0,0,64840.0,167222.6,635.7,1.0,58176.75,50028.0
2520,внутригородская территория города федерального значения муниципальный округ Отрадное,Отрадное,Москва,внутригородская территория города федерального значения,55.862037202106215,37.60097369308916,2,5,0,0,187737.0,131674.3,620.5,1.0,50353.916666666664,43143.333333333336
2521,внутригородская территория города федерального значения муниципальный округ Ростокино,Ростокино,Москва,внутригородская территория города федерального значения,55.83604734542865,37.65320678602688,2,5,0,0,52115.0,152010.4,631.2,1.0,55606.833333333336,47228.416666666664
2522,внутригородская территория города федерального значения муниципальный округ Свиблово,Свиблово,Москва,внутригородская территория города федерального значения,55.851877421689494,37.64775775686361,2,5,0,0,60013.0,139610.7,628.8,1.0,55933.166666666664,48869.0
2523,внутригородская территория города федерального значения муниципальный округ Северное Медведково,Северное Медведково,Москва,внутригородская территория города федерального значения,55.88824548880293,37.65506362742695,2,5,0,0,129632.0,121827.0,606.8,1.0,50621.416666666664,42974.666666666664
2524,внутригородская территория города федерального значения муниципальный округ Северный,Северный,Москва,внутригородская территория города федерального значения,55.93281068264679,37.547101562052575,2,5,0,0,55740.0,120516.1,580.2,1.0,54816.916666666664,46954.75
2525,внутригородская территория города федерального значения муниципальный округ Южное Медведково,Южное Медведково,Москва,внутригородская территория города федерального значения,55.8749673319977,37.634659687790474,2,5,0,0,88150.0,115802.8,619.8,1.0,52039.916666666664,44354.666666666664
2526,внутригородская территория города федерального значения муниципальный округ Ярославский,Ярославский,Москва,внутригородская территория города федерального значения,55.86085512056663,37.70009903138712,2,5,0,0,98861.0,133247.7,611.8,1.0,48384.333333333336,41519.583333333336
2527,внутригородская территория города федерального значения муниципальный округ Куркино,Куркино,Москва,внутригородская территория города федерального значения,55.8913375065524,37.389384149183115,2,5,0,0,33298.0,125392.2,576.9,1.0,70358.83333333333,61058.25
2528,внутригородская территория города федерального значения муниципальный округ Митино,Митино,Москва,внутригородская территория города федерального значения,55.845374458424,37.365891028739775,2,5,0,0,198194.0,122877.5,586.1,1.0,56886.0,49521.583333333336
2529,внутригородская территория города федерального значения муниципальный округ Покровское-Стрешнево,Покровское-Стрешнево,Москва,внутригородская территория города федерального значения,55.82387496532305,37.44557829011315,2,5,0,0,67364.0,175675.7,609.9,1.0,53580.5,44413.083333333336
2530,внутригородская территория города федерального значения муниципальный округ Северное Тушино,Северное Тушино,Москва,внутригородская территория города федерального значения,55.86171808395705,37.42820998175981,2,5,0,0,172055.0,127789.4,589.1,1.0,50391.666666666664,43155.916666666664
2531,внутригородская территория города федерального значения муниципальный округ Строгино,Строгино,Москва,внутригородская территория города федерального значения,55.79710068012746,37.40433179510442,2,5,0,0,163074.0,137223.0,592.4,1.0,54888.0,47486.75
2532,внутригородская территория города федерального значения муниципальный округ Хорошево-Мневники,Хорошево-Мневники,Москва,внутригородская территория города федерального значения,55.77290885707122,37.464190275511285,2,5,0,0,182497.0,144182.2,625.0,1.0,61813.0,52190.916666666664
2533,внутригородская территория города федерального значения муниципальный округ Щукино,Щукино,Москва,внутригородская территория города федерального значения,55.80066729016727,37.473864135642614,2,5,0,0,110486.0,166965.1,617.0,1.0,61661.5,52567.5
2534,внутригородская территория города федерального значения муниципальный округ Южное Тушино,Южное Тушино,Москва,внутригородская территория города федерального значения,55.84290998407725,37.4295500986987,2,5,0,0,112628.0,153504.9,597.9,1.0,50505.666666666664,43587.166666666664
2535,внутригородская территория города федерального значения муниципальный округ Арбат,Арбат,Москва,внутригородская территория города федерального значения,55.75115496741319,37.590015702138,2,5,0,0,36246.0,247231.3,657.6,1.0,75366.83333333333,64619.333333333336
2536,внутригородская территория города федерального значения муниципальный округ Басманный,Басманный,Москва,внутригородская территория города федерального значения,55.76669496866895,37.67084805655209,2,5,0,0,111289.0,187752.5,653.1,1.0,62881.5,52483.25
2537,внутригородская территория города федерального значения муниципальный округ Замоскворечье,Замоскворечье,Москва,внутригородская территория города федерального значения,55.73360250382286,37.633734772504425,2,5,0,0,55293.0,224018.5,656.4,1.0,61585.583333333336,51818.0
2538,внутригородская территория города федерального значения муниципальное образование Савелки,Савелки,Москва,внутригородская территория города федерального значения,55.98770986180949,37.240632013279416,2,5,0,0,36947.0,138589.8,519.5,1.0,54595.25,46301.083333333336
2539,внутригородская территория города федерального значения муниципальный округ Красносельский,Красносельский,Москва,внутригородская территория города федерального значения,55.77793650843817,37.65456919968744,2,5,0,0,45851.0,246666.7,656.2,1.0,56350.583333333336,47076.166666666664
2540,внутригородская территория города федерального значения муниципальный округ Мещанский,Мещанский,Москва,внутригородская территория города федерального значения,55.78001575560696,37.628778237838546,2,5,0,0,55635.0,191847.6,657.1,1.0,61182.5,51971.0
2541,внутригородская территория города федерального значения муниципальный округ Пресненский,Пресненский,Москва,внутригородская территория города федерального значения,55.76082449482416,37.55942484658481,2,5,0,0,127506.0,257910.1,645.1,1.0,68275.08333333333,57281.083333333336
2542,внутригородская территория города федерального значения муниципальный округ Таганский,Таганский,Москва,внутригородская территория города федерального значения,55.740797342750945,37.66679667228432,2,5,0,0,134759.0,207264.0,652.9,1.0,60466.5,51640.916666666664
2543,внутригородская территория города федерального значения муниципальный округ Тверской,Тверской,Москва,внутригородская территория города федерального значения,55.7702250083444,37.60669477709032,2,5,0,0,75735.0,231223.2,656.4,1.0,66763.83333333333,55731.75
2544,внутригородская территория города федерального значения муниципальный округ Хамовники,Хамовники,Москва,внутригородская территория города федерального значения,55.72913353494803,37.574956934590745,2,5,0,0,105094.0,214306.4,645.1,1.0,74336.16666666667,61886.333333333336
2545,внутригородская территория города федерального значения муниципальный округ Якиманка,Якиманка,Москва,внутригородская территория города федерального значения,55.730673566261146,37.60745808237328,2,5,0,0,27022.0,289698.4,660.0,1.0,72460.83333333333,60101.166666666664
2546,внутригородская территория города федерального значения муниципальный округ Выхино-Жулебино,Выхино-Жулебино,Москва,внутригородская территория города федерального значения,55.69632798922113,37.82452142665792,2,5,0,0,241326.0,136813.5,612.0,1.0,49239.0,42638.0
2547,внутригородская территория города федерального значения муниципальный округ Капотня,Капотня,Москва,внутригородская территория города федерального значения,55.64479202077856,37.80560911889819,2,5,0,0,32161.0,167969.9,600.5,1.0,41539.166666666664,35949.583333333336
2548,внутригородская территория города федерального значения муниципальный округ Кузьминки,Кузьминки,Москва,внутригородская территория города федерального значения,55.69876736788463,37.77380920998836,2,5,0,0,139880.0,115360.6,628.8,1.0,47181.25,39999.0
2549,внутригородская территория города федерального значения муниципальный округ Лефортово,Лефортово,Москва,внутригородская территория города федерального значения,55.75363508577346,37.70489601575428,2,5,0,0,109711.0,161314.5,640.9,1.0,54401.5,46124.916666666664
2550,внутригородская территория города федерального значения муниципальный округ Люблино,Люблино,Москва,внутригородская территория города федерального значения,55.672039714941555,37.77907712760483,2,5,0,0,184071.0,103011.1,615.8,1.0,46932.083333333336,39908.333333333336
2551,внутригородская территория города федерального значения муниципальный округ Марьино,Марьино,Москва,внутригородская территория города федерального значения,55.6525303700436,37.74455985405709,2,5,0,0,272278.0,113051.7,619.6,1.0,50380.666666666664,43440.416666666664
2552,внутригородская территория города федерального значения муниципальный округ Некрасовка,Некрасовка,Москва,внутригородская территория города федерального значения,55.69597853045798,37.93969290030389,2,5,0,0,112860.0,161474.2,580.9,1.0,48263.416666666664,41186.166666666664
2553,внутригородская территория города федерального значения муниципальный округ Нижегородский,Нижегородский,Москва,внутригородская территория города федерального значения,55.7318503881324,37.722528148633955,2,5,0,0,50637.0,234124.8,645.1,1.0,48202.0,39700.583333333336
2554,внутригородская территория города федерального значения муниципальный округ Печатники,Печатники,Москва,внутригородская территория города федерального значения,55.68469616358855,37.705302805255755,2,5,0,0,89544.0,153895.3,634.5,1.0,45986.75,38983.416666666664
2555,внутригородская территория города федерального значения муниципальный округ Рязанский,Рязанский,Москва,внутригородская территория города федерального значения,55.72053084399725,37.770268209991805,2,5,0,0,108657.0,120679.8,635.9,1.0,52942.75,44372.833333333336
2556,внутригородская территория города федерального значения муниципальный округ Текстильщики,Текстильщики,Москва,внутригородская территория города федерального значения,55.70723385176324,37.7381497874513,2,5,0,0,101550.0,156975.9,638.3,1.0,47794.666666666664,41111.25
2557,внутригородская территория города федерального значения муниципальный округ Южнопортовый,Южнопортовый,Москва,внутригородская территория города федерального значения,55.71471301875038,37.676827908253,2,5,0,0,73112.0,172426.0,650.8,1.0,54351.75,45591.583333333336
2558,внутригородская территория города федерального значения муниципальный округ Академический,Академический,Москва,внутригородская территория города федерального значения,55.68868764847077,37.577737875777395,2,5,0,0,114228.0,341422.7,647.9,1.0,63293.916666666664,53039.416666666664
2559,внутригородская территория города федерального значения муниципальный округ Гагаринский,Гагаринский,Москва,внутригородская территория города федерального значения,55.6983690256507,37.558655130516165,2,5,0,0,80493.0,204188.1,649.4,1.0,68210.91666666667,57874.0
2560,внутригородская территория города федерального значения муниципальный округ Зюзино,Зюзино,Москва,внутригородская территория города федерального значения,55.65416533186882,37.58986858747379,2,5,0,0,123288.0,126194.2,633.1,1.0,52594.75,45806.75
2561,внутригородская территория города федерального значения муниципальный округ Коньково,Коньково,Москва,внутригородская территория города федерального значения,55.64204991295124,37.530241271800605,2,5,0,0,152544.0,164088.8,623.4,1.0,53267.0,45774.25
2562,внутригородская территория города федерального значения муниципальный округ Котловка,Котловка,Москва,внутригородская территория города федерального значения,55.67618306778714,37.5972512262487,2,5,0,0,65708.0,159641.6,649.8,1.0,51693.75,43687.583333333336
2563,внутригородская территория города федерального значения муниципальный округ Ломоносовский,Ломоносовский,Москва,внутригородская территория города федерального значения,55.678776966704035,37.53327918279739,2,5,0,0,87044.0,164648.3,640.9,1.0,66842.66666666667,56883.5
2564,внутригородская территория города федерального значения муниципальный округ Обручевский,Обручевский,Москва,внутригородская территория города федерального значения,55.659086843744376,37.51879675239423,2,5,0,0,87258.0,164188.7,633.3,1.0,63471.416666666664,53527.25
2565,внутригородская территория города федерального значения муниципальный округ Северное Бутово,Северное Бутово,Москва,внутригородская территория города федерального значения,55.56899606864026,37.57015228057536,2,5,0,0,97516.0,140130.2,590.3,1.0,55965.083333333336,48011.25
2566,внутригородская территория города федерального значения муниципальный округ Теплый Стан,Теплый Стан,Москва,внутригородская территория города федерального значения,55.631408881217865,37.48979228552847,2,5,0,0,131899.0,121234.8,604.0,1.0,54403.583333333336,47247.25
2567,внутригородская территория города федерального значения муниципальный округ Черемушки,Черемушки,Москва,внутригородская территория города федерального значения,55.66466339125838,37.56136990821062,2,5,0,0,107951.0,235335.8,640.1,1.0,59612.5,51247.5
2568,внутригородская территория города федерального значения муниципальный округ Южное Бутово,Южное Бутово,Москва,внутригородская территория города федерального значения,55.53003097059756,37.54772328330622,2,5,0,0,211116.0,116897.0,564.1,1.0,53408.833333333336,45961.583333333336
2569,внутригородская территория города федерального значения муниципальный округ Ясенево,Ясенево,Москва,внутригородская территория города федерального значения,55.6128532463872,37.54673800530146,2,5,0,0,176505.0,148214.9,606.6,1.0,51923.5,44504.666666666664
2570,внутригородская территория города федерального значения муниципальный округ Бирюлево Восточное,Бирюлево Восточное,Москва,внутригородская территория города федерального значения,55.59459885242697,37.67879199488797,2,5,0,0,156160.0,122129.0,604.5,1.0,48292.166666666664,41114.75
2571,внутригородская территория города федерального значения муниципальный округ Бирюлево Западное,Бирюлево Западное,Москва,внутригородская территория города федерального значения,55.58692930107645,37.637555353433555,2,5,0,0,85308.0,126319.5,604.0,1.0,43730.5,37433.0
2572,внутригородская территория города федерального значения муниципальный округ Братеево,Братеево,Москва,внутригородская территория города федерального значения,55.63337546765484,37.76503958718993,2,5,0,0,101271.0,108766.1,613.7,1.0,48464.25,41936.583333333336
2573,внутригородская территория города федерального значения муниципальный округ Даниловский,Даниловский,Москва,внутригородская территория города федерального значения,55.70648187642472,37.64281981426732,2,5,0,0,104272.0,209472.4,645.3,1.0,56772.666666666664,48230.333333333336
2574,внутригородская территория города федерального значения муниципальный округ Донской,Донской,Москва,внутригородская территория города федерального значения,55.70376508111684,37.60662036018538,2,5,0,0,51291.0,190541.9,649.4,1.0,56484.916666666664,47723.166666666664
2575,внутригородская территория города федерального значения муниципальный округ Зябликово,Зябликово,Москва,внутригородская территория города федерального значения,55.62051138563971,37.74595324858281,2,5,0,0,133658.0,167071.2,614.4,1.0,49249.666666666664,42084.833333333336
2576,внутригородская территория города федерального значения муниципальный округ Москворечье-Сабурово,Москворечье-Сабурово,Москва,внутригородская территория города федерального значения,55.6430939846689,37.66985090498049,2,5,0,0,86969.0,138021.5,636.1,1.0,52681.583333333336,44182.333333333336
2577,внутригородская территория города федерального значения муниципальный округ Нагатино-Садовники,Нагатино-Садовники,Москва,внутригородская территория города федерального значения,55.672052237405616,37.64220312494736,2,5,0,0,83390.0,159567.9,637.3,1.0,54720.333333333336,45995.0
2578,внутригородская территория города федерального значения муниципальный округ Нагатинский затон,Нагатинский затон,Москва,внутригородская территория города федерального значения,55.67968582632844,37.68075798577596,2,5,0,0,120779.0,130753.7,614.6,1.0,53756.25,45669.75
2579,внутригородская территория города федерального значения муниципальный округ Нагорный,Нагорный,Москва,внутригородская территория города федерального значения,55.66475398499499,37.61554347445132,2,5,0,0,77073.0,219575.6,645.1,1.0,52695.666666666664,44925.416666666664
2580,внутригородская территория города федерального значения муниципальный округ Орехово-Борисово Северное,Орехово-Борисово Северное,Москва,внутригородская территория города федерального значения,55.61985572984248,37.70270250050429,2,5,0,0,124886.0,118742.5,613.0,1.0,50937.25,43627.666666666664
2581,внутригородская территория города федерального значения муниципальный округ Орехово-Борисово Южное,Орехово-Борисово Южное,Москва,внутригородская территория города федерального значения,55.60443032657645,37.7335606956828,2,5,0,0,146959.0,122290.3,604.3,1.0,51490.5,43750.75
2582,внутригородская территория города федерального значения муниципальный округ Царицыно,Царицыно,Москва,внутригородская территория города федерального значения,55.62741984225743,37.65280797844673,2,5,0,0,119021.0,125095.9,623.1,1.0,47326.083333333336,40550.583333333336
2583,внутригородская территория города федерального значения муниципальный округ Чертаново Северное,Чертаново Северное,Москва,внутригородская территория города федерального значения,55.63219325746832,37.60478754595878,2,5,0,0,109640.0,164137.5,628.1,1.0,53686.0,46306.916666666664
2584,внутригородская территория города федерального значения муниципальный округ Чертаново Центральное,Чертаново Центральное,Москва,внутригородская территория города федерального значения,55.61386678601983,37.603880924773904,2,5,0,0,111983.0,125365.5,616.5,1.0,49769.416666666664,43056.583333333336
2585,внутригородская территория города федерального значения муниципальный округ Чертаново Южное,Чертаново Южное,Москва,внутригородская территория города федерального значения,55.59172344946152,37.60030580871483,2,5,0,0,156092.0,152138.1,603.1,1.0,51788.75,44187.583333333336
2586,внутригородская территория города федерального значения муниципальный округ Старое Крюково,Старое Крюково,Москва,внутригородская территория города федерального значения,55.9808989890741,37.1991146417823,2,5,0,0,37824.0,160068.6,515.5,1.0,49793.5,43177.333333333336
2587,внутригородская территория города федерального значения городской округ Троицк,Троицк,Москва,внутригородская территория города федерального значения,55.47866333881079,37.29373510377746,2,5,0,0,71615.0,125638.0,524.0,1.0,51559.5,44983.25
2588,внутригородская территория города федерального значения городской округ Щербинка,Щербинка,Москва,внутригородская территория города федерального значения,55.50391813244581,37.55150034282691,2,5,0,0,62771.0,141844.7,560.1,1.0,45476.083333333336,39201.083333333336
2589,внутригородская территория города федерального значения поселение Внуковское,Внуковское,Москва,внутригородская территория города федерального значения,55.632704354176006,37.28578611526337,2,5,0,0,64390.0,135886.0,562.9,1.0,63307.083333333336,54716.666666666664
2590,внутригородская территория города федерального значения поселение Воскресенское,Воскресенское,Москва,внутригородская территория города федерального значения,55.51837398044598,37.46174258949278,2,5,0,0,19919.0,110214.4,554.9,1.0,52989.666666666664,45425.583333333336
2591,внутригородская территория города федерального значения поселение Вороновское,Вороновское,Москва,внутригородская территория города федерального значения,55.32210128927209,37.13341882551848,0,5,3,1,14565.0,119990.0,481.7,1.0,44948.25,37316.666666666664
2592,внутригородская территория города федерального значения поселение Десеновское,Десеновское,Москва,внутригородская территория города федерального значения,55.497811026981346,37.37667480987362,2,5,0,0,47195.0,111816.1,537.4,1.0,52420.0,45353.0
2593,внутригородская территория города федерального значения поселение Киевский,Киевский,Москва,внутригородская территория города федерального значения,55.38787927964771,36.90043199329187,2,5,0,2,12040.0,109628.8,469.7,1.0,33977.833333333336,27293.916666666668
2595,внутригородская территория города федерального значения поселение Кокошкино,Кокошкино,Москва,внутригородская территория города федерального значения,55.60019601885917,37.16795396589495,2,5,2,2,21756.0,185658.9,525.4,1.0,37799.5,30337.666666666668
2596,внутригородская территория города федерального значения поселение Краснопахорское,Краснопахорское,Москва,внутригородская территория города федерального значения,55.42430228260712,37.26543866123314,2,5,6,0,13029.0,121098.4,512.2,1.0,43579.166666666664,36792.583333333336
2597,внутригородская территория города федерального значения поселение Марушкинское,Марушкинское,Москва,внутригородская территория города федерального значения,55.57615309146416,37.18781244860575,2,5,0,0,16230.0,116707.6,530.1,1.0,45471.583333333336,38201.583333333336
2598,внутригородская территория города федерального значения поселение Михайлово-Ярцевское,Михайлово-Ярцевское,Москва,внутригородская территория города федерального значения,55.400685470091176,37.14163359213124,0,4,0,2,9107.0,107179.7,493.3,1.0,37898.416666666664,32552.0
2599,внутригородская территория города федерального значения поселение Московский,Московский,Москва,внутригородская территория города федерального значения,55.61384498715646,37.38094832463501,2,5,0,0,114244.0,240641.4,582.3,1.0,58522.916666666664,50497.25
2600,"внутригородская территория города федерального значения поселение Мосрентген""""",Мосрентген,Москва,внутригородская территория города федерального значения,55.61879314813122,37.46580737163247,2,5,0,0,21590.0,134899.1,587.0,1.0,46168.833333333336,40464.583333333336
2601,внутригородская территория города федерального значения поселение Новофедоровское,Новофедоровское,Москва,внутригородская территория города федерального значения,55.44389992734575,36.94721090268632,0,5,4,2,23187.0,104248.9,472.0,1.0,38334.166666666664,35426.166666666664
2602,внутригородская территория города федерального значения поселение Первомайское,Первомайское,Москва,внутригородская территория города федерального значения,55.506838390326074,37.20715383771088,2,5,0,0,27069.0,90102.0,514.0,1.0,55380.666666666664,46502.833333333336
2604,внутригородская территория города федерального значения поселение Рязановское,Рязановское,Москва,внутригородская территория города федерального значения,55.4795821948034,37.50343362451347,2,5,0,0,33033.0,175654.3,544.3,1.0,49270.416666666664,42092.666666666664
2605,внутригородская территория города федерального значения поселение Сосенское,Сосенское,Москва,внутригородская территория города федерального значения,55.573218341388305,37.462393615560686,2,5,0,0,122303.0,161868.4,579.7,1.0,60469.25,52375.25
2606,внутригородская территория города федерального значения поселение Филимонковское,Филимонковское,Москва,внутригородская территория города федерального значения,55.565440391102726,37.3207777532131,2,5,0,0,17811.0,105347.3,539.6,1.0,47571.75,39381.0
2607,внутригородская территория города федерального значения поселение Щаповское,Щаповское,Москва,внутригородская территория города федерального значения,55.38980926366654,37.381790854488806,0,1,0,1,13360.0,100707.3,508.4,1.0,40012.25,32559.583333333332
2618,Мантуровский муниципальный округ,Мантуровский,Костромская область,муниципальный округ,58.29485499350253,44.690155749732625,3,1,0,0,15147.0,50475.0,335.1,0.8302634184987127,24920.333333333332,21956.833333333332
2619,городской округ город Переславль-Залесский,Переславль-Залесский,Ярославская область,городской округ,56.81795097240733,38.72399023790689,0,4,0,0,54039.0,65925.5,416.3,0.6714409963174744,34102.416666666664,28990.5
2620,городской округ Соликамский,Соликамский,Пермский край,городской округ,59.81078392551281,56.7093152879703,0,4,0,0,99951.0,72739.3,285.0,0.8822723134335825,35834.666666666664,30851.25
2621,городской округ город Березники,Березники,Пермский край,городской округ,59.38758184228324,56.324114418860646,0,4,0,0,147365.0,89172.5,288.1,0.9536524955043599,36461.25,31791.083333333332
2644,городской округ Серпухов,Серпухов,Московская область,городской округ,54.91545474671765,37.50364245965919,0,4,0,0,181687.0,95253.0,445.8,0.7361891604792858,42788.666666666664,36390.166666666664
2646,городской округ город Обнинск,Обнинск,Калужская область,городской округ,55.10463463403939,36.60114830233597,0,4,0,0,132477.0,93271.9,439.4,1.0,42663.583333333336,36710.25
2647,Боровский муниципальный район,Боровский,Калужская область,муниципальный район,55.18412064906064,36.424891350259465,0,4,0,0,82139.0,98046.0,438.0,0.664057268776099,34416.083333333336,29483.666666666668
2648,городской округ Лосино-Петровский,Лосино-Петровский,Московская область,городской округ,55.912967226572015,38.175681268549,0,4,0,0,72040.0,78580.1,511.2,0.77005830094392,42989.083333333336,35978.583333333336
2649,городской округ Щёлково,Щёлково,Московская область,городской округ,56.02420415661558,38.21573639613607,0,4,0,0,218279.0,99529.8,534.6,0.8206194824055452,45312.916666666664,38995.083333333336
2651,городской округ Одинцовский,Одинцовский,Московская область,городской округ,55.665796198667394,36.855734476508424,2,5,0,0,482184.0,127207.5,549.7,0.6747237569060773,51339.166666666664,43968.416666666664
2652,городской округ Орехово-Зуевский,Орехово-Зуевский,Московская область,городской округ,55.66791609254306,39.04937092219396,0,4,0,0,240323.0,84913.1,449.8,0.7105811761670752,40536.333333333336,34770.5
2710,городской округ Вышневолоцкий,Вышневолоцкий,Тверская область,городской округ,57.54637880340938,34.50297755714385,0,4,0,0,63833.0,42874.9,354.4,0.7489073049989817,30410.333333333332,25634.583333333332
2808,городской округ Коломна,Коломна,Московская область,городской округ,55.042045410328825,38.69693608227606,0,4,0,0,213701.0,88235.0,439.2,0.7303335033528153,42487.75,36486.083333333336
2809,муниципальный округ Кунгурский,Кунгурский,Пермский край,муниципальный округ,57.47881974889148,56.612250247215755,0,1,0,0,103245.0,57065.1,310.0,0.5969102619981597,29083.666666666668,24794.666666666668
2813,городской округ Шатура,Шатура,Московская область,городской округ,55.471839730912194,39.78816545744897,0,4,0,0,101188.0,72601.9,420.8,0.6500573190496897,38577.416666666664,32512.75
2814,городской округ Пушкинский,Пушкинский,Московская область,городской округ,56.11267790683766,37.97625797446673,2,4,0,4,300898.0,88257.1,521.8,0.9150343305704923,46396.75,39993.583333333336
2872,муниципальный округ Приуральский район,Приуральский,Ямало-Ненецкий автономный округ,муниципальный округ,67.13073800010793,67.53944081400105,1,2,0,4,10095.0,129786.2,203.1,0.0,42632.583333333336,39662.75
2876,городской округ город-курорт Кисловодск,Кисловодск,Ставропольский край,городской округ,43.882534230435546,42.751870333105494,0,4,0,0,133451.0,63656.5,302.2,0.947336475560318,36653.916666666664,30102.333333333332
2879,городской округ город Губкинский,Губкинский,Ямало-Ненецкий автономный округ,городской округ,64.42919268398403,76.41398609826443,1,3,3,0,34958.0,157226.9,205.0,1.0,50104.166666666664,44257.666666666664
2880,городской округ город Лабытнанги,Лабытнанги,Ямало-Ненецкий автономный округ,городской округ,66.69140519494164,66.33656700879452,0,4,4,0,31295.0,124659.2,205.4,1.0,50344.666666666664,45314.25
2881,Предгорный муниципальный округ,Предгорный,Ставропольский край,муниципальный округ,44.0551848332665,42.78618822589589,3,1,0,0,109591.0,54992.4,310.0,0.0,29497.083333333332,24547.25
2882,муниципальный округ Пуровский район,Пуровский,Ямало-Ненецкий автономный округ,муниципальный округ,64.85610336445144,77.36990884292472,1,3,0,0,36676.0,176767.4,200.9,0.7620242120187588,43911.583333333336,40189.416666666664
2883,муниципальный округ Кимрский,Кимрский,Тверская область,муниципальный округ,57.02787711508696,37.14180064054109,0,1,0,0,51679.0,48260.2,404.5,0.7950618239517019,34361.5,28463.666666666668
2884,муниципальный округ Ржевский,Ржевский,Тверская область,муниципальный округ,56.35305892672184,34.15757112774977,0,1,0,0,63768.0,51322.1,367.9,0.8360306109647472,30593.583333333332,25442.416666666668
2885,муниципальный округ Кудымкарский,Кудымкарский,Пермский край,муниципальный округ,59.04103126045404,54.53991470322384,3,1,0,0,50562.0,51081.4,297.3,0.5723468217238242,25843.833333333332,22522.5
2886,муниципальный округ Губахинский,Губахинский,Пермский край,муниципальный округ,58.821305337322464,57.81548144012615,0,1,0,2,43671.0,69339.0,290.7,0.9248471525726455,28130.166666666668,24670.583333333332
2887,городской округ город Саратов,Саратов,Саратовская область,городской округ,51.50526625469066,45.823924628358306,0,4,0,0,937364.0,68749.6,343.3,0.9557727841052142,33753.5,28827.0
3005,городской округ город Арзамас,Арзамас,Нижегородская область,городской округ,55.466042486688536,43.72676929207624,0,4,0,0,144670.0,69530.0,372.6,0.7696343402225755,32353.5,27289.5
3007,Прокопьевский муниципальный округ,Прокопьевский,Кемеровская область,муниципальный округ,54.0312317629562,86.67727617540086,1,3,3,0,43200.0,90215.6,321.4,0.26002314814814814,28343.833333333332,24993.416666666668
3009,городской округ город Тамбов,Тамбов,Тамбовская область,городской округ,52.6897405536642,41.4256502908372,0,4,0,0,288947.0,60551.3,410.2,0.8869031344848709,33490.583333333336,28230.916666666668
3011,городской округ Златоустовский,Златоустовский,Челябинская область,городской округ,55.04033476976752,59.52965551343381,0,4,0,0,160367.0,58394.4,307.9,0.9889628165395624,31493.5,25589.75
3012,Кусинский муниципальный район,Кусинский,Челябинская область,муниципальный район,55.41128327143098,59.58085619517491,3,0,0,3,24970.0,47588.8,307.7,0.8254305166199439,22824.666666666668,19785.0
3013,городской округ Солнечногорск,Солнечногорск,Московская область,городской округ,56.14279734323833,37.025174229319575,2,4,2,0,135509.0,102601.2,465.6,0.5698883468994679,46168.083333333336,39066.083333333336
